id,subject,topic_candidates,pdf,page_start,page_end,status
111-1-11-01,基礎醫學（包括解剖學、生理學與病理學）,骨骼肌肉解剖與病理,sources/111_1/11_Q.pdf,1,1,keyword_candidates_require_tutor_review
111-1-11-02,基礎醫學（包括解剖學、生理學與病理學）,,sources/111_1/11_Q.pdf,1,1,keyword_candidates_require_tutor_review
111-1-11-03,基礎醫學（包括解剖學、生理學與病理學）,MRI原理與技術;骨骼肌肉解剖與病理,sources/111_1/11_Q.pdf,1,1,keyword_candidates_require_tutor_review
111-1-11-04,基礎醫學（包括解剖學、生理學與病理學）,放射藥物與核種製備;骨骼肌肉解剖與病理,sources/111_1/11_Q.pdf,1,1,keyword_candidates_require_tutor_review
111-1-11-05,基礎醫學（包括解剖學、生理學與病理學）,骨骼肌肉解剖與病理,sources/111_1/11_Q.pdf,1,1,keyword_candidates_require_tutor_review
111-1-11-06,基礎醫學（包括解剖學、生理學與病理學）,骨骼肌肉解剖與病理,sources/111_1/11_Q.pdf,1,1,keyword_candidates_require_tutor_review
111-1-11-07,基礎醫學（包括解剖學、生理學與病理學）,放射藥物與核種製備;骨骼肌肉解剖與病理,sources/111_1/11_Q.pdf,2,2,keyword_candidates_require_tutor_review
111-1-11-08,基礎醫學（包括解剖學、生理學與病理學）,骨骼肌肉解剖與病理,sources/111_1/11_Q.pdf,2,2,keyword_candidates_require_tutor_review
111-1-11-09,基礎醫學（包括解剖學、生理學與病理學）,骨骼肌肉解剖與病理,sources/111_1/11_Q.pdf,2,2,keyword_candidates_require_tutor_review
111-1-11-10,基礎醫學（包括解剖學、生理學與病理學）,,sources/111_1/11_Q.pdf,2,2,keyword_candidates_require_tutor_review
111-1-11-11,基礎醫學（包括解剖學、生理學與病理學）,骨骼肌肉解剖與病理;神經系統,sources/111_1/11_Q.pdf,2,2,keyword_candidates_require_tutor_review
111-1-11-12,基礎醫學（包括解剖學、生理學與病理學）,骨骼肌肉解剖與病理,sources/111_1/11_Q.pdf,2,2,keyword_candidates_require_tutor_review
111-1-11-13,基礎醫學（包括解剖學、生理學與病理學）,神經系統,sources/111_1/11_Q.pdf,2,2,keyword_candidates_require_tutor_review
111-1-11-14,基礎醫學（包括解剖學、生理學與病理學）,神經系統,sources/111_1/11_Q.pdf,2,3,keyword_candidates_require_tutor_review
111-1-11-15,基礎醫學（包括解剖學、生理學與病理學）,神經系統,sources/111_1/11_Q.pdf,3,3,keyword_candidates_require_tutor_review
111-1-11-16,基礎醫學（包括解剖學、生理學與病理學）,MRI原理與技術;神經系統,sources/111_1/11_Q.pdf,3,3,keyword_candidates_require_tutor_review
111-1-11-17,基礎醫學（包括解剖學、生理學與病理學）,神經系統,sources/111_1/11_Q.pdf,3,3,keyword_candidates_require_tutor_review
111-1-11-18,基礎醫學（包括解剖學、生理學與病理學）,骨骼肌肉解剖與病理;神經系統,sources/111_1/11_Q.pdf,3,3,keyword_candidates_require_tutor_review
111-1-11-19,基礎醫學（包括解剖學、生理學與病理學）,MRI原理與技術;神經系統,sources/111_1/11_Q.pdf,3,3,keyword_candidates_require_tutor_review
111-1-11-20,基礎醫學（包括解剖學、生理學與病理學）,,sources/111_1/11_Q.pdf,3,3,keyword_candidates_require_tutor_review
111-1-11-21,基礎醫學（包括解剖學、生理學與病理學）,MRI原理與技術,sources/111_1/11_Q.pdf,3,4,keyword_candidates_require_tutor_review
111-1-11-22,基礎醫學（包括解剖學、生理學與病理學）,消化系統;內分泌與代謝,sources/111_1/11_Q.pdf,4,4,keyword_candidates_require_tutor_review
111-1-11-23,基礎醫學（包括解剖學、生理學與病理學）,,sources/111_1/11_Q.pdf,4,4,keyword_candidates_require_tutor_review
111-1-11-24,基礎醫學（包括解剖學、生理學與病理學）,,sources/111_1/11_Q.pdf,4,4,keyword_candidates_require_tutor_review
111-1-11-25,基礎醫學（包括解剖學、生理學與病理學）,心血管系統,sources/111_1/11_Q.pdf,4,4,keyword_candidates_require_tutor_review
111-1-11-26,基礎醫學（包括解剖學、生理學與病理學）,心血管系統,sources/111_1/11_Q.pdf,4,4,keyword_candidates_require_tutor_review
111-1-11-27,基礎醫學（包括解剖學、生理學與病理學）,神經系統,sources/111_1/11_Q.pdf,4,4,keyword_candidates_require_tutor_review
111-1-11-28,基礎醫學（包括解剖學、生理學與病理學）,,sources/111_1/11_Q.pdf,4,4,keyword_candidates_require_tutor_review
111-1-11-29,基礎醫學（包括解剖學、生理學與病理學）,心血管系統;消化系統,sources/111_1/11_Q.pdf,5,5,keyword_candidates_require_tutor_review
111-1-11-30,基礎醫學（包括解剖學、生理學與病理學）,MRI原理與技術;骨骼肌肉解剖與病理,sources/111_1/11_Q.pdf,5,5,keyword_candidates_require_tutor_review
111-1-11-31,基礎醫學（包括解剖學、生理學與病理學）,神經系統,sources/111_1/11_Q.pdf,5,5,keyword_candidates_require_tutor_review
111-1-11-32,基礎醫學（包括解剖學、生理學與病理學）,,sources/111_1/11_Q.pdf,5,6,keyword_candidates_require_tutor_review
111-1-11-33,基礎醫學（包括解剖學、生理學與病理學）,泌尿與生殖系統,sources/111_1/11_Q.pdf,6,6,keyword_candidates_require_tutor_review
111-1-11-34,基礎醫學（包括解剖學、生理學與病理學）,神經系統;泌尿與生殖系統,sources/111_1/11_Q.pdf,6,6,keyword_candidates_require_tutor_review
111-1-11-35,基礎醫學（包括解剖學、生理學與病理學）,泌尿與生殖系統,sources/111_1/11_Q.pdf,6,6,keyword_candidates_require_tutor_review
111-1-11-36,基礎醫學（包括解剖學、生理學與病理學）,消化系統;內分泌與代謝,sources/111_1/11_Q.pdf,6,6,keyword_candidates_require_tutor_review
111-1-11-37,基礎醫學（包括解剖學、生理學與病理學）,消化系統,sources/111_1/11_Q.pdf,6,6,keyword_candidates_require_tutor_review
111-1-11-38,基礎醫學（包括解剖學、生理學與病理學）,神經系統,sources/111_1/11_Q.pdf,6,6,keyword_candidates_require_tutor_review
111-1-11-39,基礎醫學（包括解剖學、生理學與病理學）,攝影擺位與投照;神經系統,sources/111_1/11_Q.pdf,6,7,keyword_candidates_require_tutor_review
111-1-11-40,基礎醫學（包括解剖學、生理學與病理學）,內分泌與代謝,sources/111_1/11_Q.pdf,7,7,keyword_candidates_require_tutor_review
111-1-11-41,基礎醫學（包括解剖學、生理學與病理學）,骨骼肌肉解剖與病理,sources/111_1/11_Q.pdf,7,7,keyword_candidates_require_tutor_review
111-1-11-42,基礎醫學（包括解剖學、生理學與病理學）,攝影擺位與投照;心血管系統,sources/111_1/11_Q.pdf,7,7,keyword_candidates_require_tutor_review
111-1-11-43,基礎醫學（包括解剖學、生理學與病理學）,骨骼肌肉解剖與病理;內分泌與代謝,sources/111_1/11_Q.pdf,7,7,keyword_candidates_require_tutor_review
111-1-11-44,基礎醫學（包括解剖學、生理學與病理學）,,sources/111_1/11_Q.pdf,7,7,keyword_candidates_require_tutor_review
111-1-11-45,基礎醫學（包括解剖學、生理學與病理學）,,sources/111_1/11_Q.pdf,7,7,keyword_candidates_require_tutor_review
111-1-11-46,基礎醫學（包括解剖學、生理學與病理學）,心血管系統,sources/111_1/11_Q.pdf,7,7,keyword_candidates_require_tutor_review
111-1-11-47,基礎醫學（包括解剖學、生理學與病理學）,呼吸系統;內分泌與代謝,sources/111_1/11_Q.pdf,7,8,keyword_candidates_require_tutor_review
111-1-11-48,基礎醫學（包括解剖學、生理學與病理學）,呼吸系統,sources/111_1/11_Q.pdf,8,8,keyword_candidates_require_tutor_review
111-1-11-49,基礎醫學（包括解剖學、生理學與病理學）,,sources/111_1/11_Q.pdf,8,8,keyword_candidates_require_tutor_review
111-1-11-50,基礎醫學（包括解剖學、生理學與病理學）,心血管系統;泌尿與生殖系統,sources/111_1/11_Q.pdf,8,8,keyword_candidates_require_tutor_review
111-1-11-51,基礎醫學（包括解剖學、生理學與病理學）,泌尿與生殖系統,sources/111_1/11_Q.pdf,8,8,keyword_candidates_require_tutor_review
111-1-11-52,基礎醫學（包括解剖學、生理學與病理學）,心血管系統;泌尿與生殖系統;內分泌與代謝,sources/111_1/11_Q.pdf,8,8,keyword_candidates_require_tutor_review
111-1-11-53,基礎醫學（包括解剖學、生理學與病理學）,消化系統,sources/111_1/11_Q.pdf,8,8,keyword_candidates_require_tutor_review
111-1-11-54,基礎醫學（包括解剖學、生理學與病理學）,神經系統;消化系統,sources/111_1/11_Q.pdf,8,9,keyword_candidates_require_tutor_review
111-1-11-55,基礎醫學（包括解剖學、生理學與病理學）,消化系統;內分泌與代謝,sources/111_1/11_Q.pdf,9,9,keyword_candidates_require_tutor_review
111-1-11-56,基礎醫學（包括解剖學、生理學與病理學）,內分泌與代謝,sources/111_1/11_Q.pdf,9,9,keyword_candidates_require_tutor_review
111-1-11-57,基礎醫學（包括解剖學、生理學與病理學）,心血管系統;內分泌與代謝,sources/111_1/11_Q.pdf,9,9,keyword_candidates_require_tutor_review
111-1-11-58,基礎醫學（包括解剖學、生理學與病理學）,血液免疫與一般病理,sources/111_1/11_Q.pdf,9,9,keyword_candidates_require_tutor_review
111-1-11-59,基礎醫學（包括解剖學、生理學與病理學）,癌症與臨床放療,sources/111_1/11_Q.pdf,9,9,keyword_candidates_require_tutor_review
111-1-11-60,基礎醫學（包括解剖學、生理學與病理學）,血液免疫與一般病理,sources/111_1/11_Q.pdf,9,9,keyword_candidates_require_tutor_review
111-1-11-61,基礎醫學（包括解剖學、生理學與病理學）,癌症與臨床放療;心血管系統;血液免疫與一般病理,sources/111_1/11_Q.pdf,9,10,keyword_candidates_require_tutor_review
111-1-11-62,基礎醫學（包括解剖學、生理學與病理學）,MRI原理與技術;血液免疫與一般病理,sources/111_1/11_Q.pdf,10,10,keyword_candidates_require_tutor_review
111-1-11-63,基礎醫學（包括解剖學、生理學與病理學）,內分泌與代謝;血液免疫與一般病理,sources/111_1/11_Q.pdf,10,10,keyword_candidates_require_tutor_review
111-1-11-64,基礎醫學（包括解剖學、生理學與病理學）,內分泌與代謝,sources/111_1/11_Q.pdf,10,10,keyword_candidates_require_tutor_review
111-1-11-65,基礎醫學（包括解剖學、生理學與病理學）,骨骼肌肉解剖與病理;神經系統,sources/111_1/11_Q.pdf,10,10,keyword_candidates_require_tutor_review
111-1-11-66,基礎醫學（包括解剖學、生理學與病理學）,神經系統;血液免疫與一般病理,sources/111_1/11_Q.pdf,10,10,keyword_candidates_require_tutor_review
111-1-11-67,基礎醫學（包括解剖學、生理學與病理學）,,sources/111_1/11_Q.pdf,10,10,keyword_candidates_require_tutor_review
111-1-11-68,基礎醫學（包括解剖學、生理學與病理學）,癌症與臨床放療,sources/111_1/11_Q.pdf,10,11,keyword_candidates_require_tutor_review
111-1-11-69,基礎醫學（包括解剖學、生理學與病理學）,癌症與臨床放療,sources/111_1/11_Q.pdf,11,11,keyword_candidates_require_tutor_review
111-1-11-70,基礎醫學（包括解剖學、生理學與病理學）,血液免疫與一般病理,sources/111_1/11_Q.pdf,11,11,keyword_candidates_require_tutor_review
111-1-11-71,基礎醫學（包括解剖學、生理學與病理學）,心血管系統,sources/111_1/11_Q.pdf,11,11,keyword_candidates_require_tutor_review
111-1-11-72,基礎醫學（包括解剖學、生理學與病理學）,呼吸系統,sources/111_1/11_Q.pdf,11,11,keyword_candidates_require_tutor_review
111-1-11-73,基礎醫學（包括解剖學、生理學與病理學）,MRI原理與技術;骨骼肌肉解剖與病理,sources/111_1/11_Q.pdf,11,11,keyword_candidates_require_tutor_review
111-1-11-74,基礎醫學（包括解剖學、生理學與病理學）,消化系統,sources/111_1/11_Q.pdf,11,11,keyword_candidates_require_tutor_review
111-1-11-75,基礎醫學（包括解剖學、生理學與病理學）,MRI原理與技術;放射藥物與核種製備,sources/111_1/11_Q.pdf,11,12,keyword_candidates_require_tutor_review
111-1-11-76,基礎醫學（包括解剖學、生理學與病理學）,消化系統;內分泌與代謝,sources/111_1/11_Q.pdf,12,12,keyword_candidates_require_tutor_review
111-1-11-77,基礎醫學（包括解剖學、生理學與病理學）,,sources/111_1/11_Q.pdf,12,12,keyword_candidates_require_tutor_review
111-1-11-78,基礎醫學（包括解剖學、生理學與病理學）,骨骼肌肉解剖與病理;血液免疫與一般病理,sources/111_1/11_Q.pdf,12,12,keyword_candidates_require_tutor_review
111-1-11-79,基礎醫學（包括解剖學、生理學與病理學）,癌症與臨床放療,sources/111_1/11_Q.pdf,12,12,keyword_candidates_require_tutor_review
111-1-11-80,基礎醫學（包括解剖學、生理學與病理學）,癌症與臨床放療;泌尿與生殖系統,sources/111_1/11_Q.pdf,12,12,keyword_candidates_require_tutor_review
111-1-22-01,醫學物理學與輻射安全,核衰變與核種平衡;半衰期與活度,sources/111_1/22_Q.pdf,1,1,keyword_candidates_require_tutor_review
111-1-22-02,醫學物理學與輻射安全,核衰變與核種平衡;半衰期與活度,sources/111_1/22_Q.pdf,1,1,keyword_candidates_require_tutor_review
111-1-22-03,醫學物理學與輻射安全,半衰期與活度,sources/111_1/22_Q.pdf,1,1,keyword_candidates_require_tutor_review
111-1-22-04,醫學物理學與輻射安全,,sources/111_1/22_Q.pdf,1,1,keyword_candidates_require_tutor_review
111-1-22-05,醫學物理學與輻射安全,核衰變與核種平衡;X光產生與能譜,sources/111_1/22_Q.pdf,1,1,keyword_candidates_require_tutor_review
111-1-22-06,醫學物理學與輻射安全,偵檢器與計數統計;核醫PET,sources/111_1/22_Q.pdf,1,2,keyword_candidates_require_tutor_review
111-1-22-07,醫學物理學與輻射安全,,sources/111_1/22_Q.pdf,2,2,keyword_candidates_require_tutor_review
111-1-22-08,醫學物理學與輻射安全,核衰變與核種平衡;偵檢器與計數統計;核醫PET,sources/111_1/22_Q.pdf,2,2,keyword_candidates_require_tutor_review
111-1-22-09,醫學物理學與輻射安全,核衰變與核種平衡,sources/111_1/22_Q.pdf,2,2,keyword_candidates_require_tutor_review
111-1-22-10,醫學物理學與輻射安全,偵檢器與計數統計;影像品質與數位影像,sources/111_1/22_Q.pdf,2,2,keyword_candidates_require_tutor_review
111-1-22-11,醫學物理學與輻射安全,超音波原理與技術;影像品質與數位影像;放射藥物與核種製備,sources/111_1/22_Q.pdf,2,2,keyword_candidates_require_tutor_review
111-1-22-12,醫學物理學與輻射安全,超音波原理與技術;影像品質與數位影像,sources/111_1/22_Q.pdf,2,2,keyword_candidates_require_tutor_review
111-1-22-13,醫學物理學與輻射安全,超音波原理與技術,sources/111_1/22_Q.pdf,2,3,keyword_candidates_require_tutor_review
111-1-22-14,醫學物理學與輻射安全,MRI原理與技術;超音波原理與技術,sources/111_1/22_Q.pdf,3,3,keyword_candidates_require_tutor_review
111-1-22-15,醫學物理學與輻射安全,MRI原理與技術;影像品質與數位影像,sources/111_1/22_Q.pdf,3,3,keyword_candidates_require_tutor_review
111-1-22-16,醫學物理學與輻射安全,MRI原理與技術;骨骼肌肉解剖與病理,sources/111_1/22_Q.pdf,3,3,keyword_candidates_require_tutor_review
111-1-22-17,醫學物理學與輻射安全,衰減與屏蔽,sources/111_1/22_Q.pdf,3,3,keyword_candidates_require_tutor_review
111-1-22-18,醫學物理學與輻射安全,MRI原理與技術;影像品質與數位影像,sources/111_1/22_Q.pdf,3,3,keyword_candidates_require_tutor_review
111-1-22-19,醫學物理學與輻射安全,MRI原理與技術,sources/111_1/22_Q.pdf,3,3,keyword_candidates_require_tutor_review
111-1-22-20,醫學物理學與輻射安全,,sources/111_1/22_Q.pdf,3,4,keyword_candidates_require_tutor_review
111-1-22-21,醫學物理學與輻射安全,核衰變與核種平衡,sources/111_1/22_Q.pdf,4,4,keyword_candidates_require_tutor_review
111-1-22-22,醫學物理學與輻射安全,放射治療計畫與劑量,sources/111_1/22_Q.pdf,4,4,keyword_candidates_require_tutor_review
111-1-22-23,醫學物理學與輻射安全,光子與物質交互作用,sources/111_1/22_Q.pdf,4,4,keyword_candidates_require_tutor_review
111-1-22-24,醫學物理學與輻射安全,X光產生與能譜,sources/111_1/22_Q.pdf,4,4,keyword_candidates_require_tutor_review
111-1-22-25,醫學物理學與輻射安全,X光產生與能譜,sources/111_1/22_Q.pdf,4,4,keyword_candidates_require_tutor_review
111-1-22-26,醫學物理學與輻射安全,MRI原理與技術,sources/111_1/22_Q.pdf,4,4,keyword_candidates_require_tutor_review
111-1-22-27,醫學物理學與輻射安全,輻射量與劑量學;偵檢器與計數統計,sources/111_1/22_Q.pdf,4,5,keyword_candidates_require_tutor_review
111-1-22-28,醫學物理學與輻射安全,輻射量與劑量學,sources/111_1/22_Q.pdf,5,5,keyword_candidates_require_tutor_review
111-1-22-29,醫學物理學與輻射安全,輻射量與劑量學;偵檢器與計數統計,sources/111_1/22_Q.pdf,5,5,keyword_candidates_require_tutor_review
111-1-22-30,醫學物理學與輻射安全,輻射量與劑量學,sources/111_1/22_Q.pdf,5,5,keyword_candidates_require_tutor_review
111-1-22-31,醫學物理學與輻射安全,底片與影像接受器;對比劑與特殊攝影,sources/111_1/22_Q.pdf,5,5,keyword_candidates_require_tutor_review
111-1-22-32,醫學物理學與輻射安全,偵檢器與計數統計;CT原理與技術;放射藥物與核種製備,sources/111_1/22_Q.pdf,5,5,keyword_candidates_require_tutor_review
111-1-22-33,醫學物理學與輻射安全,底片與影像接受器,sources/111_1/22_Q.pdf,5,5,keyword_candidates_require_tutor_review
111-1-22-34,醫學物理學與輻射安全,,sources/111_1/22_Q.pdf,5,6,keyword_candidates_require_tutor_review
111-1-22-35,醫學物理學與輻射安全,MRI原理與技術;神經系統,sources/111_1/22_Q.pdf,6,6,keyword_candidates_require_tutor_review
111-1-22-36,醫學物理學與輻射安全,放射治療計畫與劑量;癌症與臨床放療,sources/111_1/22_Q.pdf,6,6,keyword_candidates_require_tutor_review
111-1-22-37,醫學物理學與輻射安全,衰減與屏蔽;放射治療計畫與劑量,sources/111_1/22_Q.pdf,6,6,keyword_candidates_require_tutor_review
111-1-22-38,醫學物理學與輻射安全,放射治療計畫與劑量,sources/111_1/22_Q.pdf,6,6,keyword_candidates_require_tutor_review
111-1-22-39,醫學物理學與輻射安全,衰減與屏蔽;放射治療計畫與劑量,sources/111_1/22_Q.pdf,6,6,keyword_candidates_require_tutor_review
111-1-22-40,醫學物理學與輻射安全,放射治療計畫與劑量,sources/111_1/22_Q.pdf,6,7,keyword_candidates_require_tutor_review
111-1-22-41,醫學物理學與輻射安全,輻射量與劑量學;輻射防護與法規;骨骼肌肉解剖與病理;呼吸系統;內分泌與代謝,sources/111_1/22_Q.pdf,7,7,keyword_candidates_require_tutor_review
111-1-22-42,醫學物理學與輻射安全,輻射防護與法規,sources/111_1/22_Q.pdf,7,7,keyword_candidates_require_tutor_review
111-1-22-43,醫學物理學與輻射安全,輻射量與劑量學;輻射防護與法規,sources/111_1/22_Q.pdf,7,7,keyword_candidates_require_tutor_review
111-1-22-44,醫學物理學與輻射安全,輻射量與劑量學;輻射防護與法規,sources/111_1/22_Q.pdf,7,7,keyword_candidates_require_tutor_review
111-1-22-45,醫學物理學與輻射安全,消化系統,sources/111_1/22_Q.pdf,7,7,keyword_candidates_require_tutor_review
111-1-22-46,醫學物理學與輻射安全,輻射量與劑量學;輻射防護與法規;MRI原理與技術,sources/111_1/22_Q.pdf,7,7,keyword_candidates_require_tutor_review
111-1-22-47,醫學物理學與輻射安全,衰減與屏蔽,sources/111_1/22_Q.pdf,7,8,keyword_candidates_require_tutor_review
111-1-22-48,醫學物理學與輻射安全,輻射量與劑量學,sources/111_1/22_Q.pdf,8,8,keyword_candidates_require_tutor_review
111-1-22-49,醫學物理學與輻射安全,偵檢器與計數統計,sources/111_1/22_Q.pdf,8,8,keyword_candidates_require_tutor_review
111-1-22-50,醫學物理學與輻射安全,偵檢器與計數統計;放射藥物與核種製備,sources/111_1/22_Q.pdf,8,8,keyword_candidates_require_tutor_review
111-1-22-51,醫學物理學與輻射安全,,sources/111_1/22_Q.pdf,8,8,keyword_candidates_require_tutor_review
111-1-22-52,醫學物理學與輻射安全,輻射量與劑量學;偵檢器與計數統計,sources/111_1/22_Q.pdf,8,8,keyword_candidates_require_tutor_review
111-1-22-53,醫學物理學與輻射安全,偵檢器與計數統計;放射生物學,sources/111_1/22_Q.pdf,8,8,keyword_candidates_require_tutor_review
111-1-22-54,醫學物理學與輻射安全,輻射量與劑量學;放射生物學,sources/111_1/22_Q.pdf,8,9,keyword_candidates_require_tutor_review
111-1-22-55,醫學物理學與輻射安全,偵檢器與計數統計,sources/111_1/22_Q.pdf,9,9,keyword_candidates_require_tutor_review
111-1-22-56,醫學物理學與輻射安全,輻射量與劑量學;偵檢器與計數統計,sources/111_1/22_Q.pdf,9,9,keyword_candidates_require_tutor_review
111-1-22-57,醫學物理學與輻射安全,衰減與屏蔽;放射治療計畫與劑量,sources/111_1/22_Q.pdf,9,9,keyword_candidates_require_tutor_review
111-1-22-58,醫學物理學與輻射安全,衰減與屏蔽;輻射量與劑量學,sources/111_1/22_Q.pdf,9,9,keyword_candidates_require_tutor_review
111-1-22-59,醫學物理學與輻射安全,衰減與屏蔽;X光產生與能譜;輻射防護與法規,sources/111_1/22_Q.pdf,9,9,keyword_candidates_require_tutor_review
111-1-22-60,醫學物理學與輻射安全,衰減與屏蔽,sources/111_1/22_Q.pdf,9,9,keyword_candidates_require_tutor_review
111-1-22-61,醫學物理學與輻射安全,衰減與屏蔽,sources/111_1/22_Q.pdf,9,10,keyword_candidates_require_tutor_review
111-1-22-62,醫學物理學與輻射安全,衰減與屏蔽,sources/111_1/22_Q.pdf,10,10,keyword_candidates_require_tutor_review
111-1-22-63,醫學物理學與輻射安全,放射生物學,sources/111_1/22_Q.pdf,10,10,keyword_candidates_require_tutor_review
111-1-22-64,醫學物理學與輻射安全,放射生物學,sources/111_1/22_Q.pdf,10,10,keyword_candidates_require_tutor_review
111-1-22-65,醫學物理學與輻射安全,輻射量與劑量學,sources/111_1/22_Q.pdf,10,10,keyword_candidates_require_tutor_review
111-1-22-66,醫學物理學與輻射安全,放射生物學,sources/111_1/22_Q.pdf,10,10,keyword_candidates_require_tutor_review
111-1-22-67,醫學物理學與輻射安全,輻射量與劑量學;神經系統;消化系統,sources/111_1/22_Q.pdf,10,10,keyword_candidates_require_tutor_review
111-1-22-68,醫學物理學與輻射安全,放射生物學,sources/111_1/22_Q.pdf,10,11,keyword_candidates_require_tutor_review
111-1-22-69,醫學物理學與輻射安全,,sources/111_1/22_Q.pdf,11,11,keyword_candidates_require_tutor_review
111-1-22-70,醫學物理學與輻射安全,輻射量與劑量學;輻射防護與法規;放療設備與品保,sources/111_1/22_Q.pdf,11,11,keyword_candidates_require_tutor_review
111-1-22-71,醫學物理學與輻射安全,放療設備與品保,sources/111_1/22_Q.pdf,11,11,keyword_candidates_require_tutor_review
111-1-22-72,醫學物理學與輻射安全,半衰期與活度,sources/111_1/22_Q.pdf,11,11,keyword_candidates_require_tutor_review
111-1-22-73,醫學物理學與輻射安全,核衰變與核種平衡;衰減與屏蔽;CT原理與技術;MRI原理與技術;放射藥物與核種製備;神經系統,sources/111_1/22_Q.pdf,11,11,keyword_candidates_require_tutor_review
111-1-22-74,醫學物理學與輻射安全,偵檢器與計數統計,sources/111_1/22_Q.pdf,11,11,keyword_candidates_require_tutor_review
111-1-22-75,醫學物理學與輻射安全,輻射防護與法規,sources/111_1/22_Q.pdf,11,12,keyword_candidates_require_tutor_review
111-1-22-76,醫學物理學與輻射安全,輻射防護與法規,sources/111_1/22_Q.pdf,12,12,keyword_candidates_require_tutor_review
111-1-22-77,醫學物理學與輻射安全,輻射量與劑量學;CT原理與技術;影像品質與數位影像;放療設備與品保;神經系統,sources/111_1/22_Q.pdf,12,12,keyword_candidates_require_tutor_review
111-1-22-78,醫學物理學與輻射安全,輻射防護與法規,sources/111_1/22_Q.pdf,12,12,keyword_candidates_require_tutor_review
111-1-22-79,醫學物理學與輻射安全,輻射防護與法規;放療設備與品保,sources/111_1/22_Q.pdf,12,12,keyword_candidates_require_tutor_review
111-1-22-80,醫學物理學與輻射安全,輻射防護與法規,sources/111_1/22_Q.pdf,12,12,keyword_candidates_require_tutor_review
111-1-33-01,放射線器材學（包括磁振學與超音波學）,X光產生與能譜,sources/111_1/33_Q.pdf,1,1,keyword_candidates_require_tutor_review
111-1-33-02,放射線器材學（包括磁振學與超音波學）,,sources/111_1/33_Q.pdf,1,1,keyword_candidates_require_tutor_review
111-1-33-03,放射線器材學（包括磁振學與超音波學）,偵檢器與計數統計;MRI原理與技術;神經系統,sources/111_1/33_Q.pdf,1,1,keyword_candidates_require_tutor_review
111-1-33-04,放射線器材學（包括磁振學與超音波學）,影像品質與數位影像;底片與影像接受器,sources/111_1/33_Q.pdf,1,1,keyword_candidates_require_tutor_review
111-1-33-05,放射線器材學（包括磁振學與超音波學）,對比劑與特殊攝影,sources/111_1/33_Q.pdf,1,1,keyword_candidates_require_tutor_review
111-1-33-06,放射線器材學（包括磁振學與超音波學）,,sources/111_1/33_Q.pdf,1,2,keyword_candidates_require_tutor_review
111-1-33-07,放射線器材學（包括磁振學與超音波學）,X光產生與能譜;輻射量與劑量學;放射藥物與核種製備;放射治療計畫與劑量;對比劑與特殊攝影,sources/111_1/33_Q.pdf,2,2,keyword_candidates_require_tutor_review
111-1-33-08,放射線器材學（包括磁振學與超音波學）,放射藥物與核種製備;放射治療計畫與劑量,sources/111_1/33_Q.pdf,2,2,keyword_candidates_require_tutor_review
111-1-33-09,放射線器材學（包括磁振學與超音波學）,影像品質與數位影像,sources/111_1/33_Q.pdf,2,2,keyword_candidates_require_tutor_review
111-1-33-10,放射線器材學（包括磁振學與超音波學）,MRI原理與技術,sources/111_1/33_Q.pdf,2,2,keyword_candidates_require_tutor_review
111-1-33-11,放射線器材學（包括磁振學與超音波學）,影像品質與數位影像;對比劑與特殊攝影,sources/111_1/33_Q.pdf,2,2,keyword_candidates_require_tutor_review
111-1-33-12,放射線器材學（包括磁振學與超音波學）,癌症與臨床放療;呼吸系統,sources/111_1/33_Q.pdf,2,2,keyword_candidates_require_tutor_review
111-1-33-13,放射線器材學（包括磁振學與超音波學）,衰減與屏蔽,sources/111_1/33_Q.pdf,2,3,keyword_candidates_require_tutor_review
111-1-33-14,放射線器材學（包括磁振學與超音波學）,X光產生與能譜;CT原理與技術;放射治療計畫與劑量;神經系統,sources/111_1/33_Q.pdf,3,3,keyword_candidates_require_tutor_review
111-1-33-15,放射線器材學（包括磁振學與超音波學）,MRI原理與技術;影像品質與數位影像;底片與影像接受器,sources/111_1/33_Q.pdf,3,3,keyword_candidates_require_tutor_review
111-1-33-16,放射線器材學（包括磁振學與超音波學）,光子與物質交互作用,sources/111_1/33_Q.pdf,3,3,keyword_candidates_require_tutor_review
111-1-33-17,放射線器材學（包括磁振學與超音波學）,影像品質與數位影像,sources/111_1/33_Q.pdf,3,3,keyword_candidates_require_tutor_review
111-1-33-18,放射線器材學（包括磁振學與超音波學）,X光產生與能譜;對比劑與特殊攝影,sources/111_1/33_Q.pdf,3,3,keyword_candidates_require_tutor_review
111-1-33-19,放射線器材學（包括磁振學與超音波學）,衰減與屏蔽;CT原理與技術;骨骼肌肉解剖與病理;神經系統,sources/111_1/33_Q.pdf,3,4,keyword_candidates_require_tutor_review
111-1-33-20,放射線器材學（包括磁振學與超音波學）,偵檢器與計數統計;CT原理與技術;放射藥物與核種製備,sources/111_1/33_Q.pdf,4,4,keyword_candidates_require_tutor_review
111-1-33-21,放射線器材學（包括磁振學與超音波學）,X光產生與能譜;輻射量與劑量學;對比劑與特殊攝影,sources/111_1/33_Q.pdf,4,4,keyword_candidates_require_tutor_review
111-1-33-22,放射線器材學（包括磁振學與超音波學）,CT原理與技術;影像品質與數位影像,sources/111_1/33_Q.pdf,4,4,keyword_candidates_require_tutor_review
111-1-33-23,放射線器材學（包括磁振學與超音波學）,,sources/111_1/33_Q.pdf,4,4,keyword_candidates_require_tutor_review
111-1-33-24,放射線器材學（包括磁振學與超音波學）,超音波原理與技術;放射藥物與核種製備,sources/111_1/33_Q.pdf,4,4,keyword_candidates_require_tutor_review
111-1-33-25,放射線器材學（包括磁振學與超音波學）,超音波原理與技術;影像品質與數位影像,sources/111_1/33_Q.pdf,4,4,keyword_candidates_require_tutor_review
111-1-33-26,放射線器材學（包括磁振學與超音波學）,超音波原理與技術,sources/111_1/33_Q.pdf,4,5,keyword_candidates_require_tutor_review
111-1-33-27,放射線器材學（包括磁振學與超音波學）,超音波原理與技術;影像品質與數位影像,sources/111_1/33_Q.pdf,5,5,keyword_candidates_require_tutor_review
111-1-33-28,放射線器材學（包括磁振學與超音波學）,超音波原理與技術,sources/111_1/33_Q.pdf,5,5,keyword_candidates_require_tutor_review
111-1-33-29,放射線器材學（包括磁振學與超音波學）,超音波原理與技術,sources/111_1/33_Q.pdf,5,5,keyword_candidates_require_tutor_review
111-1-33-30,放射線器材學（包括磁振學與超音波學）,超音波原理與技術,sources/111_1/33_Q.pdf,5,5,keyword_candidates_require_tutor_review
111-1-33-31,放射線器材學（包括磁振學與超音波學）,超音波原理與技術;放射藥物與核種製備,sources/111_1/33_Q.pdf,5,5,keyword_candidates_require_tutor_review
111-1-33-32,放射線器材學（包括磁振學與超音波學）,超音波原理與技術,sources/111_1/33_Q.pdf,5,6,keyword_candidates_require_tutor_review
111-1-33-33,放射線器材學（包括磁振學與超音波學）,MRI原理與技術;影像品質與數位影像,sources/111_1/33_Q.pdf,6,6,keyword_candidates_require_tutor_review
111-1-33-34,放射線器材學（包括磁振學與超音波學）,MRI原理與技術;神經系統,sources/111_1/33_Q.pdf,6,6,keyword_candidates_require_tutor_review
111-1-33-35,放射線器材學（包括磁振學與超音波學）,MRI原理與技術,sources/111_1/33_Q.pdf,6,6,keyword_candidates_require_tutor_review
111-1-33-36,放射線器材學（包括磁振學與超音波學）,MRI原理與技術,sources/111_1/33_Q.pdf,6,6,keyword_candidates_require_tutor_review
111-1-33-37,放射線器材學（包括磁振學與超音波學）,MRI原理與技術,sources/111_1/33_Q.pdf,6,6,keyword_candidates_require_tutor_review
111-1-33-38,放射線器材學（包括磁振學與超音波學）,衰減與屏蔽;MRI原理與技術;影像品質與數位影像,sources/111_1/33_Q.pdf,6,6,keyword_candidates_require_tutor_review
111-1-33-39,放射線器材學（包括磁振學與超音波學）,MRI原理與技術,sources/111_1/33_Q.pdf,6,7,keyword_candidates_require_tutor_review
111-1-33-40,放射線器材學（包括磁振學與超音波學）,MRI原理與技術;影像品質與數位影像,sources/111_1/33_Q.pdf,7,7,keyword_candidates_require_tutor_review
111-1-33-41,放射線器材學（包括磁振學與超音波學）,衰減與屏蔽;MRI原理與技術,sources/111_1/33_Q.pdf,7,7,keyword_candidates_require_tutor_review
111-1-33-42,放射線器材學（包括磁振學與超音波學）,MRI原理與技術,sources/111_1/33_Q.pdf,7,7,keyword_candidates_require_tutor_review
111-1-33-43,放射線器材學（包括磁振學與超音波學）,,sources/111_1/33_Q.pdf,7,7,keyword_candidates_require_tutor_review
111-1-33-44,放射線器材學（包括磁振學與超音波學）,MRI原理與技術,sources/111_1/33_Q.pdf,7,7,keyword_candidates_require_tutor_review
111-1-33-45,放射線器材學（包括磁振學與超音波學）,MRI原理與技術,sources/111_1/33_Q.pdf,7,7,keyword_candidates_require_tutor_review
111-1-33-46,放射線器材學（包括磁振學與超音波學）,MRI原理與技術,sources/111_1/33_Q.pdf,7,8,keyword_candidates_require_tutor_review
111-1-33-47,放射線器材學（包括磁振學與超音波學）,MRI原理與技術,sources/111_1/33_Q.pdf,8,8,keyword_candidates_require_tutor_review
111-1-33-48,放射線器材學（包括磁振學與超音波學）,輻射量與劑量學;放療設備與品保,sources/111_1/33_Q.pdf,8,8,keyword_candidates_require_tutor_review
111-1-33-49,放射線器材學（包括磁振學與超音波學）,放射治療計畫與劑量,sources/111_1/33_Q.pdf,8,8,keyword_candidates_require_tutor_review
111-1-33-50,放射線器材學（包括磁振學與超音波學）,放療設備與品保,sources/111_1/33_Q.pdf,8,8,keyword_candidates_require_tutor_review
111-1-33-51,放射線器材學（包括磁振學與超音波學）,輻射量與劑量學;CT原理與技術;放射治療計畫與劑量;放療設備與品保;神經系統,sources/111_1/33_Q.pdf,8,8,keyword_candidates_require_tutor_review
111-1-33-52,放射線器材學（包括磁振學與超音波學）,輻射量與劑量學,sources/111_1/33_Q.pdf,8,8,keyword_candidates_require_tutor_review
111-1-33-53,放射線器材學（包括磁振學與超音波學）,X光產生與能譜;輻射量與劑量學,sources/111_1/33_Q.pdf,8,9,keyword_candidates_require_tutor_review
111-1-33-54,放射線器材學（包括磁振學與超音波學）,,sources/111_1/33_Q.pdf,9,9,keyword_candidates_require_tutor_review
111-1-33-55,放射線器材學（包括磁振學與超音波學）,衰減與屏蔽;輻射量與劑量學;底片與影像接受器,sources/111_1/33_Q.pdf,9,9,keyword_candidates_require_tutor_review
111-1-33-56,放射線器材學（包括磁振學與超音波學）,放射藥物與核種製備,sources/111_1/33_Q.pdf,9,9,keyword_candidates_require_tutor_review
111-1-33-57,放射線器材學（包括磁振學與超音波學）,放療設備與品保,sources/111_1/33_Q.pdf,9,9,keyword_candidates_require_tutor_review
111-1-33-58,放射線器材學（包括磁振學與超音波學）,放射治療計畫與劑量;放療設備與品保;對比劑與特殊攝影,sources/111_1/33_Q.pdf,9,9,keyword_candidates_require_tutor_review
111-1-33-59,放射線器材學（包括磁振學與超音波學）,CT原理與技術;神經系統,sources/111_1/33_Q.pdf,9,9,keyword_candidates_require_tutor_review
111-1-33-60,放射線器材學（包括磁振學與超音波學）,,sources/111_1/33_Q.pdf,9,10,keyword_candidates_require_tutor_review
111-1-33-61,放射線器材學（包括磁振學與超音波學）,X光產生與能譜;放療設備與品保,sources/111_1/33_Q.pdf,10,10,keyword_candidates_require_tutor_review
111-1-33-62,放射線器材學（包括磁振學與超音波學）,近接與特殊放療,sources/111_1/33_Q.pdf,10,10,keyword_candidates_require_tutor_review
111-1-33-63,放射線器材學（包括磁振學與超音波學）,輻射量與劑量學;底片與影像接受器;放射治療計畫與劑量,sources/111_1/33_Q.pdf,10,10,keyword_candidates_require_tutor_review
111-1-33-64,放射線器材學（包括磁振學與超音波學）,X光產生與能譜;放射治療計畫與劑量,sources/111_1/33_Q.pdf,10,10,keyword_candidates_require_tutor_review
111-1-33-65,放射線器材學（包括磁振學與超音波學）,放射治療計畫與劑量;放療設備與品保,sources/111_1/33_Q.pdf,10,10,keyword_candidates_require_tutor_review
111-1-33-66,放射線器材學（包括磁振學與超音波學）,半衰期與活度;輻射量與劑量學;攝影擺位與投照,sources/111_1/33_Q.pdf,10,10,keyword_candidates_require_tutor_review
111-1-33-67,放射線器材學（包括磁振學與超音波學）,核醫PET;核醫SPECT與加馬攝影機,sources/111_1/33_Q.pdf,10,11,keyword_candidates_require_tutor_review
111-1-33-68,放射線器材學（包括磁振學與超音波學）,半衰期與活度,sources/111_1/33_Q.pdf,11,11,keyword_candidates_require_tutor_review
111-1-33-69,放射線器材學（包括磁振學與超音波學）,偵檢器與計數統計,sources/111_1/33_Q.pdf,11,11,keyword_candidates_require_tutor_review
111-1-33-70,放射線器材學（包括磁振學與超音波學）,衰減與屏蔽;CT原理與技術;影像品質與數位影像;核醫SPECT與加馬攝影機;呼吸系統,sources/111_1/33_Q.pdf,11,11,keyword_candidates_require_tutor_review
111-1-33-71,放射線器材學（包括磁振學與超音波學）,,sources/111_1/33_Q.pdf,11,11,keyword_candidates_require_tutor_review
111-1-33-72,放射線器材學（包括磁振學與超音波學）,核醫SPECT與加馬攝影機,sources/111_1/33_Q.pdf,11,12,keyword_candidates_require_tutor_review
111-1-33-73,放射線器材學（包括磁振學與超音波學）,影像品質與數位影像;核醫PET,sources/111_1/33_Q.pdf,12,12,keyword_candidates_require_tutor_review
111-1-33-74,放射線器材學（包括磁振學與超音波學）,衰減與屏蔽;核醫PET;放療設備與品保,sources/111_1/33_Q.pdf,12,12,keyword_candidates_require_tutor_review
111-1-33-75,放射線器材學（包括磁振學與超音波學）,核衰變與核種平衡;CT原理與技術;核醫PET;核醫SPECT與加馬攝影機;神經系統,sources/111_1/33_Q.pdf,12,13,keyword_candidates_require_tutor_review
111-1-33-76,放射線器材學（包括磁振學與超音波學）,偵檢器與計數統計;MRI原理與技術;核醫PET,sources/111_1/33_Q.pdf,13,13,keyword_candidates_require_tutor_review
111-1-33-77,放射線器材學（包括磁振學與超音波學）,衰減與屏蔽;偵檢器與計數統計,sources/111_1/33_Q.pdf,13,13,keyword_candidates_require_tutor_review
111-1-33-78,放射線器材學（包括磁振學與超音波學）,核衰變與核種平衡;半衰期與活度;核醫PET;癌症與臨床放療,sources/111_1/33_Q.pdf,13,13,keyword_candidates_require_tutor_review
111-1-33-79,放射線器材學（包括磁振學與超音波學）,核醫SPECT與加馬攝影機;神經系統,sources/111_1/33_Q.pdf,13,13,keyword_candidates_require_tutor_review
111-1-33-80,放射線器材學（包括磁振學與超音波學）,CT原理與技術;影像品質與數位影像;神經系統,sources/111_1/33_Q.pdf,13,14,keyword_candidates_require_tutor_review
111-1-44-01,放射線診斷原理與技術學,攝影擺位與投照,sources/111_1/44_Q.pdf,1,1,keyword_candidates_require_tutor_review
111-1-44-02,放射線診斷原理與技術學,攝影擺位與投照;骨骼肌肉解剖與病理;心血管系統,sources/111_1/44_Q.pdf,1,1,keyword_candidates_require_tutor_review
111-1-44-03,放射線診斷原理與技術學,底片與影像接受器;攝影擺位與投照;神經系統,sources/111_1/44_Q.pdf,1,1,keyword_candidates_require_tutor_review
111-1-44-04,放射線診斷原理與技術學,衰減與屏蔽;輻射量與劑量學;MRI原理與技術,sources/111_1/44_Q.pdf,1,1,keyword_candidates_require_tutor_review
111-1-44-05,放射線診斷原理與技術學,,sources/111_1/44_Q.pdf,1,1,keyword_candidates_require_tutor_review
111-1-44-06,放射線診斷原理與技術學,MRI原理與技術;底片與影像接受器;神經系統,sources/111_1/44_Q.pdf,1,2,keyword_candidates_require_tutor_review
111-1-44-07,放射線診斷原理與技術學,底片與影像接受器,sources/111_1/44_Q.pdf,2,2,keyword_candidates_require_tutor_review
111-1-44-08,放射線診斷原理與技術學,,sources/111_1/44_Q.pdf,2,2,keyword_candidates_require_tutor_review
111-1-44-09,放射線診斷原理與技術學,放射藥物與核種製備,sources/111_1/44_Q.pdf,2,2,keyword_candidates_require_tutor_review
111-1-44-10,放射線診斷原理與技術學,X光產生與能譜,sources/111_1/44_Q.pdf,2,2,keyword_candidates_require_tutor_review
111-1-44-11,放射線診斷原理與技術學,MRI原理與技術;對比劑與特殊攝影;神經系統,sources/111_1/44_Q.pdf,2,2,keyword_candidates_require_tutor_review
111-1-44-12,放射線診斷原理與技術學,骨骼肌肉解剖與病理,sources/111_1/44_Q.pdf,2,2,keyword_candidates_require_tutor_review
111-1-44-13,放射線診斷原理與技術學,底片與影像接受器;對比劑與特殊攝影,sources/111_1/44_Q.pdf,2,3,keyword_candidates_require_tutor_review
111-1-44-14,放射線診斷原理與技術學,神經系統;血液免疫與一般病理,sources/111_1/44_Q.pdf,3,3,keyword_candidates_require_tutor_review
111-1-44-15,放射線診斷原理與技術學,X光產生與能譜;對比劑與特殊攝影,sources/111_1/44_Q.pdf,3,3,keyword_candidates_require_tutor_review
111-1-44-16,放射線診斷原理與技術學,對比劑與特殊攝影;神經系統,sources/111_1/44_Q.pdf,3,3,keyword_candidates_require_tutor_review
111-1-44-17,放射線診斷原理與技術學,對比劑與特殊攝影;泌尿與生殖系統,sources/111_1/44_Q.pdf,3,3,keyword_candidates_require_tutor_review
111-1-44-18,放射線診斷原理與技術學,攝影擺位與投照,sources/111_1/44_Q.pdf,3,3,keyword_candidates_require_tutor_review
111-1-44-19,放射線診斷原理與技術學,攝影擺位與投照;對比劑與特殊攝影;消化系統,sources/111_1/44_Q.pdf,3,4,keyword_candidates_require_tutor_review
111-1-44-20,放射線診斷原理與技術學,對比劑與特殊攝影,sources/111_1/44_Q.pdf,4,4,keyword_candidates_require_tutor_review
111-1-44-21,放射線診斷原理與技術學,泌尿與生殖系統,sources/111_1/44_Q.pdf,4,4,keyword_candidates_require_tutor_review
111-1-44-22,放射線診斷原理與技術學,對比劑與特殊攝影,sources/111_1/44_Q.pdf,4,4,keyword_candidates_require_tutor_review
111-1-44-23,放射線診斷原理與技術學,心血管系統,sources/111_1/44_Q.pdf,4,4,keyword_candidates_require_tutor_review
111-1-44-24,放射線診斷原理與技術學,癌症與臨床放療;泌尿與生殖系統,sources/111_1/44_Q.pdf,4,4,keyword_candidates_require_tutor_review
111-1-44-25,放射線診斷原理與技術學,放射藥物與核種製備;核醫器官檢查;對比劑與特殊攝影;消化系統,sources/111_1/44_Q.pdf,4,4,keyword_candidates_require_tutor_review
111-1-44-26,放射線診斷原理與技術學,對比劑與特殊攝影;消化系統;血液免疫與一般病理,sources/111_1/44_Q.pdf,4,5,keyword_candidates_require_tutor_review
111-1-44-27,放射線診斷原理與技術學,CT原理與技術;影像品質與數位影像,sources/111_1/44_Q.pdf,5,5,keyword_candidates_require_tutor_review
111-1-44-28,放射線診斷原理與技術學,CT原理與技術;影像品質與數位影像,sources/111_1/44_Q.pdf,5,5,keyword_candidates_require_tutor_review
111-1-44-29,放射線診斷原理與技術學,CT原理與技術;影像品質與數位影像,sources/111_1/44_Q.pdf,5,5,keyword_candidates_require_tutor_review
111-1-44-30,放射線診斷原理與技術學,CT原理與技術;MRI原理與技術,sources/111_1/44_Q.pdf,5,5,keyword_candidates_require_tutor_review
111-1-44-31,放射線診斷原理與技術學,CT原理與技術,sources/111_1/44_Q.pdf,5,6,keyword_candidates_require_tutor_review
111-1-44-32,放射線診斷原理與技術學,CT原理與技術,sources/111_1/44_Q.pdf,6,6,keyword_candidates_require_tutor_review
111-1-44-33,放射線診斷原理與技術學,CT原理與技術;神經系統,sources/111_1/44_Q.pdf,6,6,keyword_candidates_require_tutor_review
111-1-44-34,放射線診斷原理與技術學,CT原理與技術,sources/111_1/44_Q.pdf,6,7,keyword_candidates_require_tutor_review
111-1-44-35,放射線診斷原理與技術學,CT原理與技術;心血管系統;呼吸系統,sources/111_1/44_Q.pdf,7,7,keyword_candidates_require_tutor_review
111-1-44-36,放射線診斷原理與技術學,CT原理與技術;影像品質與數位影像;神經系統,sources/111_1/44_Q.pdf,7,7,keyword_candidates_require_tutor_review
111-1-44-37,放射線診斷原理與技術學,X光產生與能譜;CT原理與技術;放射治療計畫與劑量,sources/111_1/44_Q.pdf,7,7,keyword_candidates_require_tutor_review
111-1-44-38,放射線診斷原理與技術學,心血管系統;呼吸系統,sources/111_1/44_Q.pdf,7,8,keyword_candidates_require_tutor_review
111-1-44-39,放射線診斷原理與技術學,CT原理與技術;放射治療計畫與劑量;放療設備與品保;神經系統,sources/111_1/44_Q.pdf,8,8,keyword_candidates_require_tutor_review
111-1-44-40,放射線診斷原理與技術學,CT原理與技術;底片與影像接受器;神經系統;消化系統,sources/111_1/44_Q.pdf,8,8,keyword_candidates_require_tutor_review
111-1-44-41,放射線診斷原理與技術學,CT原理與技術;放射藥物與核種製備,sources/111_1/44_Q.pdf,8,8,keyword_candidates_require_tutor_review
111-1-44-42,放射線診斷原理與技術學,輻射量與劑量學;CT原理與技術,sources/111_1/44_Q.pdf,8,8,keyword_candidates_require_tutor_review
111-1-44-43,放射線診斷原理與技術學,骨骼肌肉解剖與病理,sources/111_1/44_Q.pdf,8,8,keyword_candidates_require_tutor_review
111-1-44-44,放射線診斷原理與技術學,MRI原理與技術;神經系統,sources/111_1/44_Q.pdf,8,9,keyword_candidates_require_tutor_review
111-1-44-45,放射線診斷原理與技術學,MRI原理與技術;影像品質與數位影像,sources/111_1/44_Q.pdf,9,9,keyword_candidates_require_tutor_review
111-1-44-46,放射線診斷原理與技術學,MRI原理與技術,sources/111_1/44_Q.pdf,9,9,keyword_candidates_require_tutor_review
111-1-44-47,放射線診斷原理與技術學,MRI原理與技術;神經系統,sources/111_1/44_Q.pdf,9,9,keyword_candidates_require_tutor_review
111-1-44-48,放射線診斷原理與技術學,癌症與臨床放療;神經系統,sources/111_1/44_Q.pdf,9,9,keyword_candidates_require_tutor_review
111-1-44-49,放射線診斷原理與技術學,,sources/111_1/44_Q.pdf,9,10,keyword_candidates_require_tutor_review
111-1-44-50,放射線診斷原理與技術學,神經系統,sources/111_1/44_Q.pdf,10,10,keyword_candidates_require_tutor_review
111-1-44-51,放射線診斷原理與技術學,MRI原理與技術,sources/111_1/44_Q.pdf,10,10,keyword_candidates_require_tutor_review
111-1-44-52,放射線診斷原理與技術學,,sources/111_1/44_Q.pdf,10,10,keyword_candidates_require_tutor_review
111-1-44-53,放射線診斷原理與技術學,MRI原理與技術,sources/111_1/44_Q.pdf,10,11,keyword_candidates_require_tutor_review
111-1-44-54,放射線診斷原理與技術學,MRI原理與技術,sources/111_1/44_Q.pdf,11,11,keyword_candidates_require_tutor_review
111-1-44-55,放射線診斷原理與技術學,MRI原理與技術,sources/111_1/44_Q.pdf,11,11,keyword_candidates_require_tutor_review
111-1-44-56,放射線診斷原理與技術學,MRI原理與技術,sources/111_1/44_Q.pdf,11,11,keyword_candidates_require_tutor_review
111-1-44-57,放射線診斷原理與技術學,MRI原理與技術,sources/111_1/44_Q.pdf,11,11,keyword_candidates_require_tutor_review
111-1-44-58,放射線診斷原理與技術學,MRI原理與技術;攝影擺位與投照,sources/111_1/44_Q.pdf,11,11,keyword_candidates_require_tutor_review
111-1-44-59,放射線診斷原理與技術學,MRI原理與技術,sources/111_1/44_Q.pdf,11,11,keyword_candidates_require_tutor_review
111-1-44-60,放射線診斷原理與技術學,MRI原理與技術,sources/111_1/44_Q.pdf,11,12,keyword_candidates_require_tutor_review
111-1-44-61,放射線診斷原理與技術學,內分泌與代謝,sources/111_1/44_Q.pdf,12,12,keyword_candidates_require_tutor_review
111-1-44-62,放射線診斷原理與技術學,超音波原理與技術;消化系統,sources/111_1/44_Q.pdf,12,12,keyword_candidates_require_tutor_review
111-1-44-63,放射線診斷原理與技術學,超音波原理與技術;癌症與臨床放療;泌尿與生殖系統,sources/111_1/44_Q.pdf,12,13,keyword_candidates_require_tutor_review
111-1-44-64,放射線診斷原理與技術學,消化系統,sources/111_1/44_Q.pdf,13,13,keyword_candidates_require_tutor_review
111-1-44-65,放射線診斷原理與技術學,衰減與屏蔽;超音波原理與技術;泌尿與生殖系統,sources/111_1/44_Q.pdf,13,13,keyword_candidates_require_tutor_review
111-1-44-66,放射線診斷原理與技術學,超音波原理與技術;泌尿與生殖系統,sources/111_1/44_Q.pdf,13,13,keyword_candidates_require_tutor_review
111-1-44-67,放射線診斷原理與技術學,MRI原理與技術;超音波原理與技術;癌症與臨床放療;消化系統,sources/111_1/44_Q.pdf,13,13,keyword_candidates_require_tutor_review
111-1-44-68,放射線診斷原理與技術學,超音波原理與技術;呼吸系統;消化系統,sources/111_1/44_Q.pdf,13,14,keyword_candidates_require_tutor_review
111-1-44-69,放射線診斷原理與技術學,MRI原理與技術,sources/111_1/44_Q.pdf,14,14,keyword_candidates_require_tutor_review
111-1-44-70,放射線診斷原理與技術學,超音波原理與技術;影像品質與數位影像,sources/111_1/44_Q.pdf,14,14,keyword_candidates_require_tutor_review
111-1-44-71,放射線診斷原理與技術學,超音波原理與技術;癌症與臨床放療;泌尿與生殖系統,sources/111_1/44_Q.pdf,14,14,keyword_candidates_require_tutor_review
111-1-44-72,放射線診斷原理與技術學,放射生物學;超音波原理與技術;影像品質與數位影像,sources/111_1/44_Q.pdf,14,15,keyword_candidates_require_tutor_review
111-1-44-73,放射線診斷原理與技術學,攝影擺位與投照;對比劑與特殊攝影,sources/111_1/44_Q.pdf,15,15,keyword_candidates_require_tutor_review
111-1-44-74,放射線診斷原理與技術學,輻射量與劑量學;輻射防護與法規;CT原理與技術;放療設備與品保;對比劑與特殊攝影;神經系統,sources/111_1/44_Q.pdf,15,15,keyword_candidates_require_tutor_review
111-1-44-75,放射線診斷原理與技術學,CT原理與技術;影像品質與數位影像,sources/111_1/44_Q.pdf,15,15,keyword_candidates_require_tutor_review
111-1-44-76,放射線診斷原理與技術學,影像品質與數位影像,sources/111_1/44_Q.pdf,15,16,keyword_candidates_require_tutor_review
111-1-44-77,放射線診斷原理與技術學,放射生物學;MRI原理與技術,sources/111_1/44_Q.pdf,16,16,keyword_candidates_require_tutor_review
111-1-44-78,放射線診斷原理與技術學,輻射量與劑量學,sources/111_1/44_Q.pdf,16,16,keyword_candidates_require_tutor_review
111-1-44-79,放射線診斷原理與技術學,超音波原理與技術;影像品質與數位影像;神經系統,sources/111_1/44_Q.pdf,16,16,keyword_candidates_require_tutor_review
111-1-44-80,放射線診斷原理與技術學,影像品質與數位影像,sources/111_1/44_Q.pdf,16,16,keyword_candidates_require_tutor_review
111-1-55-01,放射線治療原理與技術學,放射生物學;骨骼肌肉解剖與病理,sources/111_1/55_Q.pdf,1,1,keyword_candidates_require_tutor_review
111-1-55-02,放射線治療原理與技術學,放射藥物與核種製備;癌症與臨床放療,sources/111_1/55_Q.pdf,1,1,keyword_candidates_require_tutor_review
111-1-55-03,放射線治療原理與技術學,血液免疫與一般病理,sources/111_1/55_Q.pdf,1,1,keyword_candidates_require_tutor_review
111-1-55-04,放射線治療原理與技術學,癌症與臨床放療,sources/111_1/55_Q.pdf,1,1,keyword_candidates_require_tutor_review
111-1-55-05,放射線治療原理與技術學,,sources/111_1/55_Q.pdf,1,1,keyword_candidates_require_tutor_review
111-1-55-06,放射線治療原理與技術學,輻射防護與法規;放射生物學,sources/111_1/55_Q.pdf,1,2,keyword_candidates_require_tutor_review
111-1-55-07,放射線治療原理與技術學,,sources/111_1/55_Q.pdf,2,2,keyword_candidates_require_tutor_review
111-1-55-08,放射線治療原理與技術學,放射生物學;泌尿與生殖系統,sources/111_1/55_Q.pdf,2,2,keyword_candidates_require_tutor_review
111-1-55-09,放射線治療原理與技術學,,sources/111_1/55_Q.pdf,2,2,keyword_candidates_require_tutor_review
111-1-55-10,放射線治療原理與技術學,放射生物學,sources/111_1/55_Q.pdf,2,2,keyword_candidates_require_tutor_review
111-1-55-11,放射線治療原理與技術學,近接與特殊放療;癌症與臨床放療,sources/111_1/55_Q.pdf,2,2,keyword_candidates_require_tutor_review
111-1-55-12,放射線治療原理與技術學,骨骼肌肉解剖與病理;神經系統;泌尿與生殖系統,sources/111_1/55_Q.pdf,2,2,keyword_candidates_require_tutor_review
111-1-55-13,放射線治療原理與技術學,,sources/111_1/55_Q.pdf,2,3,keyword_candidates_require_tutor_review
111-1-55-14,放射線治療原理與技術學,輻射量與劑量學;MRI原理與技術,sources/111_1/55_Q.pdf,3,3,keyword_candidates_require_tutor_review
111-1-55-15,放射線治療原理與技術學,放射治療計畫與劑量,sources/111_1/55_Q.pdf,3,3,keyword_candidates_require_tutor_review
111-1-55-16,放射線治療原理與技術學,放射治療計畫與劑量;癌症與臨床放療;內分泌與代謝,sources/111_1/55_Q.pdf,3,3,keyword_candidates_require_tutor_review
111-1-55-17,放射線治療原理與技術學,放射治療計畫與劑量,sources/111_1/55_Q.pdf,3,3,keyword_candidates_require_tutor_review
111-1-55-18,放射線治療原理與技術學,輻射量與劑量學;MRI原理與技術;近接與特殊放療;癌症與臨床放療,sources/111_1/55_Q.pdf,3,3,keyword_candidates_require_tutor_review
111-1-55-19,放射線治療原理與技術學,,sources/111_1/55_Q.pdf,3,3,keyword_candidates_require_tutor_review
111-1-55-20,放射線治療原理與技術學,輻射量與劑量學;放射治療計畫與劑量;攝影擺位與投照,sources/111_1/55_Q.pdf,3,4,keyword_candidates_require_tutor_review
111-1-55-21,放射線治療原理與技術學,CT原理與技術;MRI原理與技術;超音波原理與技術;癌症與臨床放療,sources/111_1/55_Q.pdf,4,4,keyword_candidates_require_tutor_review
111-1-55-22,放射線治療原理與技術學,放射治療計畫與劑量,sources/111_1/55_Q.pdf,4,4,keyword_candidates_require_tutor_review
111-1-55-23,放射線治療原理與技術學,核醫SPECT與加馬攝影機;放射治療計畫與劑量,sources/111_1/55_Q.pdf,4,4,keyword_candidates_require_tutor_review
111-1-55-24,放射線治療原理與技術學,CT原理與技術;攝影擺位與投照,sources/111_1/55_Q.pdf,4,4,keyword_candidates_require_tutor_review
111-1-55-25,放射線治療原理與技術學,核醫SPECT與加馬攝影機;放射治療計畫與劑量;放療設備與品保;近接與特殊放療,sources/111_1/55_Q.pdf,4,4,keyword_candidates_require_tutor_review
111-1-55-26,放射線治療原理與技術學,放射治療計畫與劑量;癌症與臨床放療;骨骼肌肉解剖與病理;消化系統;泌尿與生殖系統,sources/111_1/55_Q.pdf,4,4,keyword_candidates_require_tutor_review
111-1-55-27,放射線治療原理與技術學,放射治療計畫與劑量,sources/111_1/55_Q.pdf,4,5,keyword_candidates_require_tutor_review
111-1-55-28,放射線治療原理與技術學,放射治療計畫與劑量,sources/111_1/55_Q.pdf,5,5,keyword_candidates_require_tutor_review
111-1-55-29,放射線治療原理與技術學,放射治療計畫與劑量,sources/111_1/55_Q.pdf,5,5,keyword_candidates_require_tutor_review
111-1-55-30,放射線治療原理與技術學,放射生物學;放射治療計畫與劑量;近接與特殊放療,sources/111_1/55_Q.pdf,5,5,keyword_candidates_require_tutor_review
111-1-55-31,放射線治療原理與技術學,放射治療計畫與劑量;攝影擺位與投照,sources/111_1/55_Q.pdf,5,5,keyword_candidates_require_tutor_review
111-1-55-32,放射線治療原理與技術學,放射治療計畫與劑量,sources/111_1/55_Q.pdf,5,6,keyword_candidates_require_tutor_review
111-1-55-33,放射線治療原理與技術學,放射治療計畫與劑量;近接與特殊放療;癌症與臨床放療;呼吸系統,sources/111_1/55_Q.pdf,6,6,keyword_candidates_require_tutor_review
111-1-55-34,放射線治療原理與技術學,放射治療計畫與劑量,sources/111_1/55_Q.pdf,6,6,keyword_candidates_require_tutor_review
111-1-55-35,放射線治療原理與技術學,放射治療計畫與劑量,sources/111_1/55_Q.pdf,6,6,keyword_candidates_require_tutor_review
111-1-55-36,放射線治療原理與技術學,放射治療計畫與劑量;放療設備與品保,sources/111_1/55_Q.pdf,6,6,keyword_candidates_require_tutor_review
111-1-55-37,放射線治療原理與技術學,癌症與臨床放療;泌尿與生殖系統,sources/111_1/55_Q.pdf,6,6,keyword_candidates_require_tutor_review
111-1-55-38,放射線治療原理與技術學,輻射量與劑量學;放射治療計畫與劑量;近接與特殊放療;癌症與臨床放療;泌尿與生殖系統,sources/111_1/55_Q.pdf,6,6,keyword_candidates_require_tutor_review
111-1-55-39,放射線治療原理與技術學,癌症與臨床放療;泌尿與生殖系統,sources/111_1/55_Q.pdf,6,7,keyword_candidates_require_tutor_review
111-1-55-40,放射線治療原理與技術學,輻射量與劑量學;超音波原理與技術;近接與特殊放療;癌症與臨床放療;泌尿與生殖系統,sources/111_1/55_Q.pdf,7,7,keyword_candidates_require_tutor_review
111-1-55-41,放射線治療原理與技術學,輻射量與劑量學;近接與特殊放療,sources/111_1/55_Q.pdf,7,7,keyword_candidates_require_tutor_review
111-1-55-42,放射線治療原理與技術學,近接與特殊放療,sources/111_1/55_Q.pdf,7,7,keyword_candidates_require_tutor_review
111-1-55-43,放射線治療原理與技術學,半衰期與活度;輻射量與劑量學,sources/111_1/55_Q.pdf,7,7,keyword_candidates_require_tutor_review
111-1-55-44,放射線治療原理與技術學,半衰期與活度;放射治療計畫與劑量;近接與特殊放療,sources/111_1/55_Q.pdf,7,7,keyword_candidates_require_tutor_review
111-1-55-45,放射線治療原理與技術學,輻射量與劑量學;放療設備與品保,sources/111_1/55_Q.pdf,7,8,keyword_candidates_require_tutor_review
111-1-55-46,放射線治療原理與技術學,放射生物學;放射藥物與核種製備;泌尿與生殖系統,sources/111_1/55_Q.pdf,8,8,keyword_candidates_require_tutor_review
111-1-55-47,放射線治療原理與技術學,放射治療計畫與劑量;消化系統;泌尿與生殖系統,sources/111_1/55_Q.pdf,8,8,keyword_candidates_require_tutor_review
111-1-55-48,放射線治療原理與技術學,輻射量與劑量學;底片與影像接受器;近接與特殊放療,sources/111_1/55_Q.pdf,8,8,keyword_candidates_require_tutor_review
111-1-55-49,放射線治療原理與技術學,衰減與屏蔽;近接與特殊放療,sources/111_1/55_Q.pdf,8,8,keyword_candidates_require_tutor_review
111-1-55-50,放射線治療原理與技術學,放射治療計畫與劑量,sources/111_1/55_Q.pdf,8,8,keyword_candidates_require_tutor_review
111-1-55-51,放射線治療原理與技術學,放射治療計畫與劑量;近接與特殊放療,sources/111_1/55_Q.pdf,8,8,keyword_candidates_require_tutor_review
111-1-55-52,放射線治療原理與技術學,CT原理與技術;核醫PET;放射治療計畫與劑量;癌症與臨床放療;神經系統;心血管系統;消化系統,sources/111_1/55_Q.pdf,8,9,keyword_candidates_require_tutor_review
111-1-55-53,放射線治療原理與技術學,癌症與臨床放療;神經系統,sources/111_1/55_Q.pdf,9,9,keyword_candidates_require_tutor_review
111-1-55-54,放射線治療原理與技術學,輻射量與劑量學,sources/111_1/55_Q.pdf,9,9,keyword_candidates_require_tutor_review
111-1-55-55,放射線治療原理與技術學,輻射量與劑量學;神經系統,sources/111_1/55_Q.pdf,9,9,keyword_candidates_require_tutor_review
111-1-55-56,放射線治療原理與技術學,癌症與臨床放療;骨骼肌肉解剖與病理;泌尿與生殖系統,sources/111_1/55_Q.pdf,9,9,keyword_candidates_require_tutor_review
111-1-55-57,放射線治療原理與技術學,核醫SPECT與加馬攝影機;放射治療計畫與劑量,sources/111_1/55_Q.pdf,9,9,keyword_candidates_require_tutor_review
111-1-55-58,放射線治療原理與技術學,近接與特殊放療,sources/111_1/55_Q.pdf,9,9,keyword_candidates_require_tutor_review
111-1-55-59,放射線治療原理與技術學,MRI原理與技術;放射藥物與核種製備;放射治療計畫與劑量;放療設備與品保;近接與特殊放療,sources/111_1/55_Q.pdf,9,10,keyword_candidates_require_tutor_review
111-1-55-60,放射線治療原理與技術學,CT原理與技術;放射治療計畫與劑量,sources/111_1/55_Q.pdf,10,10,keyword_candidates_require_tutor_review
111-1-55-61,放射線治療原理與技術學,輻射量與劑量學,sources/111_1/55_Q.pdf,10,10,keyword_candidates_require_tutor_review
111-1-55-62,放射線治療原理與技術學,放射治療計畫與劑量;放療設備與品保;癌症與臨床放療;骨骼肌肉解剖與病理,sources/111_1/55_Q.pdf,10,10,keyword_candidates_require_tutor_review
111-1-55-63,放射線治療原理與技術學,偵檢器與計數統計;影像品質與數位影像;底片與影像接受器;放射治療計畫與劑量;神經系統,sources/111_1/55_Q.pdf,10,10,keyword_candidates_require_tutor_review
111-1-55-64,放射線治療原理與技術學,放射治療計畫與劑量;放療設備與品保,sources/111_1/55_Q.pdf,10,10,keyword_candidates_require_tutor_review
111-1-55-65,放射線治療原理與技術學,CT原理與技術;神經系統,sources/111_1/55_Q.pdf,10,10,keyword_candidates_require_tutor_review
111-1-55-66,放射線治療原理與技術學,放射治療計畫與劑量,sources/111_1/55_Q.pdf,10,11,keyword_candidates_require_tutor_review
111-1-55-67,放射線治療原理與技術學,CT原理與技術;MRI原理與技術;近接與特殊放療,sources/111_1/55_Q.pdf,11,11,keyword_candidates_require_tutor_review
111-1-55-68,放射線治療原理與技術學,CT原理與技術;對比劑與特殊攝影;神經系統,sources/111_1/55_Q.pdf,11,11,keyword_candidates_require_tutor_review
111-1-55-69,放射線治療原理與技術學,CT原理與技術;神經系統;呼吸系統;泌尿與生殖系統,sources/111_1/55_Q.pdf,11,11,keyword_candidates_require_tutor_review
111-1-55-70,放射線治療原理與技術學,X光產生與能譜;放療設備與品保,sources/111_1/55_Q.pdf,11,11,keyword_candidates_require_tutor_review
111-1-55-71,放射線治療原理與技術學,放射治療計畫與劑量;放療設備與品保,sources/111_1/55_Q.pdf,12,12,keyword_candidates_require_tutor_review
111-1-55-72,放射線治療原理與技術學,輻射量與劑量學;輻射防護與法規,sources/111_1/55_Q.pdf,12,12,keyword_candidates_require_tutor_review
111-1-55-73,放射線治療原理與技術學,半衰期與活度;輻射量與劑量學;輻射防護與法規,sources/111_1/55_Q.pdf,12,12,keyword_candidates_require_tutor_review
111-1-55-74,放射線治療原理與技術學,輻射量與劑量學;輻射防護與法規;CT原理與技術;影像品質與數位影像;放療設備與品保;神經系統,sources/111_1/55_Q.pdf,12,12,keyword_candidates_require_tutor_review
111-1-55-75,放射線治療原理與技術學,輻射防護與法規;近接與特殊放療,sources/111_1/55_Q.pdf,12,12,keyword_candidates_require_tutor_review
111-1-55-76,放射線治療原理與技術學,衰減與屏蔽;放射治療計畫與劑量,sources/111_1/55_Q.pdf,12,13,keyword_candidates_require_tutor_review
111-1-55-77,放射線治療原理與技術學,放療設備與品保,sources/111_1/55_Q.pdf,13,13,keyword_candidates_require_tutor_review
111-1-55-78,放射線治療原理與技術學,放療設備與品保;近接與特殊放療,sources/111_1/55_Q.pdf,13,13,keyword_candidates_require_tutor_review
111-1-55-79,放射線治療原理與技術學,放療設備與品保,sources/111_1/55_Q.pdf,13,13,keyword_candidates_require_tutor_review
111-1-55-80,放射線治療原理與技術學,輻射量與劑量學;輻射防護與法規,sources/111_1/55_Q.pdf,13,13,keyword_candidates_require_tutor_review
111-1-66-01,核子醫學診療原理與技術學,核醫PET;放射藥物與核種製備;心血管系統,sources/111_1/66_Q.pdf,1,1,keyword_candidates_require_tutor_review
111-1-66-02,核子醫學診療原理與技術學,核衰變與核種平衡;光子與物質交互作用;X光產生與能譜;核醫PET,sources/111_1/66_Q.pdf,1,1,keyword_candidates_require_tutor_review
111-1-66-03,核子醫學診療原理與技術學,核醫PET;放射藥物與核種製備,sources/111_1/66_Q.pdf,1,1,keyword_candidates_require_tutor_review
111-1-66-04,核子醫學診療原理與技術學,半衰期與活度;影像品質與數位影像;消化系統,sources/111_1/66_Q.pdf,1,1,keyword_candidates_require_tutor_review
111-1-66-05,核子醫學診療原理與技術學,放射藥物與核種製備,sources/111_1/66_Q.pdf,1,1,keyword_candidates_require_tutor_review
111-1-66-06,核子醫學診療原理與技術學,癌症與臨床放療;骨骼肌肉解剖與病理,sources/111_1/66_Q.pdf,1,2,keyword_candidates_require_tutor_review
111-1-66-07,核子醫學診療原理與技術學,核衰變與核種平衡;半衰期與活度,sources/111_1/66_Q.pdf,2,2,keyword_candidates_require_tutor_review
111-1-66-08,核子醫學診療原理與技術學,核衰變與核種平衡,sources/111_1/66_Q.pdf,2,2,keyword_candidates_require_tutor_review
111-1-66-09,核子醫學診療原理與技術學,放射生物學;攝影擺位與投照,sources/111_1/66_Q.pdf,2,2,keyword_candidates_require_tutor_review
111-1-66-10,核子醫學診療原理與技術學,半衰期與活度;放射藥物與核種製備;癌症與臨床放療;消化系統,sources/111_1/66_Q.pdf,2,2,keyword_candidates_require_tutor_review
111-1-66-11,核子醫學診療原理與技術學,半衰期與活度;MRI原理與技術;癌症與臨床放療;血液免疫與一般病理,sources/111_1/66_Q.pdf,2,2,keyword_candidates_require_tutor_review
111-1-66-12,核子醫學診療原理與技術學,核衰變與核種平衡;放射生物學;放射藥物與核種製備;神經系統,sources/111_1/66_Q.pdf,2,2,keyword_candidates_require_tutor_review
111-1-66-13,核子醫學診療原理與技術學,放射藥物與核種製備,sources/111_1/66_Q.pdf,2,2,keyword_candidates_require_tutor_review
111-1-66-14,核子醫學診療原理與技術學,放射藥物與核種製備,sources/111_1/66_Q.pdf,2,3,keyword_candidates_require_tutor_review
111-1-66-15,核子醫學診療原理與技術學,內分泌與代謝,sources/111_1/66_Q.pdf,3,3,keyword_candidates_require_tutor_review
111-1-66-16,核子醫學診療原理與技術學,偵檢器與計數統計;放射藥物與核種製備,sources/111_1/66_Q.pdf,3,3,keyword_candidates_require_tutor_review
111-1-66-17,核子醫學診療原理與技術學,衰減與屏蔽;CT原理與技術;底片與影像接受器;核醫SPECT與加馬攝影機;核醫器官檢查;放療設備與品保;對比劑與特殊攝影;心血管系統,sources/111_1/66_Q.pdf,3,3,keyword_candidates_require_tutor_review
111-1-66-18,核子醫學診療原理與技術學,放射生物學;神經系統,sources/111_1/66_Q.pdf,3,3,keyword_candidates_require_tutor_review
111-1-66-19,核子醫學診療原理與技術學,放射藥物與核種製備;神經系統,sources/111_1/66_Q.pdf,3,3,keyword_candidates_require_tutor_review
111-1-66-20,核子醫學診療原理與技術學,MRI原理與技術;放射藥物與核種製備;攝影擺位與投照;神經系統,sources/111_1/66_Q.pdf,3,4,keyword_candidates_require_tutor_review
111-1-66-21,核子醫學診療原理與技術學,神經系統;心血管系統;內分泌與代謝,sources/111_1/66_Q.pdf,4,4,keyword_candidates_require_tutor_review
111-1-66-22,核子醫學診療原理與技術學,放射藥物與核種製備;攝影擺位與投照,sources/111_1/66_Q.pdf,4,4,keyword_candidates_require_tutor_review
111-1-66-23,核子醫學診療原理與技術學,神經系統,sources/111_1/66_Q.pdf,4,4,keyword_candidates_require_tutor_review
111-1-66-24,核子醫學診療原理與技術學,,sources/111_1/66_Q.pdf,4,4,keyword_candidates_require_tutor_review
111-1-66-25,核子醫學診療原理與技術學,放射藥物與核種製備;心血管系統,sources/111_1/66_Q.pdf,4,4,keyword_candidates_require_tutor_review
111-1-66-26,核子醫學診療原理與技術學,攝影擺位與投照;心血管系統;呼吸系統,sources/111_1/66_Q.pdf,4,5,keyword_candidates_require_tutor_review
111-1-66-27,核子醫學診療原理與技術學,半衰期與活度;核醫器官檢查;心血管系統,sources/111_1/66_Q.pdf,5,5,keyword_candidates_require_tutor_review
111-1-66-28,核子醫學診療原理與技術學,癌症與臨床放療;神經系統;內分泌與代謝,sources/111_1/66_Q.pdf,5,5,keyword_candidates_require_tutor_review
111-1-66-29,核子醫學診療原理與技術學,癌症與臨床放療;攝影擺位與投照,sources/111_1/66_Q.pdf,5,5,keyword_candidates_require_tutor_review
111-1-66-30,核子醫學診療原理與技術學,核衰變與核種平衡;核醫PET;癌症與臨床放療,sources/111_1/66_Q.pdf,5,5,keyword_candidates_require_tutor_review
111-1-66-31,核子醫學診療原理與技術學,核衰變與核種平衡;核醫PET;癌症與臨床放療;內分泌與代謝;血液免疫與一般病理,sources/111_1/66_Q.pdf,5,5,keyword_candidates_require_tutor_review
111-1-66-32,核子醫學診療原理與技術學,癌症與臨床放療;攝影擺位與投照;消化系統;泌尿與生殖系統,sources/111_1/66_Q.pdf,5,5,keyword_candidates_require_tutor_review
111-1-66-33,核子醫學診療原理與技術學,癌症與臨床放療;神經系統;消化系統,sources/111_1/66_Q.pdf,5,6,keyword_candidates_require_tutor_review
111-1-66-34,核子醫學診療原理與技術學,放射生物學;MRI原理與技術;核醫PET;放射藥物與核種製備;癌症與臨床放療,sources/111_1/66_Q.pdf,6,6,keyword_candidates_require_tutor_review
111-1-66-35,核子醫學診療原理與技術學,MRI原理與技術;核醫PET;癌症與臨床放療,sources/111_1/66_Q.pdf,6,6,keyword_candidates_require_tutor_review
111-1-66-36,核子醫學診療原理與技術學,核衰變與核種平衡;核醫PET;癌症與臨床放療;消化系統;泌尿與生殖系統,sources/111_1/66_Q.pdf,6,6,keyword_candidates_require_tutor_review
111-1-66-37,核子醫學診療原理與技術學,核衰變與核種平衡;MRI原理與技術;核醫PET;癌症與臨床放療;消化系統,sources/111_1/66_Q.pdf,6,6,keyword_candidates_require_tutor_review
111-1-66-38,核子醫學診療原理與技術學,放射藥物與核種製備;攝影擺位與投照;泌尿與生殖系統,sources/111_1/66_Q.pdf,6,6,keyword_candidates_require_tutor_review
111-1-66-39,核子醫學診療原理與技術學,偵檢器與計數統計;癌症與臨床放療;內分泌與代謝,sources/111_1/66_Q.pdf,6,6,keyword_candidates_require_tutor_review
111-1-66-40,核子醫學診療原理與技術學,放射藥物與核種製備,sources/111_1/66_Q.pdf,6,7,keyword_candidates_require_tutor_review
111-1-66-41,核子醫學診療原理與技術學,偵檢器與計數統計;核醫SPECT與加馬攝影機,sources/111_1/66_Q.pdf,7,8,keyword_candidates_require_tutor_review
111-1-66-42,核子醫學診療原理與技術學,偵檢器與計數統計;CT原理與技術;核醫SPECT與加馬攝影機;癌症與臨床放療;內分泌與代謝,sources/111_1/66_Q.pdf,8,8,keyword_candidates_require_tutor_review
111-1-66-43,核子醫學診療原理與技術學,偵檢器與計數統計;CT原理與技術;核醫SPECT與加馬攝影機;心血管系統;泌尿與生殖系統;內分泌與代謝,sources/111_1/66_Q.pdf,8,9,keyword_candidates_require_tutor_review
111-1-66-44,核子醫學診療原理與技術學,,sources/111_1/66_Q.pdf,9,9,keyword_candidates_require_tutor_review
111-1-66-45,核子醫學診療原理與技術學,半衰期與活度;偵檢器與計數統計;內分泌與代謝,sources/111_1/66_Q.pdf,9,9,keyword_candidates_require_tutor_review
111-1-66-46,核子醫學診療原理與技術學,輻射量與劑量學;核醫SPECT與加馬攝影機;放射藥物與核種製備;核醫器官檢查;攝影擺位與投照;內分泌與代謝,sources/111_1/66_Q.pdf,9,9,keyword_candidates_require_tutor_review
111-1-66-47,核子醫學診療原理與技術學,放射藥物與核種製備,sources/111_1/66_Q.pdf,9,10,keyword_candidates_require_tutor_review
111-1-66-48,核子醫學診療原理與技術學,MRI原理與技術;血液免疫與一般病理,sources/111_1/66_Q.pdf,10,10,keyword_candidates_require_tutor_review
111-1-66-49,核子醫學診療原理與技術學,放射藥物與核種製備;攝影擺位與投照;神經系統;心血管系統,sources/111_1/66_Q.pdf,10,10,keyword_candidates_require_tutor_review
111-1-66-50,核子醫學診療原理與技術學,偵檢器與計數統計;放射藥物與核種製備,sources/111_1/66_Q.pdf,10,10,keyword_candidates_require_tutor_review
111-1-66-51,核子醫學診療原理與技術學,放射藥物與核種製備;核醫器官檢查;攝影擺位與投照;呼吸系統,sources/111_1/66_Q.pdf,10,10,keyword_candidates_require_tutor_review
111-1-66-52,核子醫學診療原理與技術學,MRI原理與技術;放射藥物與核種製備;攝影擺位與投照;消化系統,sources/111_1/66_Q.pdf,10,10,keyword_candidates_require_tutor_review
111-1-66-53,核子醫學診療原理與技術學,偵檢器與計數統計;放射藥物與核種製備;消化系統,sources/111_1/66_Q.pdf,10,10,keyword_candidates_require_tutor_review
111-1-66-54,核子醫學診療原理與技術學,放射藥物與核種製備;消化系統,sources/111_1/66_Q.pdf,10,11,keyword_candidates_require_tutor_review
111-1-66-55,核子醫學診療原理與技術學,癌症與臨床放療,sources/111_1/66_Q.pdf,11,11,keyword_candidates_require_tutor_review
111-1-66-56,核子醫學診療原理與技術學,,sources/111_1/66_Q.pdf,11,11,keyword_candidates_require_tutor_review
111-1-66-57,核子醫學診療原理與技術學,,sources/111_1/66_Q.pdf,11,11,keyword_candidates_require_tutor_review
111-1-66-58,核子醫學診療原理與技術學,,sources/111_1/66_Q.pdf,11,11,keyword_candidates_require_tutor_review
111-1-66-59,核子醫學診療原理與技術學,偵檢器與計數統計,sources/111_1/66_Q.pdf,11,11,keyword_candidates_require_tutor_review
111-1-66-60,核子醫學診療原理與技術學,MRI原理與技術;放射藥物與核種製備;放療設備與品保;癌症與臨床放療;血液免疫與一般病理,sources/111_1/66_Q.pdf,11,12,keyword_candidates_require_tutor_review
111-1-66-61,核子醫學診療原理與技術學,,sources/111_1/66_Q.pdf,12,12,keyword_candidates_require_tutor_review
111-1-66-62,核子醫學診療原理與技術學,消化系統;內分泌與代謝;血液免疫與一般病理,sources/111_1/66_Q.pdf,12,12,keyword_candidates_require_tutor_review
111-1-66-63,核子醫學診療原理與技術學,癌症與臨床放療;骨骼肌肉解剖與病理;神經系統,sources/111_1/66_Q.pdf,12,12,keyword_candidates_require_tutor_review
111-1-66-64,核子醫學診療原理與技術學,核衰變與核種平衡,sources/111_1/66_Q.pdf,12,12,keyword_candidates_require_tutor_review
111-1-66-65,核子醫學診療原理與技術學,癌症與臨床放療;神經系統;內分泌與代謝,sources/111_1/66_Q.pdf,12,12,keyword_candidates_require_tutor_review
111-1-66-66,核子醫學診療原理與技術學,癌症與臨床放療;骨骼肌肉解剖與病理;呼吸系統;消化系統;血液免疫與一般病理,sources/111_1/66_Q.pdf,12,12,keyword_candidates_require_tutor_review
111-1-66-67,核子醫學診療原理與技術學,骨骼肌肉解剖與病理,sources/111_1/66_Q.pdf,12,13,keyword_candidates_require_tutor_review
111-1-66-68,核子醫學診療原理與技術學,核衰變與核種平衡;半衰期與活度,sources/111_1/66_Q.pdf,13,13,keyword_candidates_require_tutor_review
111-1-66-69,核子醫學診療原理與技術學,衰減與屏蔽;輻射量與劑量學,sources/111_1/66_Q.pdf,13,13,keyword_candidates_require_tutor_review
111-1-66-70,核子醫學診療原理與技術學,核醫SPECT與加馬攝影機,sources/111_1/66_Q.pdf,13,13,keyword_candidates_require_tutor_review
111-1-66-71,核子醫學診療原理與技術學,核醫SPECT與加馬攝影機,sources/111_1/66_Q.pdf,13,13,keyword_candidates_require_tutor_review
111-1-66-72,核子醫學診療原理與技術學,CT原理與技術;影像品質與數位影像;核醫SPECT與加馬攝影機;神經系統,sources/111_1/66_Q.pdf,13,13,keyword_candidates_require_tutor_review
111-1-66-73,核子醫學診療原理與技術學,核醫PET,sources/111_1/66_Q.pdf,13,14,keyword_candidates_require_tutor_review
111-1-66-74,核子醫學診療原理與技術學,,sources/111_1/66_Q.pdf,14,14,keyword_candidates_require_tutor_review
111-1-66-75,核子醫學診療原理與技術學,衰減與屏蔽,sources/111_1/66_Q.pdf,14,14,keyword_candidates_require_tutor_review
111-1-66-76,核子醫學診療原理與技術學,影像品質與數位影像;放療設備與品保,sources/111_1/66_Q.pdf,14,14,keyword_candidates_require_tutor_review
111-1-66-77,核子醫學診療原理與技術學,輻射量與劑量學;偵檢器與計數統計,sources/111_1/66_Q.pdf,14,15,keyword_candidates_require_tutor_review
111-1-66-78,核子醫學診療原理與技術學,半衰期與活度;放射藥物與核種製備,sources/111_1/66_Q.pdf,15,15,keyword_candidates_require_tutor_review
111-1-66-79,核子醫學診療原理與技術學,影像品質與數位影像,sources/111_1/66_Q.pdf,15,15,keyword_candidates_require_tutor_review
111-1-66-80,核子醫學診療原理與技術學,偵檢器與計數統計,sources/111_1/66_Q.pdf,15,15,keyword_candidates_require_tutor_review
111-2-11-01,基礎醫學（包括解剖學、生理學與病理學）,,sources/111_2/11_Q.pdf,1,1,keyword_candidates_require_tutor_review
111-2-11-02,基礎醫學（包括解剖學、生理學與病理學）,,sources/111_2/11_Q.pdf,1,1,keyword_candidates_require_tutor_review
111-2-11-03,基礎醫學（包括解剖學、生理學與病理學）,,sources/111_2/11_Q.pdf,1,1,keyword_candidates_require_tutor_review
111-2-11-04,基礎醫學（包括解剖學、生理學與病理學）,骨骼肌肉解剖與病理,sources/111_2/11_Q.pdf,1,1,keyword_candidates_require_tutor_review
111-2-11-05,基礎醫學（包括解剖學、生理學與病理學）,骨骼肌肉解剖與病理,sources/111_2/11_Q.pdf,1,2,keyword_candidates_require_tutor_review
111-2-11-06,基礎醫學（包括解剖學、生理學與病理學）,骨骼肌肉解剖與病理,sources/111_2/11_Q.pdf,2,2,keyword_candidates_require_tutor_review
111-2-11-07,基礎醫學（包括解剖學、生理學與病理學）,骨骼肌肉解剖與病理,sources/111_2/11_Q.pdf,2,2,keyword_candidates_require_tutor_review
111-2-11-08,基礎醫學（包括解剖學、生理學與病理學）,MRI原理與技術;骨骼肌肉解剖與病理,sources/111_2/11_Q.pdf,2,2,keyword_candidates_require_tutor_review
111-2-11-09,基礎醫學（包括解剖學、生理學與病理學）,骨骼肌肉解剖與病理,sources/111_2/11_Q.pdf,2,2,keyword_candidates_require_tutor_review
111-2-11-10,基礎醫學（包括解剖學、生理學與病理學）,神經系統,sources/111_2/11_Q.pdf,2,2,keyword_candidates_require_tutor_review
111-2-11-11,基礎醫學（包括解剖學、生理學與病理學）,骨骼肌肉解剖與病理;神經系統,sources/111_2/11_Q.pdf,2,3,keyword_candidates_require_tutor_review
111-2-11-12,基礎醫學（包括解剖學、生理學與病理學）,骨骼肌肉解剖與病理;泌尿與生殖系統,sources/111_2/11_Q.pdf,3,3,keyword_candidates_require_tutor_review
111-2-11-13,基礎醫學（包括解剖學、生理學與病理學）,骨骼肌肉解剖與病理,sources/111_2/11_Q.pdf,3,3,keyword_candidates_require_tutor_review
111-2-11-14,基礎醫學（包括解剖學、生理學與病理學）,神經系統,sources/111_2/11_Q.pdf,3,3,keyword_candidates_require_tutor_review
111-2-11-15,基礎醫學（包括解剖學、生理學與病理學）,神經系統,sources/111_2/11_Q.pdf,3,3,keyword_candidates_require_tutor_review
111-2-11-16,基礎醫學（包括解剖學、生理學與病理學）,神經系統,sources/111_2/11_Q.pdf,3,3,keyword_candidates_require_tutor_review
111-2-11-17,基礎醫學（包括解剖學、生理學與病理學）,神經系統,sources/111_2/11_Q.pdf,3,4,keyword_candidates_require_tutor_review
111-2-11-18,基礎醫學（包括解剖學、生理學與病理學）,神經系統,sources/111_2/11_Q.pdf,4,4,keyword_candidates_require_tutor_review
111-2-11-19,基礎醫學（包括解剖學、生理學與病理學）,骨骼肌肉解剖與病理;神經系統,sources/111_2/11_Q.pdf,4,4,keyword_candidates_require_tutor_review
111-2-11-20,基礎醫學（包括解剖學、生理學與病理學）,神經系統,sources/111_2/11_Q.pdf,4,4,keyword_candidates_require_tutor_review
111-2-11-21,基礎醫學（包括解剖學、生理學與病理學）,,sources/111_2/11_Q.pdf,4,4,keyword_candidates_require_tutor_review
111-2-11-22,基礎醫學（包括解剖學、生理學與病理學）,神經系統;內分泌與代謝,sources/111_2/11_Q.pdf,4,4,keyword_candidates_require_tutor_review
111-2-11-23,基礎醫學（包括解剖學、生理學與病理學）,,sources/111_2/11_Q.pdf,4,4,keyword_candidates_require_tutor_review
111-2-11-24,基礎醫學（包括解剖學、生理學與病理學）,,sources/111_2/11_Q.pdf,5,5,keyword_candidates_require_tutor_review
111-2-11-25,基礎醫學（包括解剖學、生理學與病理學）,心血管系統,sources/111_2/11_Q.pdf,5,5,keyword_candidates_require_tutor_review
111-2-11-26,基礎醫學（包括解剖學、生理學與病理學）,神經系統,sources/111_2/11_Q.pdf,5,5,keyword_candidates_require_tutor_review
111-2-11-27,基礎醫學（包括解剖學、生理學與病理學）,骨骼肌肉解剖與病理,sources/111_2/11_Q.pdf,5,5,keyword_candidates_require_tutor_review
111-2-11-28,基礎醫學（包括解剖學、生理學與病理學）,,sources/111_2/11_Q.pdf,5,5,keyword_candidates_require_tutor_review
111-2-11-29,基礎醫學（包括解剖學、生理學與病理學）,骨骼肌肉解剖與病理,sources/111_2/11_Q.pdf,5,5,keyword_candidates_require_tutor_review
111-2-11-30,基礎醫學（包括解剖學、生理學與病理學）,呼吸系統,sources/111_2/11_Q.pdf,5,6,keyword_candidates_require_tutor_review
111-2-11-31,基礎醫學（包括解剖學、生理學與病理學）,神經系統,sources/111_2/11_Q.pdf,6,6,keyword_candidates_require_tutor_review
111-2-11-32,基礎醫學（包括解剖學、生理學與病理學）,呼吸系統,sources/111_2/11_Q.pdf,6,6,keyword_candidates_require_tutor_review
111-2-11-33,基礎醫學（包括解剖學、生理學與病理學）,泌尿與生殖系統,sources/111_2/11_Q.pdf,6,6,keyword_candidates_require_tutor_review
111-2-11-34,基礎醫學（包括解剖學、生理學與病理學）,MRI原理與技術;骨骼肌肉解剖與病理;泌尿與生殖系統,sources/111_2/11_Q.pdf,6,6,keyword_candidates_require_tutor_review
111-2-11-35,基礎醫學（包括解剖學、生理學與病理學）,骨骼肌肉解剖與病理;消化系統,sources/111_2/11_Q.pdf,6,6,keyword_candidates_require_tutor_review
111-2-11-36,基礎醫學（包括解剖學、生理學與病理學）,消化系統;泌尿與生殖系統,sources/111_2/11_Q.pdf,7,7,keyword_candidates_require_tutor_review
111-2-11-37,基礎醫學（包括解剖學、生理學與病理學）,,sources/111_2/11_Q.pdf,7,7,keyword_candidates_require_tutor_review
111-2-11-38,基礎醫學（包括解剖學、生理學與病理學）,,sources/111_2/11_Q.pdf,7,7,keyword_candidates_require_tutor_review
111-2-11-39,基礎醫學（包括解剖學、生理學與病理學）,神經系統,sources/111_2/11_Q.pdf,7,7,keyword_candidates_require_tutor_review
111-2-11-40,基礎醫學（包括解剖學、生理學與病理學）,神經系統;內分泌與代謝,sources/111_2/11_Q.pdf,7,7,keyword_candidates_require_tutor_review
111-2-11-41,基礎醫學（包括解剖學、生理學與病理學）,底片與影像接受器;神經系統,sources/111_2/11_Q.pdf,7,7,keyword_candidates_require_tutor_review
111-2-11-42,基礎醫學（包括解剖學、生理學與病理學）,,sources/111_2/11_Q.pdf,8,8,keyword_candidates_require_tutor_review
111-2-11-43,基礎醫學（包括解剖學、生理學與病理學）,消化系統;內分泌與代謝,sources/111_2/11_Q.pdf,8,8,keyword_candidates_require_tutor_review
111-2-11-44,基礎醫學（包括解剖學、生理學與病理學）,心血管系統,sources/111_2/11_Q.pdf,8,8,keyword_candidates_require_tutor_review
111-2-11-45,基礎醫學（包括解剖學、生理學與病理學）,心血管系統,sources/111_2/11_Q.pdf,8,8,keyword_candidates_require_tutor_review
111-2-11-46,基礎醫學（包括解剖學、生理學與病理學）,骨骼肌肉解剖與病理;心血管系統,sources/111_2/11_Q.pdf,8,8,keyword_candidates_require_tutor_review
111-2-11-47,基礎醫學（包括解剖學、生理學與病理學）,血液免疫與一般病理,sources/111_2/11_Q.pdf,8,8,keyword_candidates_require_tutor_review
111-2-11-48,基礎醫學（包括解剖學、生理學與病理學）,呼吸系統,sources/111_2/11_Q.pdf,8,9,keyword_candidates_require_tutor_review
111-2-11-49,基礎醫學（包括解剖學、生理學與病理學）,心血管系統;呼吸系統,sources/111_2/11_Q.pdf,9,9,keyword_candidates_require_tutor_review
111-2-11-50,基礎醫學（包括解剖學、生理學與病理學）,,sources/111_2/11_Q.pdf,9,9,keyword_candidates_require_tutor_review
111-2-11-51,基礎醫學（包括解剖學、生理學與病理學）,泌尿與生殖系統,sources/111_2/11_Q.pdf,9,9,keyword_candidates_require_tutor_review
111-2-11-52,基礎醫學（包括解剖學、生理學與病理學）,,sources/111_2/11_Q.pdf,9,9,keyword_candidates_require_tutor_review
111-2-11-53,基礎醫學（包括解剖學、生理學與病理學）,,sources/111_2/11_Q.pdf,9,9,keyword_candidates_require_tutor_review
111-2-11-54,基礎醫學（包括解剖學、生理學與病理學）,消化系統,sources/111_2/11_Q.pdf,9,10,keyword_candidates_require_tutor_review
111-2-11-55,基礎醫學（包括解剖學、生理學與病理學）,MRI原理與技術;消化系統;內分泌與代謝,sources/111_2/11_Q.pdf,10,10,keyword_candidates_require_tutor_review
111-2-11-56,基礎醫學（包括解剖學、生理學與病理學）,癌症與臨床放療,sources/111_2/11_Q.pdf,10,10,keyword_candidates_require_tutor_review
111-2-11-57,基礎醫學（包括解剖學、生理學與病理學）,神經系統,sources/111_2/11_Q.pdf,10,10,keyword_candidates_require_tutor_review
111-2-11-58,基礎醫學（包括解剖學、生理學與病理學）,泌尿與生殖系統;內分泌與代謝,sources/111_2/11_Q.pdf,10,10,keyword_candidates_require_tutor_review
111-2-11-59,基礎醫學（包括解剖學、生理學與病理學）,血液免疫與一般病理,sources/111_2/11_Q.pdf,10,10,keyword_candidates_require_tutor_review
111-2-11-60,基礎醫學（包括解剖學、生理學與病理學）,血液免疫與一般病理,sources/111_2/11_Q.pdf,10,11,keyword_candidates_require_tutor_review
111-2-11-61,基礎醫學（包括解剖學、生理學與病理學）,骨骼肌肉解剖與病理,sources/111_2/11_Q.pdf,11,11,keyword_candidates_require_tutor_review
111-2-11-62,基礎醫學（包括解剖學、生理學與病理學）,心血管系統;呼吸系統;泌尿與生殖系統,sources/111_2/11_Q.pdf,11,11,keyword_candidates_require_tutor_review
111-2-11-63,基礎醫學（包括解剖學、生理學與病理學）,放射生物學;核醫PET,sources/111_2/11_Q.pdf,11,11,keyword_candidates_require_tutor_review
111-2-11-64,基礎醫學（包括解剖學、生理學與病理學）,消化系統,sources/111_2/11_Q.pdf,11,11,keyword_candidates_require_tutor_review
111-2-11-65,基礎醫學（包括解剖學、生理學與病理學）,癌症與臨床放療,sources/111_2/11_Q.pdf,11,11,keyword_candidates_require_tutor_review
111-2-11-66,基礎醫學（包括解剖學、生理學與病理學）,,sources/111_2/11_Q.pdf,12,12,keyword_candidates_require_tutor_review
111-2-11-67,基礎醫學（包括解剖學、生理學與病理學）,心血管系統,sources/111_2/11_Q.pdf,12,12,keyword_candidates_require_tutor_review
111-2-11-68,基礎醫學（包括解剖學、生理學與病理學）,癌症與臨床放療,sources/111_2/11_Q.pdf,12,12,keyword_candidates_require_tutor_review
111-2-11-69,基礎醫學（包括解剖學、生理學與病理學）,癌症與臨床放療,sources/111_2/11_Q.pdf,12,12,keyword_candidates_require_tutor_review
111-2-11-70,基礎醫學（包括解剖學、生理學與病理學）,放射藥物與核種製備;癌症與臨床放療;消化系統,sources/111_2/11_Q.pdf,12,12,keyword_candidates_require_tutor_review
111-2-11-71,基礎醫學（包括解剖學、生理學與病理學）,癌症與臨床放療;神經系統;消化系統;內分泌與代謝,sources/111_2/11_Q.pdf,12,13,keyword_candidates_require_tutor_review
111-2-11-72,基礎醫學（包括解剖學、生理學與病理學）,MRI原理與技術;消化系統,sources/111_2/11_Q.pdf,13,13,keyword_candidates_require_tutor_review
111-2-11-73,基礎醫學（包括解剖學、生理學與病理學）,消化系統;血液免疫與一般病理,sources/111_2/11_Q.pdf,13,13,keyword_candidates_require_tutor_review
111-2-11-74,基礎醫學（包括解剖學、生理學與病理學）,放射生物學;血液免疫與一般病理,sources/111_2/11_Q.pdf,13,13,keyword_candidates_require_tutor_review
111-2-11-75,基礎醫學（包括解剖學、生理學與病理學）,癌症與臨床放療;泌尿與生殖系統;內分泌與代謝,sources/111_2/11_Q.pdf,13,13,keyword_candidates_require_tutor_review
111-2-11-76,基礎醫學（包括解剖學、生理學與病理學）,MRI原理與技術;癌症與臨床放療;消化系統;泌尿與生殖系統;血液免疫與一般病理,sources/111_2/11_Q.pdf,13,13,keyword_candidates_require_tutor_review
111-2-11-77,基礎醫學（包括解剖學、生理學與病理學）,癌症與臨床放療;內分泌與代謝,sources/111_2/11_Q.pdf,13,14,keyword_candidates_require_tutor_review
111-2-11-78,基礎醫學（包括解剖學、生理學與病理學）,消化系統;內分泌與代謝;血液免疫與一般病理,sources/111_2/11_Q.pdf,14,14,keyword_candidates_require_tutor_review
111-2-11-79,基礎醫學（包括解剖學、生理學與病理學）,神經系統;血液免疫與一般病理,sources/111_2/11_Q.pdf,14,14,keyword_candidates_require_tutor_review
111-2-11-80,基礎醫學（包括解剖學、生理學與病理學）,神經系統,sources/111_2/11_Q.pdf,14,14,keyword_candidates_require_tutor_review
111-2-22-01,醫學物理學與輻射安全,核衰變與核種平衡;半衰期與活度,sources/111_2/22_Q.pdf,1,1,keyword_candidates_require_tutor_review
111-2-22-02,醫學物理學與輻射安全,半衰期與活度;衰減與屏蔽,sources/111_2/22_Q.pdf,1,1,keyword_candidates_require_tutor_review
111-2-22-03,醫學物理學與輻射安全,半衰期與活度;放射藥物與核種製備,sources/111_2/22_Q.pdf,1,1,keyword_candidates_require_tutor_review
111-2-22-04,醫學物理學與輻射安全,核衰變與核種平衡,sources/111_2/22_Q.pdf,1,1,keyword_candidates_require_tutor_review
111-2-22-05,醫學物理學與輻射安全,核衰變與核種平衡;半衰期與活度,sources/111_2/22_Q.pdf,1,2,keyword_candidates_require_tutor_review
111-2-22-06,醫學物理學與輻射安全,核衰變與核種平衡,sources/111_2/22_Q.pdf,2,2,keyword_candidates_require_tutor_review
111-2-22-07,醫學物理學與輻射安全,光子與物質交互作用;對比劑與特殊攝影,sources/111_2/22_Q.pdf,2,2,keyword_candidates_require_tutor_review
111-2-22-08,醫學物理學與輻射安全,衰減與屏蔽;放射治療計畫與劑量,sources/111_2/22_Q.pdf,2,2,keyword_candidates_require_tutor_review
111-2-22-09,醫學物理學與輻射安全,X光產生與能譜;放射治療計畫與劑量,sources/111_2/22_Q.pdf,2,2,keyword_candidates_require_tutor_review
111-2-22-10,醫學物理學與輻射安全,X光產生與能譜,sources/111_2/22_Q.pdf,2,2,keyword_candidates_require_tutor_review
111-2-22-11,醫學物理學與輻射安全,輻射量與劑量學,sources/111_2/22_Q.pdf,2,3,keyword_candidates_require_tutor_review
111-2-22-12,醫學物理學與輻射安全,偵檢器與計數統計,sources/111_2/22_Q.pdf,3,3,keyword_candidates_require_tutor_review
111-2-22-13,醫學物理學與輻射安全,,sources/111_2/22_Q.pdf,3,3,keyword_candidates_require_tutor_review
111-2-22-14,醫學物理學與輻射安全,衰減與屏蔽;輻射量與劑量學;MRI原理與技術;放射治療計畫與劑量;骨骼肌肉解剖與病理,sources/111_2/22_Q.pdf,3,3,keyword_candidates_require_tutor_review
111-2-22-15,醫學物理學與輻射安全,輻射量與劑量學,sources/111_2/22_Q.pdf,3,3,keyword_candidates_require_tutor_review
111-2-22-16,醫學物理學與輻射安全,對比劑與特殊攝影,sources/111_2/22_Q.pdf,3,4,keyword_candidates_require_tutor_review
111-2-22-17,醫學物理學與輻射安全,衰減與屏蔽,sources/111_2/22_Q.pdf,4,4,keyword_candidates_require_tutor_review
111-2-22-18,醫學物理學與輻射安全,,sources/111_2/22_Q.pdf,4,4,keyword_candidates_require_tutor_review
111-2-22-19,醫學物理學與輻射安全,,sources/111_2/22_Q.pdf,4,4,keyword_candidates_require_tutor_review
111-2-22-20,醫學物理學與輻射安全,底片與影像接受器,sources/111_2/22_Q.pdf,4,4,keyword_candidates_require_tutor_review
111-2-22-21,醫學物理學與輻射安全,CT原理與技術;影像品質與數位影像,sources/111_2/22_Q.pdf,4,4,keyword_candidates_require_tutor_review
111-2-22-22,醫學物理學與輻射安全,放射治療計畫與劑量,sources/111_2/22_Q.pdf,4,5,keyword_candidates_require_tutor_review
111-2-22-23,醫學物理學與輻射安全,放射治療計畫與劑量,sources/111_2/22_Q.pdf,5,5,keyword_candidates_require_tutor_review
111-2-22-24,醫學物理學與輻射安全,輻射量與劑量學;MRI原理與技術,sources/111_2/22_Q.pdf,5,5,keyword_candidates_require_tutor_review
111-2-22-25,醫學物理學與輻射安全,近接與特殊放療,sources/111_2/22_Q.pdf,5,5,keyword_candidates_require_tutor_review
111-2-22-26,醫學物理學與輻射安全,核醫PET;放射藥物與核種製備,sources/111_2/22_Q.pdf,5,5,keyword_candidates_require_tutor_review
111-2-22-27,醫學物理學與輻射安全,核衰變與核種平衡;半衰期與活度;偵檢器與計數統計;核醫PET,sources/111_2/22_Q.pdf,5,5,keyword_candidates_require_tutor_review
111-2-22-28,醫學物理學與輻射安全,,sources/111_2/22_Q.pdf,5,6,keyword_candidates_require_tutor_review
111-2-22-29,醫學物理學與輻射安全,半衰期與活度;放射藥物與核種製備,sources/111_2/22_Q.pdf,6,6,keyword_candidates_require_tutor_review
111-2-22-30,醫學物理學與輻射安全,核醫SPECT與加馬攝影機,sources/111_2/22_Q.pdf,6,6,keyword_candidates_require_tutor_review
111-2-22-31,醫學物理學與輻射安全,MRI原理與技術;超音波原理與技術;影像品質與數位影像,sources/111_2/22_Q.pdf,6,6,keyword_candidates_require_tutor_review
111-2-22-32,醫學物理學與輻射安全,超音波原理與技術;影像品質與數位影像,sources/111_2/22_Q.pdf,6,6,keyword_candidates_require_tutor_review
111-2-22-33,醫學物理學與輻射安全,超音波原理與技術;影像品質與數位影像,sources/111_2/22_Q.pdf,6,6,keyword_candidates_require_tutor_review
111-2-22-34,醫學物理學與輻射安全,衰減與屏蔽;超音波原理與技術,sources/111_2/22_Q.pdf,7,7,keyword_candidates_require_tutor_review
111-2-22-35,醫學物理學與輻射安全,超音波原理與技術;消化系統,sources/111_2/22_Q.pdf,7,7,keyword_candidates_require_tutor_review
111-2-22-36,醫學物理學與輻射安全,MRI原理與技術,sources/111_2/22_Q.pdf,7,7,keyword_candidates_require_tutor_review
111-2-22-37,醫學物理學與輻射安全,CT原理與技術;MRI原理與技術;影像品質與數位影像,sources/111_2/22_Q.pdf,7,7,keyword_candidates_require_tutor_review
111-2-22-38,醫學物理學與輻射安全,影像品質與數位影像,sources/111_2/22_Q.pdf,7,7,keyword_candidates_require_tutor_review
111-2-22-39,醫學物理學與輻射安全,MRI原理與技術;心血管系統,sources/111_2/22_Q.pdf,7,7,keyword_candidates_require_tutor_review
111-2-22-40,醫學物理學與輻射安全,MRI原理與技術;超音波原理與技術,sources/111_2/22_Q.pdf,7,8,keyword_candidates_require_tutor_review
111-2-22-41,醫學物理學與輻射安全,輻射防護與法規,sources/111_2/22_Q.pdf,8,8,keyword_candidates_require_tutor_review
111-2-22-42,醫學物理學與輻射安全,半衰期與活度;輻射防護與法規,sources/111_2/22_Q.pdf,8,8,keyword_candidates_require_tutor_review
111-2-22-43,醫學物理學與輻射安全,輻射量與劑量學;輻射防護與法規,sources/111_2/22_Q.pdf,8,8,keyword_candidates_require_tutor_review
111-2-22-44,醫學物理學與輻射安全,輻射量與劑量學;輻射防護與法規,sources/111_2/22_Q.pdf,8,8,keyword_candidates_require_tutor_review
111-2-22-45,醫學物理學與輻射安全,半衰期與活度;輻射量與劑量學;放射藥物與核種製備;攝影擺位與投照,sources/111_2/22_Q.pdf,8,9,keyword_candidates_require_tutor_review
111-2-22-46,醫學物理學與輻射安全,輻射量與劑量學;內分泌與代謝,sources/111_2/22_Q.pdf,9,9,keyword_candidates_require_tutor_review
111-2-22-47,醫學物理學與輻射安全,,sources/111_2/22_Q.pdf,9,9,keyword_candidates_require_tutor_review
111-2-22-48,醫學物理學與輻射安全,衰減與屏蔽;輻射量與劑量學,sources/111_2/22_Q.pdf,9,9,keyword_candidates_require_tutor_review
111-2-22-49,醫學物理學與輻射安全,輻射量與劑量學,sources/111_2/22_Q.pdf,9,9,keyword_candidates_require_tutor_review
111-2-22-50,醫學物理學與輻射安全,,sources/111_2/22_Q.pdf,9,9,keyword_candidates_require_tutor_review
111-2-22-51,醫學物理學與輻射安全,影像品質與數位影像,sources/111_2/22_Q.pdf,9,10,keyword_candidates_require_tutor_review
111-2-22-52,醫學物理學與輻射安全,偵檢器與計數統計,sources/111_2/22_Q.pdf,10,10,keyword_candidates_require_tutor_review
111-2-22-53,醫學物理學與輻射安全,偵檢器與計數統計;影像品質與數位影像,sources/111_2/22_Q.pdf,10,10,keyword_candidates_require_tutor_review
111-2-22-54,醫學物理學與輻射安全,輻射量與劑量學;偵檢器與計數統計,sources/111_2/22_Q.pdf,10,10,keyword_candidates_require_tutor_review
111-2-22-55,醫學物理學與輻射安全,輻射量與劑量學;偵檢器與計數統計,sources/111_2/22_Q.pdf,10,10,keyword_candidates_require_tutor_review
111-2-22-56,醫學物理學與輻射安全,偵檢器與計數統計,sources/111_2/22_Q.pdf,10,10,keyword_candidates_require_tutor_review
111-2-22-57,醫學物理學與輻射安全,衰減與屏蔽;輻射量與劑量學;放射治療計畫與劑量,sources/111_2/22_Q.pdf,10,11,keyword_candidates_require_tutor_review
111-2-22-58,醫學物理學與輻射安全,衰減與屏蔽,sources/111_2/22_Q.pdf,11,11,keyword_candidates_require_tutor_review
111-2-22-59,醫學物理學與輻射安全,光子與物質交互作用;衰減與屏蔽;X光產生與能譜,sources/111_2/22_Q.pdf,11,11,keyword_candidates_require_tutor_review
111-2-22-60,醫學物理學與輻射安全,衰減與屏蔽,sources/111_2/22_Q.pdf,11,11,keyword_candidates_require_tutor_review
111-2-22-61,醫學物理學與輻射安全,衰減與屏蔽,sources/111_2/22_Q.pdf,11,11,keyword_candidates_require_tutor_review
111-2-22-62,醫學物理學與輻射安全,核衰變與核種平衡;衰減與屏蔽,sources/111_2/22_Q.pdf,11,12,keyword_candidates_require_tutor_review
111-2-22-63,醫學物理學與輻射安全,輻射量與劑量學;心血管系統,sources/111_2/22_Q.pdf,12,12,keyword_candidates_require_tutor_review
111-2-22-64,醫學物理學與輻射安全,輻射量與劑量學,sources/111_2/22_Q.pdf,12,12,keyword_candidates_require_tutor_review
111-2-22-65,醫學物理學與輻射安全,輻射量與劑量學;CT原理與技術;對比劑與特殊攝影;心血管系統;消化系統,sources/111_2/22_Q.pdf,12,12,keyword_candidates_require_tutor_review
111-2-22-66,醫學物理學與輻射安全,骨骼肌肉解剖與病理;神經系統;泌尿與生殖系統,sources/111_2/22_Q.pdf,12,12,keyword_candidates_require_tutor_review
111-2-22-67,醫學物理學與輻射安全,輻射量與劑量學;放射生物學,sources/111_2/22_Q.pdf,12,12,keyword_candidates_require_tutor_review
111-2-22-68,醫學物理學與輻射安全,放射生物學,sources/111_2/22_Q.pdf,12,13,keyword_candidates_require_tutor_review
111-2-22-69,醫學物理學與輻射安全,衰減與屏蔽,sources/111_2/22_Q.pdf,13,13,keyword_candidates_require_tutor_review
111-2-22-70,醫學物理學與輻射安全,輻射量與劑量學,sources/111_2/22_Q.pdf,13,13,keyword_candidates_require_tutor_review
111-2-22-71,醫學物理學與輻射安全,,sources/111_2/22_Q.pdf,13,13,keyword_candidates_require_tutor_review
111-2-22-72,醫學物理學與輻射安全,血液免疫與一般病理,sources/111_2/22_Q.pdf,13,13,keyword_candidates_require_tutor_review
111-2-22-73,醫學物理學與輻射安全,核衰變與核種平衡;輻射量與劑量學;CT原理與技術;核醫PET;放療設備與品保;神經系統,sources/111_2/22_Q.pdf,13,13,keyword_candidates_require_tutor_review
111-2-22-74,醫學物理學與輻射安全,,sources/111_2/22_Q.pdf,13,14,keyword_candidates_require_tutor_review
111-2-22-75,醫學物理學與輻射安全,半衰期與活度;輻射防護與法規;MRI原理與技術;近接與特殊放療,sources/111_2/22_Q.pdf,14,14,keyword_candidates_require_tutor_review
111-2-22-76,醫學物理學與輻射安全,輻射量與劑量學;輻射防護與法規,sources/111_2/22_Q.pdf,14,14,keyword_candidates_require_tutor_review
111-2-22-77,醫學物理學與輻射安全,輻射量與劑量學;放療設備與品保,sources/111_2/22_Q.pdf,14,14,keyword_candidates_require_tutor_review
111-2-22-78,醫學物理學與輻射安全,輻射防護與法規,sources/111_2/22_Q.pdf,14,14,keyword_candidates_require_tutor_review
111-2-22-79,醫學物理學與輻射安全,輻射量與劑量學;輻射防護與法規,sources/111_2/22_Q.pdf,15,15,keyword_candidates_require_tutor_review
111-2-22-80,醫學物理學與輻射安全,輻射量與劑量學;輻射防護與法規;核醫PET;放療設備與品保,sources/111_2/22_Q.pdf,15,15,keyword_candidates_require_tutor_review
111-2-33-01,放射線器材學（包括磁振學與超音波學）,,sources/111_2/33_Q.pdf,1,1,keyword_candidates_require_tutor_review
111-2-33-02,放射線器材學（包括磁振學與超音波學）,輻射量與劑量學,sources/111_2/33_Q.pdf,1,1,keyword_candidates_require_tutor_review
111-2-33-03,放射線器材學（包括磁振學與超音波學）,影像品質與數位影像;底片與影像接受器;神經系統,sources/111_2/33_Q.pdf,1,1,keyword_candidates_require_tutor_review
111-2-33-04,放射線器材學（包括磁振學與超音波學）,對比劑與特殊攝影,sources/111_2/33_Q.pdf,1,1,keyword_candidates_require_tutor_review
111-2-33-05,放射線器材學（包括磁振學與超音波學）,對比劑與特殊攝影,sources/111_2/33_Q.pdf,1,2,keyword_candidates_require_tutor_review
111-2-33-06,放射線器材學（包括磁振學與超音波學）,放射治療計畫與劑量,sources/111_2/33_Q.pdf,2,2,keyword_candidates_require_tutor_review
111-2-33-07,放射線器材學（包括磁振學與超音波學）,影像品質與數位影像;放療設備與品保,sources/111_2/33_Q.pdf,2,2,keyword_candidates_require_tutor_review
111-2-33-08,放射線器材學（包括磁振學與超音波學）,CT原理與技術;放射治療計畫與劑量,sources/111_2/33_Q.pdf,2,3,keyword_candidates_require_tutor_review
111-2-33-09,放射線器材學（包括磁振學與超音波學）,CT原理與技術;影像品質與數位影像;放療設備與品保,sources/111_2/33_Q.pdf,3,3,keyword_candidates_require_tutor_review
111-2-33-10,放射線器材學（包括磁振學與超音波學）,核衰變與核種平衡;CT原理與技術;超音波原理與技術;核醫PET;神經系統,sources/111_2/33_Q.pdf,3,3,keyword_candidates_require_tutor_review
111-2-33-11,放射線器材學（包括磁振學與超音波學）,CT原理與技術;放射藥物與核種製備,sources/111_2/33_Q.pdf,3,3,keyword_candidates_require_tutor_review
111-2-33-12,放射線器材學（包括磁振學與超音波學）,X光產生與能譜;CT原理與技術;影像品質與數位影像;放射藥物與核種製備,sources/111_2/33_Q.pdf,3,4,keyword_candidates_require_tutor_review
111-2-33-13,放射線器材學（包括磁振學與超音波學）,偵檢器與計數統計,sources/111_2/33_Q.pdf,4,4,keyword_candidates_require_tutor_review
111-2-33-14,放射線器材學（包括磁振學與超音波學）,衰減與屏蔽,sources/111_2/33_Q.pdf,4,4,keyword_candidates_require_tutor_review
111-2-33-15,放射線器材學（包括磁振學與超音波學）,底片與影像接受器;神經系統,sources/111_2/33_Q.pdf,4,4,keyword_candidates_require_tutor_review
111-2-33-16,放射線器材學（包括磁振學與超音波學）,偵檢器與計數統計;底片與影像接受器,sources/111_2/33_Q.pdf,4,4,keyword_candidates_require_tutor_review
111-2-33-17,放射線器材學（包括磁振學與超音波學）,偵檢器與計數統計;影像品質與數位影像;底片與影像接受器;神經系統,sources/111_2/33_Q.pdf,4,5,keyword_candidates_require_tutor_review
111-2-33-18,放射線器材學（包括磁振學與超音波學）,輻射量與劑量學;底片與影像接受器;神經系統,sources/111_2/33_Q.pdf,5,5,keyword_candidates_require_tutor_review
111-2-33-19,放射線器材學（包括磁振學與超音波學）,底片與影像接受器;呼吸系統,sources/111_2/33_Q.pdf,5,5,keyword_candidates_require_tutor_review
111-2-33-20,放射線器材學（包括磁振學與超音波學）,影像品質與數位影像;神經系統,sources/111_2/33_Q.pdf,5,5,keyword_candidates_require_tutor_review
111-2-33-21,放射線器材學（包括磁振學與超音波學）,光子與物質交互作用;對比劑與特殊攝影,sources/111_2/33_Q.pdf,5,5,keyword_candidates_require_tutor_review
111-2-33-22,放射線器材學（包括磁振學與超音波學）,X光產生與能譜;放射治療計畫與劑量;對比劑與特殊攝影;神經系統,sources/111_2/33_Q.pdf,5,5,keyword_candidates_require_tutor_review
111-2-33-23,放射線器材學（包括磁振學與超音波學）,偵檢器與計數統計;CT原理與技術;核醫SPECT與加馬攝影機;神經系統,sources/111_2/33_Q.pdf,5,6,keyword_candidates_require_tutor_review
111-2-33-24,放射線器材學（包括磁振學與超音波學）,超音波原理與技術,sources/111_2/33_Q.pdf,6,6,keyword_candidates_require_tutor_review
111-2-33-25,放射線器材學（包括磁振學與超音波學）,超音波原理與技術,sources/111_2/33_Q.pdf,6,6,keyword_candidates_require_tutor_review
111-2-33-26,放射線器材學（包括磁振學與超音波學）,衰減與屏蔽;超音波原理與技術,sources/111_2/33_Q.pdf,6,6,keyword_candidates_require_tutor_review
111-2-33-27,放射線器材學（包括磁振學與超音波學）,,sources/111_2/33_Q.pdf,6,6,keyword_candidates_require_tutor_review
111-2-33-28,放射線器材學（包括磁振學與超音波學）,影像品質與數位影像,sources/111_2/33_Q.pdf,6,6,keyword_candidates_require_tutor_review
111-2-33-29,放射線器材學（包括磁振學與超音波學）,超音波原理與技術,sources/111_2/33_Q.pdf,6,7,keyword_candidates_require_tutor_review
111-2-33-30,放射線器材學（包括磁振學與超音波學）,超音波原理與技術,sources/111_2/33_Q.pdf,7,7,keyword_candidates_require_tutor_review
111-2-33-31,放射線器材學（包括磁振學與超音波學）,衰減與屏蔽;超音波原理與技術,sources/111_2/33_Q.pdf,7,7,keyword_candidates_require_tutor_review
111-2-33-32,放射線器材學（包括磁振學與超音波學）,衰減與屏蔽;MRI原理與技術,sources/111_2/33_Q.pdf,7,7,keyword_candidates_require_tutor_review
111-2-33-33,放射線器材學（包括磁振學與超音波學）,MRI原理與技術,sources/111_2/33_Q.pdf,7,7,keyword_candidates_require_tutor_review
111-2-33-34,放射線器材學（包括磁振學與超音波學）,MRI原理與技術;影像品質與數位影像,sources/111_2/33_Q.pdf,7,7,keyword_candidates_require_tutor_review
111-2-33-35,放射線器材學（包括磁振學與超音波學）,輻射量與劑量學;MRI原理與技術,sources/111_2/33_Q.pdf,7,8,keyword_candidates_require_tutor_review
111-2-33-36,放射線器材學（包括磁振學與超音波學）,MRI原理與技術;影像品質與數位影像,sources/111_2/33_Q.pdf,8,8,keyword_candidates_require_tutor_review
111-2-33-37,放射線器材學（包括磁振學與超音波學）,MRI原理與技術,sources/111_2/33_Q.pdf,8,8,keyword_candidates_require_tutor_review
111-2-33-38,放射線器材學（包括磁振學與超音波學）,衰減與屏蔽;MRI原理與技術,sources/111_2/33_Q.pdf,8,8,keyword_candidates_require_tutor_review
111-2-33-39,放射線器材學（包括磁振學與超音波學）,MRI原理與技術;心血管系統,sources/111_2/33_Q.pdf,8,8,keyword_candidates_require_tutor_review
111-2-33-40,放射線器材學（包括磁振學與超音波學）,MRI原理與技術,sources/111_2/33_Q.pdf,8,8,keyword_candidates_require_tutor_review
111-2-33-41,放射線器材學（包括磁振學與超音波學）,MRI原理與技術;影像品質與數位影像,sources/111_2/33_Q.pdf,8,9,keyword_candidates_require_tutor_review
111-2-33-42,放射線器材學（包括磁振學與超音波學）,衰減與屏蔽;MRI原理與技術,sources/111_2/33_Q.pdf,9,9,keyword_candidates_require_tutor_review
111-2-33-43,放射線器材學（包括磁振學與超音波學）,衰減與屏蔽;MRI原理與技術;影像品質與數位影像,sources/111_2/33_Q.pdf,9,9,keyword_candidates_require_tutor_review
111-2-33-44,放射線器材學（包括磁振學與超音波學）,MRI原理與技術,sources/111_2/33_Q.pdf,9,9,keyword_candidates_require_tutor_review
111-2-33-45,放射線器材學（包括磁振學與超音波學）,衰減與屏蔽;MRI原理與技術,sources/111_2/33_Q.pdf,9,9,keyword_candidates_require_tutor_review
111-2-33-46,放射線器材學（包括磁振學與超音波學）,MRI原理與技術,sources/111_2/33_Q.pdf,9,9,keyword_candidates_require_tutor_review
111-2-33-47,放射線器材學（包括磁振學與超音波學）,輻射量與劑量學;MRI原理與技術;放射治療計畫與劑量;放療設備與品保,sources/111_2/33_Q.pdf,9,10,keyword_candidates_require_tutor_review
111-2-33-48,放射線器材學（包括磁振學與超音波學）,放療設備與品保,sources/111_2/33_Q.pdf,10,10,keyword_candidates_require_tutor_review
111-2-33-49,放射線器材學（包括磁振學與超音波學）,CT原理與技術;放射藥物與核種製備;放射治療計畫與劑量,sources/111_2/33_Q.pdf,10,10,keyword_candidates_require_tutor_review
111-2-33-50,放射線器材學（包括磁振學與超音波學）,放射治療計畫與劑量,sources/111_2/33_Q.pdf,10,10,keyword_candidates_require_tutor_review
111-2-33-51,放射線器材學（包括磁振學與超音波學）,衰減與屏蔽;放射治療計畫與劑量,sources/111_2/33_Q.pdf,10,10,keyword_candidates_require_tutor_review
111-2-33-52,放射線器材學（包括磁振學與超音波學）,X光產生與能譜;放射治療計畫與劑量;放療設備與品保,sources/111_2/33_Q.pdf,10,11,keyword_candidates_require_tutor_review
111-2-33-53,放射線器材學（包括磁振學與超音波學）,核醫SPECT與加馬攝影機;放射治療計畫與劑量,sources/111_2/33_Q.pdf,11,11,keyword_candidates_require_tutor_review
111-2-33-54,放射線器材學（包括磁振學與超音波學）,放射治療計畫與劑量,sources/111_2/33_Q.pdf,11,11,keyword_candidates_require_tutor_review
111-2-33-55,放射線器材學（包括磁振學與超音波學）,,sources/111_2/33_Q.pdf,11,11,keyword_candidates_require_tutor_review
111-2-33-56,放射線器材學（包括磁振學與超音波學）,底片與影像接受器;放療設備與品保,sources/111_2/33_Q.pdf,11,11,keyword_candidates_require_tutor_review
111-2-33-57,放射線器材學（包括磁振學與超音波學）,,sources/111_2/33_Q.pdf,11,11,keyword_candidates_require_tutor_review
111-2-33-58,放射線器材學（包括磁振學與超音波學）,,sources/111_2/33_Q.pdf,11,12,keyword_candidates_require_tutor_review
111-2-33-59,放射線器材學（包括磁振學與超音波學）,核醫SPECT與加馬攝影機;放療設備與品保,sources/111_2/33_Q.pdf,12,12,keyword_candidates_require_tutor_review
111-2-33-60,放射線器材學（包括磁振學與超音波學）,放射治療計畫與劑量;近接與特殊放療,sources/111_2/33_Q.pdf,12,12,keyword_candidates_require_tutor_review
111-2-33-61,放射線器材學（包括磁振學與超音波學）,放射藥物與核種製備;放射治療計畫與劑量;放療設備與品保,sources/111_2/33_Q.pdf,12,12,keyword_candidates_require_tutor_review
111-2-33-62,放射線器材學（包括磁振學與超音波學）,輻射量與劑量學;放射治療計畫與劑量;放療設備與品保,sources/111_2/33_Q.pdf,12,12,keyword_candidates_require_tutor_review
111-2-33-63,放射線器材學（包括磁振學與超音波學）,核衰變與核種平衡;CT原理與技術;核醫PET;放射治療計畫與劑量;神經系統,sources/111_2/33_Q.pdf,12,13,keyword_candidates_require_tutor_review
111-2-33-64,放射線器材學（包括磁振學與超音波學）,放射生物學;放射藥物與核種製備,sources/111_2/33_Q.pdf,13,13,keyword_candidates_require_tutor_review
111-2-33-65,放射線器材學（包括磁振學與超音波學）,底片與影像接受器;近接與特殊放療,sources/111_2/33_Q.pdf,13,13,keyword_candidates_require_tutor_review
111-2-33-66,放射線器材學（包括磁振學與超音波學）,影像品質與數位影像;核醫SPECT與加馬攝影機,sources/111_2/33_Q.pdf,13,13,keyword_candidates_require_tutor_review
111-2-33-67,放射線器材學（包括磁振學與超音波學）,,sources/111_2/33_Q.pdf,13,13,keyword_candidates_require_tutor_review
111-2-33-68,放射線器材學（包括磁振學與超音波學）,輻射量與劑量學;放射生物學;影像品質與數位影像;核醫SPECT與加馬攝影機;放射藥物與核種製備;核醫器官檢查;心血管系統;泌尿與生殖系統,sources/111_2/33_Q.pdf,13,15,keyword_candidates_require_tutor_review
111-2-33-69,放射線器材學（包括磁振學與超音波學）,影像品質與數位影像;核醫SPECT與加馬攝影機,sources/111_2/33_Q.pdf,15,16,keyword_candidates_require_tutor_review
111-2-33-70,放射線器材學（包括磁振學與超音波學）,偵檢器與計數統計;影像品質與數位影像;核醫SPECT與加馬攝影機;神經系統,sources/111_2/33_Q.pdf,16,16,keyword_candidates_require_tutor_review
111-2-33-71,放射線器材學（包括磁振學與超音波學）,衰減與屏蔽;偵檢器與計數統計;影像品質與數位影像;放療設備與品保;神經系統,sources/111_2/33_Q.pdf,16,17,keyword_candidates_require_tutor_review
111-2-33-72,放射線器材學（包括磁振學與超音波學）,衰減與屏蔽;CT原理與技術;核醫SPECT與加馬攝影機;放療設備與品保;攝影擺位與投照,sources/111_2/33_Q.pdf,17,17,keyword_candidates_require_tutor_review
111-2-33-73,放射線器材學（包括磁振學與超音波學）,偵檢器與計數統計,sources/111_2/33_Q.pdf,17,17,keyword_candidates_require_tutor_review
111-2-33-74,放射線器材學（包括磁振學與超音波學）,核衰變與核種平衡;衰減與屏蔽;偵檢器與計數統計;CT原理與技術;核醫PET;核醫SPECT與加馬攝影機;放療設備與品保;神經系統,sources/111_2/33_Q.pdf,17,17,keyword_candidates_require_tutor_review
111-2-33-75,放射線器材學（包括磁振學與超音波學）,核衰變與核種平衡;衰減與屏蔽;偵檢器與計數統計;CT原理與技術;核醫PET;放療設備與品保,sources/111_2/33_Q.pdf,17,18,keyword_candidates_require_tutor_review
111-2-33-76,放射線器材學（包括磁振學與超音波學）,半衰期與活度;衰減與屏蔽;核醫PET;放療設備與品保,sources/111_2/33_Q.pdf,18,18,keyword_candidates_require_tutor_review
111-2-33-77,放射線器材學（包括磁振學與超音波學）,衰減與屏蔽;CT原理與技術;核醫PET;放療設備與品保;攝影擺位與投照,sources/111_2/33_Q.pdf,18,18,keyword_candidates_require_tutor_review
111-2-33-78,放射線器材學（包括磁振學與超音波學）,偵檢器與計數統計;核醫SPECT與加馬攝影機,sources/111_2/33_Q.pdf,18,18,keyword_candidates_require_tutor_review
111-2-33-79,放射線器材學（包括磁振學與超音波學）,輻射量與劑量學;放射生物學,sources/111_2/33_Q.pdf,18,18,keyword_candidates_require_tutor_review
111-2-33-80,放射線器材學（包括磁振學與超音波學）,影像品質與數位影像,sources/111_2/33_Q.pdf,18,18,keyword_candidates_require_tutor_review
111-2-44-01,放射線診斷原理與技術學,X光產生與能譜;對比劑與特殊攝影,sources/111_2/44_Q.pdf,1,1,keyword_candidates_require_tutor_review
111-2-44-02,放射線診斷原理與技術學,,sources/111_2/44_Q.pdf,1,1,keyword_candidates_require_tutor_review
111-2-44-03,放射線診斷原理與技術學,底片與影像接受器,sources/111_2/44_Q.pdf,1,1,keyword_candidates_require_tutor_review
111-2-44-04,放射線診斷原理與技術學,,sources/111_2/44_Q.pdf,1,1,keyword_candidates_require_tutor_review
111-2-44-05,放射線診斷原理與技術學,偵檢器與計數統計;底片與影像接受器,sources/111_2/44_Q.pdf,1,2,keyword_candidates_require_tutor_review
111-2-44-06,放射線診斷原理與技術學,影像品質與數位影像,sources/111_2/44_Q.pdf,2,2,keyword_candidates_require_tutor_review
111-2-44-07,放射線診斷原理與技術學,,sources/111_2/44_Q.pdf,2,2,keyword_candidates_require_tutor_review
111-2-44-08,放射線診斷原理與技術學,,sources/111_2/44_Q.pdf,2,2,keyword_candidates_require_tutor_review
111-2-44-09,放射線診斷原理與技術學,MRI原理與技術;骨骼肌肉解剖與病理,sources/111_2/44_Q.pdf,2,2,keyword_candidates_require_tutor_review
111-2-44-10,放射線診斷原理與技術學,輻射防護與法規;放射生物學;底片與影像接受器,sources/111_2/44_Q.pdf,2,2,keyword_candidates_require_tutor_review
111-2-44-11,放射線診斷原理與技術學,,sources/111_2/44_Q.pdf,2,3,keyword_candidates_require_tutor_review
111-2-44-12,放射線診斷原理與技術學,攝影擺位與投照;呼吸系統,sources/111_2/44_Q.pdf,3,3,keyword_candidates_require_tutor_review
111-2-44-13,放射線診斷原理與技術學,CT原理與技術;底片與影像接受器;對比劑與特殊攝影,sources/111_2/44_Q.pdf,3,3,keyword_candidates_require_tutor_review
111-2-44-14,放射線診斷原理與技術學,,sources/111_2/44_Q.pdf,3,3,keyword_candidates_require_tutor_review
111-2-44-15,放射線診斷原理與技術學,,sources/111_2/44_Q.pdf,4,4,keyword_candidates_require_tutor_review
111-2-44-16,放射線診斷原理與技術學,對比劑與特殊攝影;消化系統,sources/111_2/44_Q.pdf,4,4,keyword_candidates_require_tutor_review
111-2-44-17,放射線診斷原理與技術學,,sources/111_2/44_Q.pdf,4,4,keyword_candidates_require_tutor_review
111-2-44-18,放射線診斷原理與技術學,,sources/111_2/44_Q.pdf,4,4,keyword_candidates_require_tutor_review
111-2-44-19,放射線診斷原理與技術學,泌尿與生殖系統,sources/111_2/44_Q.pdf,4,4,keyword_candidates_require_tutor_review
111-2-44-20,放射線診斷原理與技術學,消化系統,sources/111_2/44_Q.pdf,4,4,keyword_candidates_require_tutor_review
111-2-44-21,放射線診斷原理與技術學,癌症與臨床放療;消化系統,sources/111_2/44_Q.pdf,4,5,keyword_candidates_require_tutor_review
111-2-44-22,放射線診斷原理與技術學,核醫器官檢查,sources/111_2/44_Q.pdf,5,5,keyword_candidates_require_tutor_review
111-2-44-23,放射線診斷原理與技術學,癌症與臨床放療;泌尿與生殖系統;血液免疫與一般病理,sources/111_2/44_Q.pdf,5,5,keyword_candidates_require_tutor_review
111-2-44-24,放射線診斷原理與技術學,超音波原理與技術;對比劑與特殊攝影;心血管系統,sources/111_2/44_Q.pdf,5,5,keyword_candidates_require_tutor_review
111-2-44-25,放射線診斷原理與技術學,對比劑與特殊攝影;泌尿與生殖系統,sources/111_2/44_Q.pdf,5,5,keyword_candidates_require_tutor_review
111-2-44-26,放射線診斷原理與技術學,對比劑與特殊攝影;消化系統,sources/111_2/44_Q.pdf,5,5,keyword_candidates_require_tutor_review
111-2-44-27,放射線診斷原理與技術學,CT原理與技術;神經系統,sources/111_2/44_Q.pdf,5,6,keyword_candidates_require_tutor_review
111-2-44-28,放射線診斷原理與技術學,CT原理與技術;影像品質與數位影像;神經系統,sources/111_2/44_Q.pdf,6,6,keyword_candidates_require_tutor_review
111-2-44-29,放射線診斷原理與技術學,CT原理與技術,sources/111_2/44_Q.pdf,6,6,keyword_candidates_require_tutor_review
111-2-44-30,放射線診斷原理與技術學,,sources/111_2/44_Q.pdf,6,6,keyword_candidates_require_tutor_review
111-2-44-31,放射線診斷原理與技術學,CT原理與技術;神經系統,sources/111_2/44_Q.pdf,6,7,keyword_candidates_require_tutor_review
111-2-44-32,放射線診斷原理與技術學,CT原理與技術;神經系統;心血管系統,sources/111_2/44_Q.pdf,7,7,keyword_candidates_require_tutor_review
111-2-44-33,放射線診斷原理與技術學,CT原理與技術;底片與影像接受器;癌症與臨床放療;對比劑與特殊攝影;神經系統,sources/111_2/44_Q.pdf,7,7,keyword_candidates_require_tutor_review
111-2-44-34,放射線診斷原理與技術學,CT原理與技術;對比劑與特殊攝影;神經系統;心血管系統,sources/111_2/44_Q.pdf,8,8,keyword_candidates_require_tutor_review
111-2-44-35,放射線診斷原理與技術學,CT原理與技術;放射藥物與核種製備;神經系統;心血管系統;呼吸系統,sources/111_2/44_Q.pdf,8,8,keyword_candidates_require_tutor_review
111-2-44-36,放射線診斷原理與技術學,骨骼肌肉解剖與病理,sources/111_2/44_Q.pdf,8,9,keyword_candidates_require_tutor_review
111-2-44-37,放射線診斷原理與技術學,CT原理與技術;神經系統,sources/111_2/44_Q.pdf,9,9,keyword_candidates_require_tutor_review
111-2-44-38,放射線診斷原理與技術學,CT原理與技術;神經系統,sources/111_2/44_Q.pdf,9,9,keyword_candidates_require_tutor_review
111-2-44-39,放射線診斷原理與技術學,影像品質與數位影像;骨骼肌肉解剖與病理,sources/111_2/44_Q.pdf,9,9,keyword_candidates_require_tutor_review
111-2-44-40,放射線診斷原理與技術學,輻射量與劑量學;CT原理與技術;影像品質與數位影像;神經系統,sources/111_2/44_Q.pdf,9,9,keyword_candidates_require_tutor_review
111-2-44-41,放射線診斷原理與技術學,CT原理與技術;影像品質與數位影像,sources/111_2/44_Q.pdf,9,9,keyword_candidates_require_tutor_review
111-2-44-42,放射線診斷原理與技術學,CT原理與技術;放射藥物與核種製備,sources/111_2/44_Q.pdf,9,10,keyword_candidates_require_tutor_review
111-2-44-43,放射線診斷原理與技術學,MRI原理與技術;影像品質與數位影像;對比劑與特殊攝影,sources/111_2/44_Q.pdf,10,10,keyword_candidates_require_tutor_review
111-2-44-44,放射線診斷原理與技術學,MRI原理與技術,sources/111_2/44_Q.pdf,10,10,keyword_candidates_require_tutor_review
111-2-44-45,放射線診斷原理與技術學,MRI原理與技術,sources/111_2/44_Q.pdf,10,10,keyword_candidates_require_tutor_review
111-2-44-46,放射線診斷原理與技術學,,sources/111_2/44_Q.pdf,10,10,keyword_candidates_require_tutor_review
111-2-44-47,放射線診斷原理與技術學,MRI原理與技術;核醫SPECT與加馬攝影機;神經系統;血液免疫與一般病理,sources/111_2/44_Q.pdf,11,11,keyword_candidates_require_tutor_review
111-2-44-48,放射線診斷原理與技術學,MRI原理與技術,sources/111_2/44_Q.pdf,11,11,keyword_candidates_require_tutor_review
111-2-44-49,放射線診斷原理與技術學,MRI原理與技術;底片與影像接受器;對比劑與特殊攝影,sources/111_2/44_Q.pdf,11,11,keyword_candidates_require_tutor_review
111-2-44-50,放射線診斷原理與技術學,MRI原理與技術,sources/111_2/44_Q.pdf,11,12,keyword_candidates_require_tutor_review
111-2-44-51,放射線診斷原理與技術學,MRI原理與技術,sources/111_2/44_Q.pdf,12,12,keyword_candidates_require_tutor_review
111-2-44-52,放射線診斷原理與技術學,MRI原理與技術,sources/111_2/44_Q.pdf,12,12,keyword_candidates_require_tutor_review
111-2-44-53,放射線診斷原理與技術學,,sources/111_2/44_Q.pdf,12,12,keyword_candidates_require_tutor_review
111-2-44-54,放射線診斷原理與技術學,MRI原理與技術,sources/111_2/44_Q.pdf,12,12,keyword_candidates_require_tutor_review
111-2-44-55,放射線診斷原理與技術學,放射藥物與核種製備;神經系統,sources/111_2/44_Q.pdf,12,12,keyword_candidates_require_tutor_review
111-2-44-56,放射線診斷原理與技術學,,sources/111_2/44_Q.pdf,12,12,keyword_candidates_require_tutor_review
111-2-44-57,放射線診斷原理與技術學,,sources/111_2/44_Q.pdf,13,13,keyword_candidates_require_tutor_review
111-2-44-58,放射線診斷原理與技術學,,sources/111_2/44_Q.pdf,13,13,keyword_candidates_require_tutor_review
111-2-44-59,放射線診斷原理與技術學,影像品質與數位影像;神經系統,sources/111_2/44_Q.pdf,13,13,keyword_candidates_require_tutor_review
111-2-44-60,放射線診斷原理與技術學,MRI原理與技術,sources/111_2/44_Q.pdf,13,13,keyword_candidates_require_tutor_review
111-2-44-61,放射線診斷原理與技術學,超音波原理與技術;消化系統,sources/111_2/44_Q.pdf,13,14,keyword_candidates_require_tutor_review
111-2-44-62,放射線診斷原理與技術學,超音波原理與技術;癌症與臨床放療;消化系統,sources/111_2/44_Q.pdf,14,14,keyword_candidates_require_tutor_review
111-2-44-63,放射線診斷原理與技術學,超音波原理與技術;泌尿與生殖系統,sources/111_2/44_Q.pdf,14,14,keyword_candidates_require_tutor_review
111-2-44-64,放射線診斷原理與技術學,超音波原理與技術;泌尿與生殖系統,sources/111_2/44_Q.pdf,14,15,keyword_candidates_require_tutor_review
111-2-44-65,放射線診斷原理與技術學,超音波原理與技術;消化系統,sources/111_2/44_Q.pdf,15,15,keyword_candidates_require_tutor_review
111-2-44-66,放射線診斷原理與技術學,超音波原理與技術,sources/111_2/44_Q.pdf,15,15,keyword_candidates_require_tutor_review
111-2-44-67,放射線診斷原理與技術學,超音波原理與技術,sources/111_2/44_Q.pdf,15,15,keyword_candidates_require_tutor_review
111-2-44-68,放射線診斷原理與技術學,放射生物學;MRI原理與技術,sources/111_2/44_Q.pdf,15,15,keyword_candidates_require_tutor_review
111-2-44-69,放射線診斷原理與技術學,超音波原理與技術;泌尿與生殖系統,sources/111_2/44_Q.pdf,15,15,keyword_candidates_require_tutor_review
111-2-44-70,放射線診斷原理與技術學,超音波原理與技術;消化系統,sources/111_2/44_Q.pdf,15,16,keyword_candidates_require_tutor_review
111-2-44-71,放射線診斷原理與技術學,超音波原理與技術,sources/111_2/44_Q.pdf,16,16,keyword_candidates_require_tutor_review
111-2-44-72,放射線診斷原理與技術學,超音波原理與技術;泌尿與生殖系統,sources/111_2/44_Q.pdf,16,16,keyword_candidates_require_tutor_review
111-2-44-73,放射線診斷原理與技術學,超音波原理與技術;泌尿與生殖系統,sources/111_2/44_Q.pdf,16,16,keyword_candidates_require_tutor_review
111-2-44-74,放射線診斷原理與技術學,輻射量與劑量學;偵檢器與計數統計;CT原理與技術;神經系統,sources/111_2/44_Q.pdf,16,17,keyword_candidates_require_tutor_review
111-2-44-75,放射線診斷原理與技術學,底片與影像接受器;對比劑與特殊攝影,sources/111_2/44_Q.pdf,17,17,keyword_candidates_require_tutor_review
111-2-44-76,放射線診斷原理與技術學,輻射防護與法規,sources/111_2/44_Q.pdf,17,17,keyword_candidates_require_tutor_review
111-2-44-77,放射線診斷原理與技術學,影像品質與數位影像,sources/111_2/44_Q.pdf,17,18,keyword_candidates_require_tutor_review
111-2-44-78,放射線診斷原理與技術學,影像品質與數位影像,sources/111_2/44_Q.pdf,18,18,keyword_candidates_require_tutor_review
111-2-44-79,放射線診斷原理與技術學,影像品質與數位影像,sources/111_2/44_Q.pdf,18,18,keyword_candidates_require_tutor_review
111-2-44-80,放射線診斷原理與技術學,輻射量與劑量學,sources/111_2/44_Q.pdf,18,18,keyword_candidates_require_tutor_review
111-2-55-01,放射線治療原理與技術學,放射生物學;血液免疫與一般病理,sources/111_2/55_Q.pdf,1,1,keyword_candidates_require_tutor_review
111-2-55-02,放射線治療原理與技術學,,sources/111_2/55_Q.pdf,1,1,keyword_candidates_require_tutor_review
111-2-55-03,放射線治療原理與技術學,輻射防護與法規;癌症與臨床放療;神經系統,sources/111_2/55_Q.pdf,1,1,keyword_candidates_require_tutor_review
111-2-55-04,放射線治療原理與技術學,癌症與臨床放療;消化系統;泌尿與生殖系統,sources/111_2/55_Q.pdf,1,1,keyword_candidates_require_tutor_review
111-2-55-05,放射線治療原理與技術學,放射生物學;癌症與臨床放療;血液免疫與一般病理,sources/111_2/55_Q.pdf,1,2,keyword_candidates_require_tutor_review
111-2-55-06,放射線治療原理與技術學,輻射量與劑量學;血液免疫與一般病理,sources/111_2/55_Q.pdf,2,2,keyword_candidates_require_tutor_review
111-2-55-07,放射線治療原理與技術學,放射生物學,sources/111_2/55_Q.pdf,2,2,keyword_candidates_require_tutor_review
111-2-55-08,放射線治療原理與技術學,偵檢器與計數統計;放射生物學,sources/111_2/55_Q.pdf,2,2,keyword_candidates_require_tutor_review
111-2-55-09,放射線治療原理與技術學,底片與影像接受器,sources/111_2/55_Q.pdf,2,2,keyword_candidates_require_tutor_review
111-2-55-10,放射線治療原理與技術學,放射生物學,sources/111_2/55_Q.pdf,2,2,keyword_candidates_require_tutor_review
111-2-55-11,放射線治療原理與技術學,,sources/111_2/55_Q.pdf,2,3,keyword_candidates_require_tutor_review
111-2-55-12,放射線治療原理與技術學,,sources/111_2/55_Q.pdf,3,3,keyword_candidates_require_tutor_review
111-2-55-13,放射線治療原理與技術學,放射治療計畫與劑量,sources/111_2/55_Q.pdf,3,3,keyword_candidates_require_tutor_review
111-2-55-14,放射線治療原理與技術學,放射治療計畫與劑量;癌症與臨床放療,sources/111_2/55_Q.pdf,3,3,keyword_candidates_require_tutor_review
111-2-55-15,放射線治療原理與技術學,,sources/111_2/55_Q.pdf,3,4,keyword_candidates_require_tutor_review
111-2-55-16,放射線治療原理與技術學,輻射量與劑量學;放射治療計畫與劑量,sources/111_2/55_Q.pdf,4,4,keyword_candidates_require_tutor_review
111-2-55-17,放射線治療原理與技術學,放射治療計畫與劑量,sources/111_2/55_Q.pdf,4,4,keyword_candidates_require_tutor_review
111-2-55-18,放射線治療原理與技術學,放射治療計畫與劑量,sources/111_2/55_Q.pdf,4,4,keyword_candidates_require_tutor_review
111-2-55-19,放射線治療原理與技術學,放射治療計畫與劑量,sources/111_2/55_Q.pdf,4,4,keyword_candidates_require_tutor_review
111-2-55-20,放射線治療原理與技術學,影像品質與數位影像;放射治療計畫與劑量,sources/111_2/55_Q.pdf,4,4,keyword_candidates_require_tutor_review
111-2-55-21,放射線治療原理與技術學,MRI原理與技術;放射治療計畫與劑量,sources/111_2/55_Q.pdf,4,5,keyword_candidates_require_tutor_review
111-2-55-22,放射線治療原理與技術學,癌症與臨床放療;骨骼肌肉解剖與病理;泌尿與生殖系統,sources/111_2/55_Q.pdf,5,5,keyword_candidates_require_tutor_review
111-2-55-23,放射線治療原理與技術學,輻射量與劑量學;放射治療計畫與劑量;神經系統,sources/111_2/55_Q.pdf,5,5,keyword_candidates_require_tutor_review
111-2-55-24,放射線治療原理與技術學,放射治療計畫與劑量;癌症與臨床放療;消化系統,sources/111_2/55_Q.pdf,5,5,keyword_candidates_require_tutor_review
111-2-55-25,放射線治療原理與技術學,癌症與臨床放療;骨骼肌肉解剖與病理;神經系統;呼吸系統;泌尿與生殖系統,sources/111_2/55_Q.pdf,5,6,keyword_candidates_require_tutor_review
111-2-55-26,放射線治療原理與技術學,放射治療計畫與劑量,sources/111_2/55_Q.pdf,6,6,keyword_candidates_require_tutor_review
111-2-55-27,放射線治療原理與技術學,輻射量與劑量學;近接與特殊放療;癌症與臨床放療;呼吸系統,sources/111_2/55_Q.pdf,6,6,keyword_candidates_require_tutor_review
111-2-55-28,放射線治療原理與技術學,輻射量與劑量學;放射治療計畫與劑量;癌症與臨床放療,sources/111_2/55_Q.pdf,6,6,keyword_candidates_require_tutor_review
111-2-55-29,放射線治療原理與技術學,放射治療計畫與劑量,sources/111_2/55_Q.pdf,6,6,keyword_candidates_require_tutor_review
111-2-55-30,放射線治療原理與技術學,放射治療計畫與劑量;癌症與臨床放療;泌尿與生殖系統,sources/111_2/55_Q.pdf,6,7,keyword_candidates_require_tutor_review
111-2-55-31,放射線治療原理與技術學,輻射量與劑量學;放射治療計畫與劑量;放療設備與品保;癌症與臨床放療,sources/111_2/55_Q.pdf,7,7,keyword_candidates_require_tutor_review
111-2-55-32,放射線治療原理與技術學,輻射量與劑量學,sources/111_2/55_Q.pdf,7,7,keyword_candidates_require_tutor_review
111-2-55-33,放射線治療原理與技術學,,sources/111_2/55_Q.pdf,7,7,keyword_candidates_require_tutor_review
111-2-55-34,放射線治療原理與技術學,放射治療計畫與劑量,sources/111_2/55_Q.pdf,7,7,keyword_candidates_require_tutor_review
111-2-55-35,放射線治療原理與技術學,,sources/111_2/55_Q.pdf,7,8,keyword_candidates_require_tutor_review
111-2-55-36,放射線治療原理與技術學,放療設備與品保,sources/111_2/55_Q.pdf,8,8,keyword_candidates_require_tutor_review
111-2-55-37,放射線治療原理與技術學,近接與特殊放療,sources/111_2/55_Q.pdf,8,8,keyword_candidates_require_tutor_review
111-2-55-38,放射線治療原理與技術學,核衰變與核種平衡;半衰期與活度;近接與特殊放療,sources/111_2/55_Q.pdf,8,8,keyword_candidates_require_tutor_review
111-2-55-39,放射線治療原理與技術學,癌症與臨床放療;骨骼肌肉解剖與病理;泌尿與生殖系統,sources/111_2/55_Q.pdf,8,8,keyword_candidates_require_tutor_review
111-2-55-40,放射線治療原理與技術學,近接與特殊放療,sources/111_2/55_Q.pdf,8,9,keyword_candidates_require_tutor_review
111-2-55-41,放射線治療原理與技術學,MRI原理與技術;癌症與臨床放療;泌尿與生殖系統,sources/111_2/55_Q.pdf,9,9,keyword_candidates_require_tutor_review
111-2-55-42,放射線治療原理與技術學,輻射量與劑量學;近接與特殊放療,sources/111_2/55_Q.pdf,9,9,keyword_candidates_require_tutor_review
111-2-55-43,放射線治療原理與技術學,近接與特殊放療,sources/111_2/55_Q.pdf,9,9,keyword_candidates_require_tutor_review
111-2-55-44,放射線治療原理與技術學,MRI原理與技術,sources/111_2/55_Q.pdf,9,9,keyword_candidates_require_tutor_review
111-2-55-45,放射線治療原理與技術學,底片與影像接受器;近接與特殊放療;癌症與臨床放療;對比劑與特殊攝影;骨骼肌肉解剖與病理;泌尿與生殖系統,sources/111_2/55_Q.pdf,9,9,keyword_candidates_require_tutor_review
111-2-55-46,放射線治療原理與技術學,放射治療計畫與劑量,sources/111_2/55_Q.pdf,10,10,keyword_candidates_require_tutor_review
111-2-55-47,放射線治療原理與技術學,放射治療計畫與劑量;近接與特殊放療;癌症與臨床放療;泌尿與生殖系統;血液免疫與一般病理,sources/111_2/55_Q.pdf,10,10,keyword_candidates_require_tutor_review
111-2-55-48,放射線治療原理與技術學,放射治療計畫與劑量;放療設備與品保;近接與特殊放療,sources/111_2/55_Q.pdf,10,10,keyword_candidates_require_tutor_review
111-2-55-49,放射線治療原理與技術學,近接與特殊放療,sources/111_2/55_Q.pdf,10,10,keyword_candidates_require_tutor_review
111-2-55-50,放射線治療原理與技術學,核醫SPECT與加馬攝影機,sources/111_2/55_Q.pdf,10,10,keyword_candidates_require_tutor_review
111-2-55-51,放射線治療原理與技術學,放射治療計畫與劑量,sources/111_2/55_Q.pdf,10,10,keyword_candidates_require_tutor_review
111-2-55-52,放射線治療原理與技術學,放射治療計畫與劑量;癌症與臨床放療;攝影擺位與投照,sources/111_2/55_Q.pdf,11,11,keyword_candidates_require_tutor_review
111-2-55-53,放射線治療原理與技術學,神經系統,sources/111_2/55_Q.pdf,11,11,keyword_candidates_require_tutor_review
111-2-55-54,放射線治療原理與技術學,放射治療計畫與劑量;癌症與臨床放療,sources/111_2/55_Q.pdf,11,11,keyword_candidates_require_tutor_review
111-2-55-55,放射線治療原理與技術學,放療設備與品保;近接與特殊放療,sources/111_2/55_Q.pdf,11,11,keyword_candidates_require_tutor_review
111-2-55-56,放射線治療原理與技術學,輻射量與劑量學;放射治療計畫與劑量;近接與特殊放療;癌症與臨床放療,sources/111_2/55_Q.pdf,12,12,keyword_candidates_require_tutor_review
111-2-55-57,放射線治療原理與技術學,底片與影像接受器;放射治療計畫與劑量;神經系統,sources/111_2/55_Q.pdf,12,12,keyword_candidates_require_tutor_review
111-2-55-58,放射線治療原理與技術學,輻射量與劑量學;偵檢器與計數統計;放射治療計畫與劑量,sources/111_2/55_Q.pdf,12,12,keyword_candidates_require_tutor_review
111-2-55-59,放射線治療原理與技術學,,sources/111_2/55_Q.pdf,12,12,keyword_candidates_require_tutor_review
111-2-55-60,放射線治療原理與技術學,放射治療計畫與劑量;癌症與臨床放療,sources/111_2/55_Q.pdf,12,12,keyword_candidates_require_tutor_review
111-2-55-61,放射線治療原理與技術學,衰減與屏蔽;影像品質與數位影像;放射治療計畫與劑量;放療設備與品保,sources/111_2/55_Q.pdf,12,13,keyword_candidates_require_tutor_review
111-2-55-62,放射線治療原理與技術學,癌症與臨床放療;骨骼肌肉解剖與病理,sources/111_2/55_Q.pdf,13,13,keyword_candidates_require_tutor_review
111-2-55-63,放射線治療原理與技術學,放療設備與品保,sources/111_2/55_Q.pdf,13,13,keyword_candidates_require_tutor_review
111-2-55-64,放射線治療原理與技術學,癌症與臨床放療;呼吸系統,sources/111_2/55_Q.pdf,13,13,keyword_candidates_require_tutor_review
111-2-55-65,放射線治療原理與技術學,放射治療計畫與劑量,sources/111_2/55_Q.pdf,13,13,keyword_candidates_require_tutor_review
111-2-55-66,放射線治療原理與技術學,放射治療計畫與劑量,sources/111_2/55_Q.pdf,13,13,keyword_candidates_require_tutor_review
111-2-55-67,放射線治療原理與技術學,衰減與屏蔽;CT原理與技術;放射治療計畫與劑量,sources/111_2/55_Q.pdf,13,14,keyword_candidates_require_tutor_review
111-2-55-68,放射線治療原理與技術學,放射治療計畫與劑量,sources/111_2/55_Q.pdf,14,14,keyword_candidates_require_tutor_review
111-2-55-69,放射線治療原理與技術學,輻射防護與法規;CT原理與技術;MRI原理與技術;影像品質與數位影像;核醫PET;放療設備與品保;神經系統,sources/111_2/55_Q.pdf,14,14,keyword_candidates_require_tutor_review
111-2-55-70,放射線治療原理與技術學,輻射量與劑量學;放射治療計畫與劑量;放療設備與品保,sources/111_2/55_Q.pdf,14,14,keyword_candidates_require_tutor_review
111-2-55-71,放射線治療原理與技術學,衰減與屏蔽;輻射量與劑量學;輻射防護與法規,sources/111_2/55_Q.pdf,14,14,keyword_candidates_require_tutor_review
111-2-55-72,放射線治療原理與技術學,輻射量與劑量學;輻射防護與法規;放療設備與品保,sources/111_2/55_Q.pdf,14,15,keyword_candidates_require_tutor_review
111-2-55-73,放射線治療原理與技術學,輻射防護與法規;近接與特殊放療,sources/111_2/55_Q.pdf,15,15,keyword_candidates_require_tutor_review
111-2-55-74,放射線治療原理與技術學,半衰期與活度;輻射防護與法規;近接與特殊放療,sources/111_2/55_Q.pdf,15,15,keyword_candidates_require_tutor_review
111-2-55-75,放射線治療原理與技術學,輻射量與劑量學,sources/111_2/55_Q.pdf,15,15,keyword_candidates_require_tutor_review
111-2-55-76,放射線治療原理與技術學,輻射量與劑量學;放射治療計畫與劑量;放療設備與品保,sources/111_2/55_Q.pdf,15,15,keyword_candidates_require_tutor_review
111-2-55-77,放射線治療原理與技術學,輻射防護與法規;放療設備與品保,sources/111_2/55_Q.pdf,15,15,keyword_candidates_require_tutor_review
111-2-55-78,放射線治療原理與技術學,衰減與屏蔽;輻射防護與法規;近接與特殊放療,sources/111_2/55_Q.pdf,15,16,keyword_candidates_require_tutor_review
111-2-55-79,放射線治療原理與技術學,輻射防護與法規;放射治療計畫與劑量;放療設備與品保,sources/111_2/55_Q.pdf,16,16,keyword_candidates_require_tutor_review
111-2-55-80,放射線治療原理與技術學,輻射量與劑量學;輻射防護與法規;底片與影像接受器;放射治療計畫與劑量;放療設備與品保,sources/111_2/55_Q.pdf,16,16,keyword_candidates_require_tutor_review
111-2-66-01,核子醫學診療原理與技術學,放射生物學;癌症與臨床放療;神經系統,sources/111_2/66_Q.pdf,1,1,keyword_candidates_require_tutor_review
111-2-66-02,核子醫學診療原理與技術學,半衰期與活度,sources/111_2/66_Q.pdf,1,1,keyword_candidates_require_tutor_review
111-2-66-03,核子醫學診療原理與技術學,放射藥物與核種製備;核醫器官檢查;癌症與臨床放療;心血管系統;內分泌與代謝,sources/111_2/66_Q.pdf,1,1,keyword_candidates_require_tutor_review
111-2-66-04,核子醫學診療原理與技術學,核衰變與核種平衡;MRI原理與技術;放射藥物與核種製備,sources/111_2/66_Q.pdf,1,1,keyword_candidates_require_tutor_review
111-2-66-05,核子醫學診療原理與技術學,放射藥物與核種製備;攝影擺位與投照;泌尿與生殖系統,sources/111_2/66_Q.pdf,1,1,keyword_candidates_require_tutor_review
111-2-66-06,核子醫學診療原理與技術學,半衰期與活度;MRI原理與技術,sources/111_2/66_Q.pdf,1,2,keyword_candidates_require_tutor_review
111-2-66-07,核子醫學診療原理與技術學,,sources/111_2/66_Q.pdf,2,2,keyword_candidates_require_tutor_review
111-2-66-08,核子醫學診療原理與技術學,核衰變與核種平衡;半衰期與活度;MRI原理與技術;癌症與臨床放療;神經系統;內分泌與代謝,sources/111_2/66_Q.pdf,2,2,keyword_candidates_require_tutor_review
111-2-66-09,核子醫學診療原理與技術學,MRI原理與技術;放射藥物與核種製備;攝影擺位與投照;心血管系統;血液免疫與一般病理,sources/111_2/66_Q.pdf,2,2,keyword_candidates_require_tutor_review
111-2-66-10,核子醫學診療原理與技術學,MRI原理與技術,sources/111_2/66_Q.pdf,2,2,keyword_candidates_require_tutor_review
111-2-66-11,核子醫學診療原理與技術學,核衰變與核種平衡;半衰期與活度,sources/111_2/66_Q.pdf,2,2,keyword_candidates_require_tutor_review
111-2-66-12,核子醫學診療原理與技術學,半衰期與活度;放射藥物與核種製備,sources/111_2/66_Q.pdf,2,2,keyword_candidates_require_tutor_review
111-2-66-13,核子醫學診療原理與技術學,MRI原理與技術;攝影擺位與投照,sources/111_2/66_Q.pdf,2,3,keyword_candidates_require_tutor_review
111-2-66-14,核子醫學診療原理與技術學,放射藥物與核種製備;攝影擺位與投照,sources/111_2/66_Q.pdf,3,3,keyword_candidates_require_tutor_review
111-2-66-15,核子醫學診療原理與技術學,,sources/111_2/66_Q.pdf,3,3,keyword_candidates_require_tutor_review
111-2-66-16,核子醫學診療原理與技術學,核衰變與核種平衡;放射藥物與核種製備,sources/111_2/66_Q.pdf,3,3,keyword_candidates_require_tutor_review
111-2-66-17,核子醫學診療原理與技術學,核醫PET;神經系統;心血管系統,sources/111_2/66_Q.pdf,3,3,keyword_candidates_require_tutor_review
111-2-66-18,核子醫學診療原理與技術學,MRI原理與技術;放射藥物與核種製備,sources/111_2/66_Q.pdf,3,3,keyword_candidates_require_tutor_review
111-2-66-19,核子醫學診療原理與技術學,核醫PET;放射藥物與核種製備;神經系統,sources/111_2/66_Q.pdf,3,3,keyword_candidates_require_tutor_review
111-2-66-20,核子醫學診療原理與技術學,心血管系統,sources/111_2/66_Q.pdf,3,4,keyword_candidates_require_tutor_review
111-2-66-21,核子醫學診療原理與技術學,心血管系統,sources/111_2/66_Q.pdf,4,4,keyword_candidates_require_tutor_review
111-2-66-22,核子醫學診療原理與技術學,放射藥物與核種製備;攝影擺位與投照;心血管系統;血液免疫與一般病理,sources/111_2/66_Q.pdf,4,4,keyword_candidates_require_tutor_review
111-2-66-23,核子醫學診療原理與技術學,放射藥物與核種製備;心血管系統;呼吸系統,sources/111_2/66_Q.pdf,4,4,keyword_candidates_require_tutor_review
111-2-66-24,核子醫學診療原理與技術學,放射藥物與核種製備;攝影擺位與投照;神經系統,sources/111_2/66_Q.pdf,4,4,keyword_candidates_require_tutor_review
111-2-66-25,核子醫學診療原理與技術學,影像品質與數位影像;核醫SPECT與加馬攝影機;核醫器官檢查;心血管系統,sources/111_2/66_Q.pdf,4,4,keyword_candidates_require_tutor_review
111-2-66-26,核子醫學診療原理與技術學,核醫PET;放射藥物與核種製備;攝影擺位與投照,sources/111_2/66_Q.pdf,4,5,keyword_candidates_require_tutor_review
111-2-66-27,核子醫學診療原理與技術學,衰減與屏蔽;輻射防護與法規;放射藥物與核種製備;核醫器官檢查;心血管系統,sources/111_2/66_Q.pdf,5,5,keyword_candidates_require_tutor_review
111-2-66-28,核子醫學診療原理與技術學,核衰變與核種平衡;核醫PET;癌症與臨床放療;神經系統;內分泌與代謝,sources/111_2/66_Q.pdf,5,5,keyword_candidates_require_tutor_review
111-2-66-29,核子醫學診療原理與技術學,核衰變與核種平衡;核醫PET;消化系統;內分泌與代謝,sources/111_2/66_Q.pdf,5,5,keyword_candidates_require_tutor_review
111-2-66-30,核子醫學診療原理與技術學,MRI原理與技術;放射藥物與核種製備;癌症與臨床放療,sources/111_2/66_Q.pdf,5,5,keyword_candidates_require_tutor_review
111-2-66-31,核子醫學診療原理與技術學,放射藥物與核種製備;骨骼肌肉解剖與病理;神經系統;泌尿與生殖系統,sources/111_2/66_Q.pdf,5,5,keyword_candidates_require_tutor_review
111-2-66-32,核子醫學診療原理與技術學,核醫PET;癌症與臨床放療,sources/111_2/66_Q.pdf,5,6,keyword_candidates_require_tutor_review
111-2-66-33,核子醫學診療原理與技術學,MRI原理與技術;放射藥物與核種製備;骨骼肌肉解剖與病理;血液免疫與一般病理,sources/111_2/66_Q.pdf,6,6,keyword_candidates_require_tutor_review
111-2-66-34,核子醫學診療原理與技術學,核衰變與核種平衡;MRI原理與技術;癌症與臨床放療,sources/111_2/66_Q.pdf,6,6,keyword_candidates_require_tutor_review
111-2-66-35,核子醫學診療原理與技術學,MRI原理與技術;癌症與臨床放療,sources/111_2/66_Q.pdf,6,6,keyword_candidates_require_tutor_review
111-2-66-36,核子醫學診療原理與技術學,對比劑與特殊攝影;骨骼肌肉解剖與病理;消化系統,sources/111_2/66_Q.pdf,6,6,keyword_candidates_require_tutor_review
111-2-66-37,核子醫學診療原理與技術學,核衰變與核種平衡;核醫PET,sources/111_2/66_Q.pdf,6,6,keyword_candidates_require_tutor_review
111-2-66-38,核子醫學診療原理與技術學,偵檢器與計數統計;核醫器官檢查;內分泌與代謝,sources/111_2/66_Q.pdf,6,6,keyword_candidates_require_tutor_review
111-2-66-39,核子醫學診療原理與技術學,輻射量與劑量學;放射藥物與核種製備;攝影擺位與投照;泌尿與生殖系統,sources/111_2/66_Q.pdf,6,6,keyword_candidates_require_tutor_review
111-2-66-40,核子醫學診療原理與技術學,放射藥物與核種製備;泌尿與生殖系統,sources/111_2/66_Q.pdf,6,7,keyword_candidates_require_tutor_review
111-2-66-41,核子醫學診療原理與技術學,MRI原理與技術;放射藥物與核種製備;內分泌與代謝,sources/111_2/66_Q.pdf,7,7,keyword_candidates_require_tutor_review
111-2-66-42,核子醫學診療原理與技術學,偵檢器與計數統計;MRI原理與技術;放射藥物與核種製備;內分泌與代謝,sources/111_2/66_Q.pdf,7,7,keyword_candidates_require_tutor_review
111-2-66-43,核子醫學診療原理與技術學,癌症與臨床放療;內分泌與代謝,sources/111_2/66_Q.pdf,7,7,keyword_candidates_require_tutor_review
111-2-66-44,核子醫學診療原理與技術學,放射藥物與核種製備;泌尿與生殖系統;內分泌與代謝,sources/111_2/66_Q.pdf,7,8,keyword_candidates_require_tutor_review
111-2-66-45,核子醫學診療原理與技術學,MRI原理與技術;放射藥物與核種製備;內分泌與代謝,sources/111_2/66_Q.pdf,8,8,keyword_candidates_require_tutor_review
111-2-66-46,核子醫學診療原理與技術學,MRI原理與技術;放射藥物與核種製備;內分泌與代謝,sources/111_2/66_Q.pdf,8,8,keyword_candidates_require_tutor_review
111-2-66-47,核子醫學診療原理與技術學,放射藥物與核種製備;攝影擺位與投照;骨骼肌肉解剖與病理;泌尿與生殖系統,sources/111_2/66_Q.pdf,8,8,keyword_candidates_require_tutor_review
111-2-66-48,核子醫學診療原理與技術學,半衰期與活度;MRI原理與技術;核醫SPECT與加馬攝影機;放射藥物與核種製備;骨骼肌肉解剖與病理;內分泌與代謝,sources/111_2/66_Q.pdf,8,9,keyword_candidates_require_tutor_review
111-2-66-49,核子醫學診療原理與技術學,癌症與臨床放療;消化系統,sources/111_2/66_Q.pdf,9,9,keyword_candidates_require_tutor_review
111-2-66-50,核子醫學診療原理與技術學,偵檢器與計數統計;影像品質與數位影像,sources/111_2/66_Q.pdf,9,9,keyword_candidates_require_tutor_review
111-2-66-51,核子醫學診療原理與技術學,消化系統,sources/111_2/66_Q.pdf,9,9,keyword_candidates_require_tutor_review
111-2-66-52,核子醫學診療原理與技術學,癌症與臨床放療,sources/111_2/66_Q.pdf,9,9,keyword_candidates_require_tutor_review
111-2-66-53,核子醫學診療原理與技術學,內分泌與代謝,sources/111_2/66_Q.pdf,9,9,keyword_candidates_require_tutor_review
111-2-66-54,核子醫學診療原理與技術學,偵檢器與計數統計;骨骼肌肉解剖與病理;消化系統,sources/111_2/66_Q.pdf,9,9,keyword_candidates_require_tutor_review
111-2-66-55,核子醫學診療原理與技術學,MRI原理與技術;放射藥物與核種製備,sources/111_2/66_Q.pdf,9,10,keyword_candidates_require_tutor_review
111-2-66-56,核子醫學診療原理與技術學,CT原理與技術;呼吸系統;消化系統,sources/111_2/66_Q.pdf,10,10,keyword_candidates_require_tutor_review
111-2-66-57,核子醫學診療原理與技術學,放射藥物與核種製備;癌症與臨床放療;骨骼肌肉解剖與病理;呼吸系統,sources/111_2/66_Q.pdf,10,10,keyword_candidates_require_tutor_review
111-2-66-58,核子醫學診療原理與技術學,血液免疫與一般病理,sources/111_2/66_Q.pdf,10,10,keyword_candidates_require_tutor_review
111-2-66-59,核子醫學診療原理與技術學,放療設備與品保,sources/111_2/66_Q.pdf,10,10,keyword_candidates_require_tutor_review
111-2-66-60,核子醫學診療原理與技術學,,sources/111_2/66_Q.pdf,10,10,keyword_candidates_require_tutor_review
111-2-66-61,核子醫學診療原理與技術學,,sources/111_2/66_Q.pdf,10,10,keyword_candidates_require_tutor_review
111-2-66-62,核子醫學診療原理與技術學,偵檢器與計數統計;血液免疫與一般病理,sources/111_2/66_Q.pdf,10,11,keyword_candidates_require_tutor_review
111-2-66-63,核子醫學診療原理與技術學,,sources/111_2/66_Q.pdf,11,11,keyword_candidates_require_tutor_review
111-2-66-64,核子醫學診療原理與技術學,癌症與臨床放療;骨骼肌肉解剖與病理;泌尿與生殖系統,sources/111_2/66_Q.pdf,11,11,keyword_candidates_require_tutor_review
111-2-66-65,核子醫學診療原理與技術學,內分泌與代謝,sources/111_2/66_Q.pdf,11,11,keyword_candidates_require_tutor_review
111-2-66-66,核子醫學診療原理與技術學,放射藥物與核種製備;癌症與臨床放療;攝影擺位與投照;呼吸系統;血液免疫與一般病理,sources/111_2/66_Q.pdf,11,11,keyword_candidates_require_tutor_review
111-2-66-67,核子醫學診療原理與技術學,放射藥物與核種製備;癌症與臨床放療,sources/111_2/66_Q.pdf,11,11,keyword_candidates_require_tutor_review
111-2-66-68,核子醫學診療原理與技術學,MRI原理與技術;癌症與臨床放療;心血管系統,sources/111_2/66_Q.pdf,11,11,keyword_candidates_require_tutor_review
111-2-66-69,核子醫學診療原理與技術學,偵檢器與計數統計;放療設備與品保,sources/111_2/66_Q.pdf,11,12,keyword_candidates_require_tutor_review
111-2-66-70,核子醫學診療原理與技術學,X光產生與能譜;輻射量與劑量學;輻射防護與法規,sources/111_2/66_Q.pdf,12,12,keyword_candidates_require_tutor_review
111-2-66-71,核子醫學診療原理與技術學,,sources/111_2/66_Q.pdf,12,12,keyword_candidates_require_tutor_review
111-2-66-72,核子醫學診療原理與技術學,衰減與屏蔽;影像品質與數位影像;放療設備與品保,sources/111_2/66_Q.pdf,12,12,keyword_candidates_require_tutor_review
111-2-66-73,核子醫學診療原理與技術學,核衰變與核種平衡,sources/111_2/66_Q.pdf,12,12,keyword_candidates_require_tutor_review
111-2-66-74,核子醫學診療原理與技術學,心血管系統,sources/111_2/66_Q.pdf,12,12,keyword_candidates_require_tutor_review
111-2-66-75,核子醫學診療原理與技術學,衰減與屏蔽,sources/111_2/66_Q.pdf,12,13,keyword_candidates_require_tutor_review
111-2-66-76,核子醫學診療原理與技術學,,sources/111_2/66_Q.pdf,13,13,keyword_candidates_require_tutor_review
111-2-66-77,核子醫學診療原理與技術學,輻射量與劑量學;偵檢器與計數統計,sources/111_2/66_Q.pdf,13,13,keyword_candidates_require_tutor_review
111-2-66-78,核子醫學診療原理與技術學,輻射量與劑量學;偵檢器與計數統計;影像品質與數位影像,sources/111_2/66_Q.pdf,13,13,keyword_candidates_require_tutor_review
111-2-66-79,核子醫學診療原理與技術學,影像品質與數位影像,sources/111_2/66_Q.pdf,13,13,keyword_candidates_require_tutor_review
111-2-66-80,核子醫學診療原理與技術學,CT原理與技術;核醫PET;放療設備與品保,sources/111_2/66_Q.pdf,13,13,keyword_candidates_require_tutor_review
112-1-11-01,基礎醫學（包括解剖學、生理學與病理學）,骨骼肌肉解剖與病理,sources/112_1/11_Q.pdf,1,1,keyword_candidates_require_tutor_review
112-1-11-02,基礎醫學（包括解剖學、生理學與病理學）,,sources/112_1/11_Q.pdf,1,1,keyword_candidates_require_tutor_review
112-1-11-03,基礎醫學（包括解剖學、生理學與病理學）,,sources/112_1/11_Q.pdf,1,1,keyword_candidates_require_tutor_review
112-1-11-04,基礎醫學（包括解剖學、生理學與病理學）,MRI原理與技術;骨骼肌肉解剖與病理,sources/112_1/11_Q.pdf,1,1,keyword_candidates_require_tutor_review
112-1-11-05,基礎醫學（包括解剖學、生理學與病理學）,骨骼肌肉解剖與病理;心血管系統,sources/112_1/11_Q.pdf,1,2,keyword_candidates_require_tutor_review
112-1-11-06,基礎醫學（包括解剖學、生理學與病理學）,骨骼肌肉解剖與病理;心血管系統,sources/112_1/11_Q.pdf,2,2,keyword_candidates_require_tutor_review
112-1-11-07,基礎醫學（包括解剖學、生理學與病理學）,骨骼肌肉解剖與病理;呼吸系統,sources/112_1/11_Q.pdf,2,2,keyword_candidates_require_tutor_review
112-1-11-08,基礎醫學（包括解剖學、生理學與病理學）,骨骼肌肉解剖與病理;神經系統,sources/112_1/11_Q.pdf,2,2,keyword_candidates_require_tutor_review
112-1-11-09,基礎醫學（包括解剖學、生理學與病理學）,骨骼肌肉解剖與病理;神經系統,sources/112_1/11_Q.pdf,2,2,keyword_candidates_require_tutor_review
112-1-11-10,基礎醫學（包括解剖學、生理學與病理學）,神經系統,sources/112_1/11_Q.pdf,2,2,keyword_candidates_require_tutor_review
112-1-11-11,基礎醫學（包括解剖學、生理學與病理學）,骨骼肌肉解剖與病理,sources/112_1/11_Q.pdf,2,3,keyword_candidates_require_tutor_review
112-1-11-12,基礎醫學（包括解剖學、生理學與病理學）,骨骼肌肉解剖與病理,sources/112_1/11_Q.pdf,3,3,keyword_candidates_require_tutor_review
112-1-11-13,基礎醫學（包括解剖學、生理學與病理學）,神經系統,sources/112_1/11_Q.pdf,3,3,keyword_candidates_require_tutor_review
112-1-11-14,基礎醫學（包括解剖學、生理學與病理學）,,sources/112_1/11_Q.pdf,3,3,keyword_candidates_require_tutor_review
112-1-11-15,基礎醫學（包括解剖學、生理學與病理學）,神經系統,sources/112_1/11_Q.pdf,3,3,keyword_candidates_require_tutor_review
112-1-11-16,基礎醫學（包括解剖學、生理學與病理學）,神經系統,sources/112_1/11_Q.pdf,3,3,keyword_candidates_require_tutor_review
112-1-11-17,基礎醫學（包括解剖學、生理學與病理學）,神經系統,sources/112_1/11_Q.pdf,3,4,keyword_candidates_require_tutor_review
112-1-11-18,基礎醫學（包括解剖學、生理學與病理學）,神經系統,sources/112_1/11_Q.pdf,4,4,keyword_candidates_require_tutor_review
112-1-11-19,基礎醫學（包括解剖學、生理學與病理學）,神經系統,sources/112_1/11_Q.pdf,4,4,keyword_candidates_require_tutor_review
112-1-11-20,基礎醫學（包括解剖學、生理學與病理學）,骨骼肌肉解剖與病理;神經系統,sources/112_1/11_Q.pdf,4,4,keyword_candidates_require_tutor_review
112-1-11-21,基礎醫學（包括解剖學、生理學與病理學）,神經系統,sources/112_1/11_Q.pdf,4,4,keyword_candidates_require_tutor_review
112-1-11-22,基礎醫學（包括解剖學、生理學與病理學）,MRI原理與技術;神經系統;泌尿與生殖系統;內分泌與代謝,sources/112_1/11_Q.pdf,4,4,keyword_candidates_require_tutor_review
112-1-11-23,基礎醫學（包括解剖學、生理學與病理學）,,sources/112_1/11_Q.pdf,4,5,keyword_candidates_require_tutor_review
112-1-11-24,基礎醫學（包括解剖學、生理學與病理學）,骨骼肌肉解剖與病理;消化系統,sources/112_1/11_Q.pdf,5,5,keyword_candidates_require_tutor_review
112-1-11-25,基礎醫學（包括解剖學、生理學與病理學）,呼吸系統,sources/112_1/11_Q.pdf,5,5,keyword_candidates_require_tutor_review
112-1-11-26,基礎醫學（包括解剖學、生理學與病理學）,神經系統,sources/112_1/11_Q.pdf,5,5,keyword_candidates_require_tutor_review
112-1-11-27,基礎醫學（包括解剖學、生理學與病理學）,心血管系統,sources/112_1/11_Q.pdf,5,5,keyword_candidates_require_tutor_review
112-1-11-28,基礎醫學（包括解剖學、生理學與病理學）,骨骼肌肉解剖與病理,sources/112_1/11_Q.pdf,5,6,keyword_candidates_require_tutor_review
112-1-11-29,基礎醫學（包括解剖學、生理學與病理學）,MRI原理與技術;消化系統,sources/112_1/11_Q.pdf,6,6,keyword_candidates_require_tutor_review
112-1-11-30,基礎醫學（包括解剖學、生理學與病理學）,骨骼肌肉解剖與病理,sources/112_1/11_Q.pdf,6,6,keyword_candidates_require_tutor_review
112-1-11-31,基礎醫學（包括解剖學、生理學與病理學）,呼吸系統,sources/112_1/11_Q.pdf,6,6,keyword_candidates_require_tutor_review
112-1-11-32,基礎醫學（包括解剖學、生理學與病理學）,MRI原理與技術;泌尿與生殖系統,sources/112_1/11_Q.pdf,6,6,keyword_candidates_require_tutor_review
112-1-11-33,基礎醫學（包括解剖學、生理學與病理學）,骨骼肌肉解剖與病理;泌尿與生殖系統,sources/112_1/11_Q.pdf,6,6,keyword_candidates_require_tutor_review
112-1-11-34,基礎醫學（包括解剖學、生理學與病理學）,神經系統;泌尿與生殖系統,sources/112_1/11_Q.pdf,6,7,keyword_candidates_require_tutor_review
112-1-11-35,基礎醫學（包括解剖學、生理學與病理學）,心血管系統;內分泌與代謝,sources/112_1/11_Q.pdf,7,7,keyword_candidates_require_tutor_review
112-1-11-36,基礎醫學（包括解剖學、生理學與病理學）,消化系統,sources/112_1/11_Q.pdf,7,7,keyword_candidates_require_tutor_review
112-1-11-37,基礎醫學（包括解剖學、生理學與病理學）,攝影擺位與投照,sources/112_1/11_Q.pdf,7,7,keyword_candidates_require_tutor_review
112-1-11-38,基礎醫學（包括解剖學、生理學與病理學）,MRI原理與技術;神經系統,sources/112_1/11_Q.pdf,7,7,keyword_candidates_require_tutor_review
112-1-11-39,基礎醫學（包括解剖學、生理學與病理學）,,sources/112_1/11_Q.pdf,7,7,keyword_candidates_require_tutor_review
112-1-11-40,基礎醫學（包括解剖學、生理學與病理學）,神經系統,sources/112_1/11_Q.pdf,7,8,keyword_candidates_require_tutor_review
112-1-11-41,基礎醫學（包括解剖學、生理學與病理學）,骨骼肌肉解剖與病理,sources/112_1/11_Q.pdf,8,8,keyword_candidates_require_tutor_review
112-1-11-42,基礎醫學（包括解剖學、生理學與病理學）,內分泌與代謝,sources/112_1/11_Q.pdf,8,8,keyword_candidates_require_tutor_review
112-1-11-43,基礎醫學（包括解剖學、生理學與病理學）,,sources/112_1/11_Q.pdf,8,8,keyword_candidates_require_tutor_review
112-1-11-44,基礎醫學（包括解剖學、生理學與病理學）,,sources/112_1/11_Q.pdf,8,8,keyword_candidates_require_tutor_review
112-1-11-45,基礎醫學（包括解剖學、生理學與病理學）,,sources/112_1/11_Q.pdf,8,8,keyword_candidates_require_tutor_review
112-1-11-46,基礎醫學（包括解剖學、生理學與病理學）,神經系統;心血管系統;呼吸系統,sources/112_1/11_Q.pdf,8,9,keyword_candidates_require_tutor_review
112-1-11-47,基礎醫學（包括解剖學、生理學與病理學）,呼吸系統,sources/112_1/11_Q.pdf,9,9,keyword_candidates_require_tutor_review
112-1-11-48,基礎醫學（包括解剖學、生理學與病理學）,呼吸系統,sources/112_1/11_Q.pdf,9,9,keyword_candidates_require_tutor_review
112-1-11-49,基礎醫學（包括解剖學、生理學與病理學）,呼吸系統,sources/112_1/11_Q.pdf,9,9,keyword_candidates_require_tutor_review
112-1-11-50,基礎醫學（包括解剖學、生理學與病理學）,泌尿與生殖系統,sources/112_1/11_Q.pdf,9,9,keyword_candidates_require_tutor_review
112-1-11-51,基礎醫學（包括解剖學、生理學與病理學）,泌尿與生殖系統,sources/112_1/11_Q.pdf,9,10,keyword_candidates_require_tutor_review
112-1-11-52,基礎醫學（包括解剖學、生理學與病理學）,,sources/112_1/11_Q.pdf,10,10,keyword_candidates_require_tutor_review
112-1-11-53,基礎醫學（包括解剖學、生理學與病理學）,放射生物學;骨骼肌肉解剖與病理;消化系統,sources/112_1/11_Q.pdf,10,10,keyword_candidates_require_tutor_review
112-1-11-54,基礎醫學（包括解剖學、生理學與病理學）,神經系統;消化系統,sources/112_1/11_Q.pdf,10,10,keyword_candidates_require_tutor_review
112-1-11-55,基礎醫學（包括解剖學、生理學與病理學）,內分泌與代謝,sources/112_1/11_Q.pdf,10,10,keyword_candidates_require_tutor_review
112-1-11-56,基礎醫學（包括解剖學、生理學與病理學）,內分泌與代謝,sources/112_1/11_Q.pdf,10,10,keyword_candidates_require_tutor_review
112-1-11-57,基礎醫學（包括解剖學、生理學與病理學）,泌尿與生殖系統;內分泌與代謝,sources/112_1/11_Q.pdf,10,11,keyword_candidates_require_tutor_review
112-1-11-58,基礎醫學（包括解剖學、生理學與病理學）,內分泌與代謝,sources/112_1/11_Q.pdf,11,11,keyword_candidates_require_tutor_review
112-1-11-59,基礎醫學（包括解剖學、生理學與病理學）,血液免疫與一般病理,sources/112_1/11_Q.pdf,11,11,keyword_candidates_require_tutor_review
112-1-11-60,基礎醫學（包括解剖學、生理學與病理學）,血液免疫與一般病理,sources/112_1/11_Q.pdf,11,11,keyword_candidates_require_tutor_review
112-1-11-61,基礎醫學（包括解剖學、生理學與病理學）,血液免疫與一般病理,sources/112_1/11_Q.pdf,11,11,keyword_candidates_require_tutor_review
112-1-11-62,基礎醫學（包括解剖學、生理學與病理學）,內分泌與代謝;血液免疫與一般病理,sources/112_1/11_Q.pdf,11,11,keyword_candidates_require_tutor_review
112-1-11-63,基礎醫學（包括解剖學、生理學與病理學）,放射生物學;核醫PET,sources/112_1/11_Q.pdf,11,12,keyword_candidates_require_tutor_review
112-1-11-64,基礎醫學（包括解剖學、生理學與病理學）,放射藥物與核種製備;癌症與臨床放療,sources/112_1/11_Q.pdf,12,12,keyword_candidates_require_tutor_review
112-1-11-65,基礎醫學（包括解剖學、生理學與病理學）,癌症與臨床放療,sources/112_1/11_Q.pdf,12,12,keyword_candidates_require_tutor_review
112-1-11-66,基礎醫學（包括解剖學、生理學與病理學）,心血管系統,sources/112_1/11_Q.pdf,12,12,keyword_candidates_require_tutor_review
112-1-11-67,基礎醫學（包括解剖學、生理學與病理學）,骨骼肌肉解剖與病理;血液免疫與一般病理,sources/112_1/11_Q.pdf,12,12,keyword_candidates_require_tutor_review
112-1-11-68,基礎醫學（包括解剖學、生理學與病理學）,骨骼肌肉解剖與病理;呼吸系統,sources/112_1/11_Q.pdf,12,12,keyword_candidates_require_tutor_review
112-1-11-69,基礎醫學（包括解剖學、生理學與病理學）,癌症與臨床放療;消化系統,sources/112_1/11_Q.pdf,12,13,keyword_candidates_require_tutor_review
112-1-11-70,基礎醫學（包括解剖學、生理學與病理學）,癌症與臨床放療;消化系統;血液免疫與一般病理,sources/112_1/11_Q.pdf,13,13,keyword_candidates_require_tutor_review
112-1-11-71,基礎醫學（包括解剖學、生理學與病理學）,CT原理與技術;消化系統;血液免疫與一般病理,sources/112_1/11_Q.pdf,13,13,keyword_candidates_require_tutor_review
112-1-11-72,基礎醫學（包括解剖學、生理學與病理學）,心血管系統;內分泌與代謝,sources/112_1/11_Q.pdf,13,13,keyword_candidates_require_tutor_review
112-1-11-73,基礎醫學（包括解剖學、生理學與病理學）,癌症與臨床放療;神經系統;消化系統;泌尿與生殖系統;內分泌與代謝,sources/112_1/11_Q.pdf,13,13,keyword_candidates_require_tutor_review
112-1-11-74,基礎醫學（包括解剖學、生理學與病理學）,放射生物學;MRI原理與技術;血液免疫與一般病理,sources/112_1/11_Q.pdf,13,13,keyword_candidates_require_tutor_review
112-1-11-75,基礎醫學（包括解剖學、生理學與病理學）,癌症與臨床放療;泌尿與生殖系統;血液免疫與一般病理,sources/112_1/11_Q.pdf,13,14,keyword_candidates_require_tutor_review
112-1-11-76,基礎醫學（包括解剖學、生理學與病理學）,癌症與臨床放療,sources/112_1/11_Q.pdf,14,14,keyword_candidates_require_tutor_review
112-1-11-77,基礎醫學（包括解剖學、生理學與病理學）,內分泌與代謝,sources/112_1/11_Q.pdf,14,14,keyword_candidates_require_tutor_review
112-1-11-78,基礎醫學（包括解剖學、生理學與病理學）,癌症與臨床放療;神經系統;消化系統;內分泌與代謝,sources/112_1/11_Q.pdf,14,14,keyword_candidates_require_tutor_review
112-1-11-79,基礎醫學（包括解剖學、生理學與病理學）,神經系統,sources/112_1/11_Q.pdf,14,14,keyword_candidates_require_tutor_review
112-1-11-80,基礎醫學（包括解剖學、生理學與病理學）,癌症與臨床放療;神經系統,sources/112_1/11_Q.pdf,14,14,keyword_candidates_require_tutor_review
112-1-22-01,醫學物理學與輻射安全,核衰變與核種平衡;光子與物質交互作用,sources/112_1/22_Q.pdf,1,1,keyword_candidates_require_tutor_review
112-1-22-02,醫學物理學與輻射安全,半衰期與活度;衰減與屏蔽,sources/112_1/22_Q.pdf,1,1,keyword_candidates_require_tutor_review
112-1-22-03,醫學物理學與輻射安全,半衰期與活度,sources/112_1/22_Q.pdf,1,1,keyword_candidates_require_tutor_review
112-1-22-04,醫學物理學與輻射安全,核衰變與核種平衡;半衰期與活度;MRI原理與技術,sources/112_1/22_Q.pdf,1,1,keyword_candidates_require_tutor_review
112-1-22-05,醫學物理學與輻射安全,,sources/112_1/22_Q.pdf,1,2,keyword_candidates_require_tutor_review
112-1-22-06,醫學物理學與輻射安全,光子與物質交互作用;放射生物學,sources/112_1/22_Q.pdf,2,2,keyword_candidates_require_tutor_review
112-1-22-07,醫學物理學與輻射安全,,sources/112_1/22_Q.pdf,2,2,keyword_candidates_require_tutor_review
112-1-22-08,醫學物理學與輻射安全,光子與物質交互作用,sources/112_1/22_Q.pdf,2,2,keyword_candidates_require_tutor_review
112-1-22-09,醫學物理學與輻射安全,底片與影像接受器,sources/112_1/22_Q.pdf,2,3,keyword_candidates_require_tutor_review
112-1-22-10,醫學物理學與輻射安全,X光產生與能譜,sources/112_1/22_Q.pdf,3,3,keyword_candidates_require_tutor_review
112-1-22-11,醫學物理學與輻射安全,輻射量與劑量學,sources/112_1/22_Q.pdf,3,3,keyword_candidates_require_tutor_review
112-1-22-12,醫學物理學與輻射安全,偵檢器與計數統計;影像品質與數位影像,sources/112_1/22_Q.pdf,3,3,keyword_candidates_require_tutor_review
112-1-22-13,醫學物理學與輻射安全,輻射量與劑量學;MRI原理與技術,sources/112_1/22_Q.pdf,3,3,keyword_candidates_require_tutor_review
112-1-22-14,醫學物理學與輻射安全,輻射量與劑量學,sources/112_1/22_Q.pdf,3,3,keyword_candidates_require_tutor_review
112-1-22-15,醫學物理學與輻射安全,X光產生與能譜;輻射量與劑量學,sources/112_1/22_Q.pdf,3,4,keyword_candidates_require_tutor_review
112-1-22-16,醫學物理學與輻射安全,輻射量與劑量學;輻射防護與法規;影像品質與數位影像;放療設備與品保,sources/112_1/22_Q.pdf,4,4,keyword_candidates_require_tutor_review
112-1-22-17,醫學物理學與輻射安全,CT原理與技術;影像品質與數位影像,sources/112_1/22_Q.pdf,4,4,keyword_candidates_require_tutor_review
112-1-22-18,醫學物理學與輻射安全,影像品質與數位影像,sources/112_1/22_Q.pdf,4,4,keyword_candidates_require_tutor_review
112-1-22-19,醫學物理學與輻射安全,光子與物質交互作用;X光產生與能譜;輻射量與劑量學;CT原理與技術;影像品質與數位影像;放療設備與品保;對比劑與特殊攝影,sources/112_1/22_Q.pdf,4,5,keyword_candidates_require_tutor_review
112-1-22-20,醫學物理學與輻射安全,影像品質與數位影像,sources/112_1/22_Q.pdf,5,5,keyword_candidates_require_tutor_review
112-1-22-21,醫學物理學與輻射安全,近接與特殊放療;血液免疫與一般病理,sources/112_1/22_Q.pdf,5,5,keyword_candidates_require_tutor_review
112-1-22-22,醫學物理學與輻射安全,放射治療計畫與劑量,sources/112_1/22_Q.pdf,5,5,keyword_candidates_require_tutor_review
112-1-22-23,醫學物理學與輻射安全,偵檢器與計數統計;影像品質與數位影像;放射治療計畫與劑量;近接與特殊放療,sources/112_1/22_Q.pdf,5,5,keyword_candidates_require_tutor_review
112-1-22-24,醫學物理學與輻射安全,放射治療計畫與劑量,sources/112_1/22_Q.pdf,5,6,keyword_candidates_require_tutor_review
112-1-22-25,醫學物理學與輻射安全,半衰期與活度;輻射量與劑量學;放射生物學,sources/112_1/22_Q.pdf,6,6,keyword_candidates_require_tutor_review
112-1-22-26,醫學物理學與輻射安全,核衰變與核種平衡;半衰期與活度,sources/112_1/22_Q.pdf,6,6,keyword_candidates_require_tutor_review
112-1-22-27,醫學物理學與輻射安全,偵檢器與計數統計;血液免疫與一般病理,sources/112_1/22_Q.pdf,6,6,keyword_candidates_require_tutor_review
112-1-22-28,醫學物理學與輻射安全,偵檢器與計數統計;核醫SPECT與加馬攝影機;放射治療計畫與劑量,sources/112_1/22_Q.pdf,6,6,keyword_candidates_require_tutor_review
112-1-22-29,醫學物理學與輻射安全,半衰期與活度,sources/112_1/22_Q.pdf,6,6,keyword_candidates_require_tutor_review
112-1-22-30,醫學物理學與輻射安全,核衰變與核種平衡;半衰期與活度,sources/112_1/22_Q.pdf,6,7,keyword_candidates_require_tutor_review
112-1-22-31,醫學物理學與輻射安全,超音波原理與技術,sources/112_1/22_Q.pdf,7,7,keyword_candidates_require_tutor_review
112-1-22-32,醫學物理學與輻射安全,超音波原理與技術,sources/112_1/22_Q.pdf,7,7,keyword_candidates_require_tutor_review
112-1-22-33,醫學物理學與輻射安全,超音波原理與技術;放射藥物與核種製備,sources/112_1/22_Q.pdf,7,7,keyword_candidates_require_tutor_review
112-1-22-34,醫學物理學與輻射安全,超音波原理與技術,sources/112_1/22_Q.pdf,7,7,keyword_candidates_require_tutor_review
112-1-22-35,醫學物理學與輻射安全,超音波原理與技術;底片與影像接受器;對比劑與特殊攝影;心血管系統;血液免疫與一般病理,sources/112_1/22_Q.pdf,7,7,keyword_candidates_require_tutor_review
112-1-22-36,醫學物理學與輻射安全,MRI原理與技術;神經系統,sources/112_1/22_Q.pdf,7,8,keyword_candidates_require_tutor_review
112-1-22-37,醫學物理學與輻射安全,MRI原理與技術,sources/112_1/22_Q.pdf,8,8,keyword_candidates_require_tutor_review
112-1-22-38,醫學物理學與輻射安全,MRI原理與技術,sources/112_1/22_Q.pdf,8,8,keyword_candidates_require_tutor_review
112-1-22-39,醫學物理學與輻射安全,MRI原理與技術;影像品質與數位影像,sources/112_1/22_Q.pdf,8,8,keyword_candidates_require_tutor_review
112-1-22-40,醫學物理學與輻射安全,MRI原理與技術;影像品質與數位影像,sources/112_1/22_Q.pdf,8,8,keyword_candidates_require_tutor_review
112-1-22-41,醫學物理學與輻射安全,,sources/112_1/22_Q.pdf,8,9,keyword_candidates_require_tutor_review
112-1-22-42,醫學物理學與輻射安全,輻射量與劑量學,sources/112_1/22_Q.pdf,9,9,keyword_candidates_require_tutor_review
112-1-22-43,醫學物理學與輻射安全,輻射防護與法規;放射生物學;癌症與臨床放療,sources/112_1/22_Q.pdf,9,9,keyword_candidates_require_tutor_review
112-1-22-44,醫學物理學與輻射安全,輻射量與劑量學,sources/112_1/22_Q.pdf,9,9,keyword_candidates_require_tutor_review
112-1-22-45,醫學物理學與輻射安全,輻射量與劑量學,sources/112_1/22_Q.pdf,9,9,keyword_candidates_require_tutor_review
112-1-22-46,醫學物理學與輻射安全,輻射防護與法規,sources/112_1/22_Q.pdf,9,10,keyword_candidates_require_tutor_review
112-1-22-47,醫學物理學與輻射安全,,sources/112_1/22_Q.pdf,10,10,keyword_candidates_require_tutor_review
112-1-22-48,醫學物理學與輻射安全,,sources/112_1/22_Q.pdf,10,10,keyword_candidates_require_tutor_review
112-1-22-49,醫學物理學與輻射安全,輻射量與劑量學,sources/112_1/22_Q.pdf,10,10,keyword_candidates_require_tutor_review
112-1-22-50,醫學物理學與輻射安全,輻射量與劑量學;偵檢器與計數統計,sources/112_1/22_Q.pdf,10,10,keyword_candidates_require_tutor_review
112-1-22-51,醫學物理學與輻射安全,輻射量與劑量學;偵檢器與計數統計,sources/112_1/22_Q.pdf,10,10,keyword_candidates_require_tutor_review
112-1-22-52,醫學物理學與輻射安全,,sources/112_1/22_Q.pdf,10,11,keyword_candidates_require_tutor_review
112-1-22-53,醫學物理學與輻射安全,偵檢器與計數統計,sources/112_1/22_Q.pdf,11,11,keyword_candidates_require_tutor_review
112-1-22-54,醫學物理學與輻射安全,,sources/112_1/22_Q.pdf,11,11,keyword_candidates_require_tutor_review
112-1-22-55,醫學物理學與輻射安全,影像品質與數位影像,sources/112_1/22_Q.pdf,11,11,keyword_candidates_require_tutor_review
112-1-22-56,醫學物理學與輻射安全,輻射量與劑量學;偵檢器與計數統計,sources/112_1/22_Q.pdf,11,12,keyword_candidates_require_tutor_review
112-1-22-57,醫學物理學與輻射安全,衰減與屏蔽,sources/112_1/22_Q.pdf,12,12,keyword_candidates_require_tutor_review
112-1-22-58,醫學物理學與輻射安全,衰減與屏蔽,sources/112_1/22_Q.pdf,12,12,keyword_candidates_require_tutor_review
112-1-22-59,醫學物理學與輻射安全,衰減與屏蔽,sources/112_1/22_Q.pdf,12,12,keyword_candidates_require_tutor_review
112-1-22-60,醫學物理學與輻射安全,衰減與屏蔽,sources/112_1/22_Q.pdf,12,12,keyword_candidates_require_tutor_review
112-1-22-61,醫學物理學與輻射安全,半衰期與活度;衰減與屏蔽,sources/112_1/22_Q.pdf,12,13,keyword_candidates_require_tutor_review
112-1-22-62,醫學物理學與輻射安全,衰減與屏蔽,sources/112_1/22_Q.pdf,13,13,keyword_candidates_require_tutor_review
112-1-22-63,醫學物理學與輻射安全,輻射量與劑量學,sources/112_1/22_Q.pdf,13,13,keyword_candidates_require_tutor_review
112-1-22-64,醫學物理學與輻射安全,放射生物學,sources/112_1/22_Q.pdf,13,13,keyword_candidates_require_tutor_review
112-1-22-65,醫學物理學與輻射安全,攝影擺位與投照,sources/112_1/22_Q.pdf,13,13,keyword_candidates_require_tutor_review
112-1-22-66,醫學物理學與輻射安全,放射生物學;癌症與臨床放療,sources/112_1/22_Q.pdf,13,13,keyword_candidates_require_tutor_review
112-1-22-67,醫學物理學與輻射安全,,sources/112_1/22_Q.pdf,13,14,keyword_candidates_require_tutor_review
112-1-22-68,醫學物理學與輻射安全,輻射量與劑量學,sources/112_1/22_Q.pdf,14,14,keyword_candidates_require_tutor_review
112-1-22-69,醫學物理學與輻射安全,衰減與屏蔽;輻射防護與法規,sources/112_1/22_Q.pdf,14,14,keyword_candidates_require_tutor_review
112-1-22-70,醫學物理學與輻射安全,放射生物學,sources/112_1/22_Q.pdf,14,15,keyword_candidates_require_tutor_review
112-1-22-71,醫學物理學與輻射安全,,sources/112_1/22_Q.pdf,15,15,keyword_candidates_require_tutor_review
112-1-22-72,醫學物理學與輻射安全,衰減與屏蔽,sources/112_1/22_Q.pdf,15,15,keyword_candidates_require_tutor_review
112-1-22-73,醫學物理學與輻射安全,偵檢器與計數統計;MRI原理與技術,sources/112_1/22_Q.pdf,15,15,keyword_candidates_require_tutor_review
112-1-22-74,醫學物理學與輻射安全,光子與物質交互作用,sources/112_1/22_Q.pdf,15,15,keyword_candidates_require_tutor_review
112-1-22-75,醫學物理學與輻射安全,輻射防護與法規,sources/112_1/22_Q.pdf,15,15,keyword_candidates_require_tutor_review
112-1-22-76,醫學物理學與輻射安全,輻射防護與法規,sources/112_1/22_Q.pdf,15,16,keyword_candidates_require_tutor_review
112-1-22-77,醫學物理學與輻射安全,輻射量與劑量學;CT原理與技術;核醫SPECT與加馬攝影機;放射治療計畫與劑量;放療設備與品保;神經系統,sources/112_1/22_Q.pdf,16,16,keyword_candidates_require_tutor_review
112-1-22-78,醫學物理學與輻射安全,輻射量與劑量學;CT原理與技術;放療設備與品保;神經系統,sources/112_1/22_Q.pdf,16,16,keyword_candidates_require_tutor_review
112-1-22-79,醫學物理學與輻射安全,輻射防護與法規;近接與特殊放療,sources/112_1/22_Q.pdf,16,16,keyword_candidates_require_tutor_review
112-1-22-80,醫學物理學與輻射安全,半衰期與活度;衰減與屏蔽;輻射防護與法規;核醫PET,sources/112_1/22_Q.pdf,16,17,keyword_candidates_require_tutor_review
112-1-33-01,放射線器材學（包括磁振學與超音波學）,X光產生與能譜,sources/112_1/33_Q.pdf,1,1,keyword_candidates_require_tutor_review
112-1-33-02,放射線器材學（包括磁振學與超音波學）,X光產生與能譜,sources/112_1/33_Q.pdf,1,1,keyword_candidates_require_tutor_review
112-1-33-03,放射線器材學（包括磁振學與超音波學）,X光產生與能譜;對比劑與特殊攝影,sources/112_1/33_Q.pdf,1,1,keyword_candidates_require_tutor_review
112-1-33-04,放射線器材學（包括磁振學與超音波學）,輻射量與劑量學;放射藥物與核種製備,sources/112_1/33_Q.pdf,1,1,keyword_candidates_require_tutor_review
112-1-33-05,放射線器材學（包括磁振學與超音波學）,X光產生與能譜;輻射量與劑量學;對比劑與特殊攝影,sources/112_1/33_Q.pdf,1,2,keyword_candidates_require_tutor_review
112-1-33-06,放射線器材學（包括磁振學與超音波學）,對比劑與特殊攝影,sources/112_1/33_Q.pdf,2,2,keyword_candidates_require_tutor_review
112-1-33-07,放射線器材學（包括磁振學與超音波學）,影像品質與數位影像;對比劑與特殊攝影,sources/112_1/33_Q.pdf,2,2,keyword_candidates_require_tutor_review
112-1-33-08,放射線器材學（包括磁振學與超音波學）,X光產生與能譜;對比劑與特殊攝影,sources/112_1/33_Q.pdf,2,2,keyword_candidates_require_tutor_review
112-1-33-09,放射線器材學（包括磁振學與超音波學）,對比劑與特殊攝影,sources/112_1/33_Q.pdf,2,2,keyword_candidates_require_tutor_review
112-1-33-10,放射線器材學（包括磁振學與超音波學）,X光產生與能譜;對比劑與特殊攝影,sources/112_1/33_Q.pdf,2,3,keyword_candidates_require_tutor_review
112-1-33-11,放射線器材學（包括磁振學與超音波學）,,sources/112_1/33_Q.pdf,3,3,keyword_candidates_require_tutor_review
112-1-33-12,放射線器材學（包括磁振學與超音波學）,輻射量與劑量學;CT原理與技術,sources/112_1/33_Q.pdf,3,4,keyword_candidates_require_tutor_review
112-1-33-13,放射線器材學（包括磁振學與超音波學）,X光產生與能譜,sources/112_1/33_Q.pdf,4,4,keyword_candidates_require_tutor_review
112-1-33-14,放射線器材學（包括磁振學與超音波學）,衰減與屏蔽;輻射量與劑量學,sources/112_1/33_Q.pdf,4,4,keyword_candidates_require_tutor_review
112-1-33-15,放射線器材學（包括磁振學與超音波學）,,sources/112_1/33_Q.pdf,4,4,keyword_candidates_require_tutor_review
112-1-33-16,放射線器材學（包括磁振學與超音波學）,輻射量與劑量學;底片與影像接受器,sources/112_1/33_Q.pdf,4,4,keyword_candidates_require_tutor_review
112-1-33-17,放射線器材學（包括磁振學與超音波學）,,sources/112_1/33_Q.pdf,4,5,keyword_candidates_require_tutor_review
112-1-33-18,放射線器材學（包括磁振學與超音波學）,X光產生與能譜,sources/112_1/33_Q.pdf,5,5,keyword_candidates_require_tutor_review
112-1-33-19,放射線器材學（包括磁振學與超音波學）,X光產生與能譜;輻射量與劑量學;對比劑與特殊攝影,sources/112_1/33_Q.pdf,5,5,keyword_candidates_require_tutor_review
112-1-33-20,放射線器材學（包括磁振學與超音波學）,影像品質與數位影像;底片與影像接受器;放射治療計畫與劑量,sources/112_1/33_Q.pdf,5,5,keyword_candidates_require_tutor_review
112-1-33-21,放射線器材學（包括磁振學與超音波學）,輻射量與劑量學;CT原理與技術;底片與影像接受器;癌症與臨床放療;對比劑與特殊攝影;神經系統;呼吸系統,sources/112_1/33_Q.pdf,5,5,keyword_candidates_require_tutor_review
112-1-33-22,放射線器材學（包括磁振學與超音波學）,放射藥物與核種製備,sources/112_1/33_Q.pdf,5,5,keyword_candidates_require_tutor_review
112-1-33-23,放射線器材學（包括磁振學與超音波學）,CT原理與技術;神經系統,sources/112_1/33_Q.pdf,5,6,keyword_candidates_require_tutor_review
112-1-33-24,放射線器材學（包括磁振學與超音波學）,超音波原理與技術,sources/112_1/33_Q.pdf,6,6,keyword_candidates_require_tutor_review
112-1-33-25,放射線器材學（包括磁振學與超音波學）,超音波原理與技術;影像品質與數位影像,sources/112_1/33_Q.pdf,6,6,keyword_candidates_require_tutor_review
112-1-33-26,放射線器材學（包括磁振學與超音波學）,超音波原理與技術,sources/112_1/33_Q.pdf,6,6,keyword_candidates_require_tutor_review
112-1-33-27,放射線器材學（包括磁振學與超音波學）,超音波原理與技術;心血管系統,sources/112_1/33_Q.pdf,6,6,keyword_candidates_require_tutor_review
112-1-33-28,放射線器材學（包括磁振學與超音波學）,超音波原理與技術;影像品質與數位影像;放射治療計畫與劑量;對比劑與特殊攝影,sources/112_1/33_Q.pdf,6,6,keyword_candidates_require_tutor_review
112-1-33-29,放射線器材學（包括磁振學與超音波學）,輻射防護與法規;超音波原理與技術,sources/112_1/33_Q.pdf,6,7,keyword_candidates_require_tutor_review
112-1-33-30,放射線器材學（包括磁振學與超音波學）,超音波原理與技術,sources/112_1/33_Q.pdf,7,7,keyword_candidates_require_tutor_review
112-1-33-31,放射線器材學（包括磁振學與超音波學）,超音波原理與技術,sources/112_1/33_Q.pdf,7,7,keyword_candidates_require_tutor_review
112-1-33-32,放射線器材學（包括磁振學與超音波學）,衰減與屏蔽;MRI原理與技術,sources/112_1/33_Q.pdf,7,7,keyword_candidates_require_tutor_review
112-1-33-33,放射線器材學（包括磁振學與超音波學）,MRI原理與技術,sources/112_1/33_Q.pdf,7,7,keyword_candidates_require_tutor_review
112-1-33-34,放射線器材學（包括磁振學與超音波學）,MRI原理與技術,sources/112_1/33_Q.pdf,7,7,keyword_candidates_require_tutor_review
112-1-33-35,放射線器材學（包括磁振學與超音波學）,衰減與屏蔽;MRI原理與技術;影像品質與數位影像,sources/112_1/33_Q.pdf,7,8,keyword_candidates_require_tutor_review
112-1-33-36,放射線器材學（包括磁振學與超音波學）,MRI原理與技術;放療設備與品保,sources/112_1/33_Q.pdf,8,8,keyword_candidates_require_tutor_review
112-1-33-37,放射線器材學（包括磁振學與超音波學）,MRI原理與技術;影像品質與數位影像,sources/112_1/33_Q.pdf,8,8,keyword_candidates_require_tutor_review
112-1-33-38,放射線器材學（包括磁振學與超音波學）,MRI原理與技術,sources/112_1/33_Q.pdf,8,8,keyword_candidates_require_tutor_review
112-1-33-39,放射線器材學（包括磁振學與超音波學）,衰減與屏蔽;MRI原理與技術,sources/112_1/33_Q.pdf,8,8,keyword_candidates_require_tutor_review
112-1-33-40,放射線器材學（包括磁振學與超音波學）,MRI原理與技術;影像品質與數位影像,sources/112_1/33_Q.pdf,8,8,keyword_candidates_require_tutor_review
112-1-33-41,放射線器材學（包括磁振學與超音波學）,MRI原理與技術,sources/112_1/33_Q.pdf,8,9,keyword_candidates_require_tutor_review
112-1-33-42,放射線器材學（包括磁振學與超音波學）,MRI原理與技術,sources/112_1/33_Q.pdf,9,9,keyword_candidates_require_tutor_review
112-1-33-43,放射線器材學（包括磁振學與超音波學）,MRI原理與技術,sources/112_1/33_Q.pdf,9,9,keyword_candidates_require_tutor_review
112-1-33-44,放射線器材學（包括磁振學與超音波學）,MRI原理與技術;骨骼肌肉解剖與病理,sources/112_1/33_Q.pdf,9,9,keyword_candidates_require_tutor_review
112-1-33-45,放射線器材學（包括磁振學與超音波學）,神經系統,sources/112_1/33_Q.pdf,9,9,keyword_candidates_require_tutor_review
112-1-33-46,放射線器材學（包括磁振學與超音波學）,MRI原理與技術,sources/112_1/33_Q.pdf,9,9,keyword_candidates_require_tutor_review
112-1-33-47,放射線器材學（包括磁振學與超音波學）,輻射量與劑量學,sources/112_1/33_Q.pdf,9,10,keyword_candidates_require_tutor_review
112-1-33-48,放射線器材學（包括磁振學與超音波學）,X光產生與能譜,sources/112_1/33_Q.pdf,10,10,keyword_candidates_require_tutor_review
112-1-33-49,放射線器材學（包括磁振學與超音波學）,癌症與臨床放療,sources/112_1/33_Q.pdf,10,10,keyword_candidates_require_tutor_review
112-1-33-50,放射線器材學（包括磁振學與超音波學）,X光產生與能譜;放射治療計畫與劑量,sources/112_1/33_Q.pdf,10,10,keyword_candidates_require_tutor_review
112-1-33-51,放射線器材學（包括磁振學與超音波學）,,sources/112_1/33_Q.pdf,10,10,keyword_candidates_require_tutor_review
112-1-33-52,放射線器材學（包括磁振學與超音波學）,X光產生與能譜;放療設備與品保;神經系統,sources/112_1/33_Q.pdf,10,10,keyword_candidates_require_tutor_review
112-1-33-53,放射線器材學（包括磁振學與超音波學）,MRI原理與技術,sources/112_1/33_Q.pdf,10,11,keyword_candidates_require_tutor_review
112-1-33-54,放射線器材學（包括磁振學與超音波學）,底片與影像接受器;癌症與臨床放療;泌尿與生殖系統,sources/112_1/33_Q.pdf,11,11,keyword_candidates_require_tutor_review
112-1-33-55,放射線器材學（包括磁振學與超音波學）,輻射量與劑量學;放療設備與品保;近接與特殊放療,sources/112_1/33_Q.pdf,11,11,keyword_candidates_require_tutor_review
112-1-33-56,放射線器材學（包括磁振學與超音波學）,放射藥物與核種製備;放射治療計畫與劑量,sources/112_1/33_Q.pdf,11,11,keyword_candidates_require_tutor_review
112-1-33-57,放射線器材學（包括磁振學與超音波學）,輻射量與劑量學;放射治療計畫與劑量;放療設備與品保;近接與特殊放療,sources/112_1/33_Q.pdf,11,12,keyword_candidates_require_tutor_review
112-1-33-58,放射線器材學（包括磁振學與超音波學）,X光產生與能譜;輻射量與劑量學;放射治療計畫與劑量;放療設備與品保,sources/112_1/33_Q.pdf,12,12,keyword_candidates_require_tutor_review
112-1-33-59,放射線器材學（包括磁振學與超音波學）,放射治療計畫與劑量;放療設備與品保,sources/112_1/33_Q.pdf,12,12,keyword_candidates_require_tutor_review
112-1-33-60,放射線器材學（包括磁振學與超音波學）,半衰期與活度;底片與影像接受器,sources/112_1/33_Q.pdf,12,12,keyword_candidates_require_tutor_review
112-1-33-61,放射線器材學（包括磁振學與超音波學）,MRI原理與技術,sources/112_1/33_Q.pdf,12,12,keyword_candidates_require_tutor_review
112-1-33-62,放射線器材學（包括磁振學與超音波學）,放射治療計畫與劑量,sources/112_1/33_Q.pdf,12,13,keyword_candidates_require_tutor_review
112-1-33-63,放射線器材學（包括磁振學與超音波學）,,sources/112_1/33_Q.pdf,13,13,keyword_candidates_require_tutor_review
112-1-33-64,放射線器材學（包括磁振學與超音波學）,偵檢器與計數統計;放射藥物與核種製備,sources/112_1/33_Q.pdf,13,13,keyword_candidates_require_tutor_review
112-1-33-65,放射線器材學（包括磁振學與超音波學）,,sources/112_1/33_Q.pdf,13,13,keyword_candidates_require_tutor_review
112-1-33-66,放射線器材學（包括磁振學與超音波學）,輻射量與劑量學;輻射防護與法規;CT原理與技術;影像品質與數位影像;核醫PET;核醫SPECT與加馬攝影機;放療設備與品保,sources/112_1/33_Q.pdf,13,14,keyword_candidates_require_tutor_review
112-1-33-67,放射線器材學（包括磁振學與超音波學）,,sources/112_1/33_Q.pdf,14,14,keyword_candidates_require_tutor_review
112-1-33-68,放射線器材學（包括磁振學與超音波學）,偵檢器與計數統計;影像品質與數位影像,sources/112_1/33_Q.pdf,14,15,keyword_candidates_require_tutor_review
112-1-33-69,放射線器材學（包括磁振學與超音波學）,偵檢器與計數統計,sources/112_1/33_Q.pdf,15,15,keyword_candidates_require_tutor_review
112-1-33-70,放射線器材學（包括磁振學與超音波學）,偵檢器與計數統計,sources/112_1/33_Q.pdf,15,15,keyword_candidates_require_tutor_review
112-1-33-71,放射線器材學（包括磁振學與超音波學）,偵檢器與計數統計;放射生物學,sources/112_1/33_Q.pdf,15,15,keyword_candidates_require_tutor_review
112-1-33-72,放射線器材學（包括磁振學與超音波學）,核衰變與核種平衡;偵檢器與計數統計;放射生物學;核醫SPECT與加馬攝影機;神經系統,sources/112_1/33_Q.pdf,15,16,keyword_candidates_require_tutor_review
112-1-33-73,放射線器材學（包括磁振學與超音波學）,核衰變與核種平衡,sources/112_1/33_Q.pdf,16,16,keyword_candidates_require_tutor_review
112-1-33-74,放射線器材學（包括磁振學與超音波學）,核衰變與核種平衡;核醫PET,sources/112_1/33_Q.pdf,16,16,keyword_candidates_require_tutor_review
112-1-33-75,放射線器材學（包括磁振學與超音波學）,核衰變與核種平衡;核醫PET,sources/112_1/33_Q.pdf,16,17,keyword_candidates_require_tutor_review
112-1-33-76,放射線器材學（包括磁振學與超音波學）,核衰變與核種平衡;衰減與屏蔽;CT原理與技術;MRI原理與技術;核醫PET;放療設備與品保;神經系統,sources/112_1/33_Q.pdf,17,17,keyword_candidates_require_tutor_review
112-1-33-77,放射線器材學（包括磁振學與超音波學）,,sources/112_1/33_Q.pdf,17,17,keyword_candidates_require_tutor_review
112-1-33-78,放射線器材學（包括磁振學與超音波學）,CT原理與技術;影像品質與數位影像;核醫PET;放射藥物與核種製備,sources/112_1/33_Q.pdf,17,17,keyword_candidates_require_tutor_review
112-1-33-79,放射線器材學（包括磁振學與超音波學）,輻射量與劑量學;偵檢器與計數統計;影像品質與數位影像;放射藥物與核種製備,sources/112_1/33_Q.pdf,17,17,keyword_candidates_require_tutor_review
112-1-33-80,放射線器材學（包括磁振學與超音波學）,輻射量與劑量學;影像品質與數位影像,sources/112_1/33_Q.pdf,17,17,keyword_candidates_require_tutor_review
112-1-44-01,放射線診斷原理與技術學,攝影擺位與投照,sources/112_1/44_Q.pdf,1,1,keyword_candidates_require_tutor_review
112-1-44-02,放射線診斷原理與技術學,衰減與屏蔽;X光產生與能譜;輻射量與劑量學;MRI原理與技術,sources/112_1/44_Q.pdf,1,1,keyword_candidates_require_tutor_review
112-1-44-03,放射線診斷原理與技術學,,sources/112_1/44_Q.pdf,1,1,keyword_candidates_require_tutor_review
112-1-44-04,放射線診斷原理與技術學,X光產生與能譜;放射藥物與核種製備,sources/112_1/44_Q.pdf,1,1,keyword_candidates_require_tutor_review
112-1-44-05,放射線診斷原理與技術學,光子與物質交互作用,sources/112_1/44_Q.pdf,1,2,keyword_candidates_require_tutor_review
112-1-44-06,放射線診斷原理與技術學,攝影擺位與投照,sources/112_1/44_Q.pdf,2,2,keyword_candidates_require_tutor_review
112-1-44-07,放射線診斷原理與技術學,X光產生與能譜;MRI原理與技術,sources/112_1/44_Q.pdf,2,2,keyword_candidates_require_tutor_review
112-1-44-08,放射線診斷原理與技術學,X光產生與能譜;底片與影像接受器,sources/112_1/44_Q.pdf,2,2,keyword_candidates_require_tutor_review
112-1-44-09,放射線診斷原理與技術學,,sources/112_1/44_Q.pdf,2,2,keyword_candidates_require_tutor_review
112-1-44-10,放射線診斷原理與技術學,攝影擺位與投照,sources/112_1/44_Q.pdf,2,2,keyword_candidates_require_tutor_review
112-1-44-11,放射線診斷原理與技術學,影像品質與數位影像,sources/112_1/44_Q.pdf,2,3,keyword_candidates_require_tutor_review
112-1-44-12,放射線診斷原理與技術學,底片與影像接受器;攝影擺位與投照,sources/112_1/44_Q.pdf,3,3,keyword_candidates_require_tutor_review
112-1-44-13,放射線診斷原理與技術學,,sources/112_1/44_Q.pdf,3,3,keyword_candidates_require_tutor_review
112-1-44-14,放射線診斷原理與技術學,血液免疫與一般病理,sources/112_1/44_Q.pdf,3,3,keyword_candidates_require_tutor_review
112-1-44-15,放射線診斷原理與技術學,血液免疫與一般病理,sources/112_1/44_Q.pdf,3,3,keyword_candidates_require_tutor_review
112-1-44-16,放射線診斷原理與技術學,對比劑與特殊攝影;呼吸系統,sources/112_1/44_Q.pdf,3,3,keyword_candidates_require_tutor_review
112-1-44-17,放射線診斷原理與技術學,癌症與臨床放療;骨骼肌肉解剖與病理;心血管系統;泌尿與生殖系統,sources/112_1/44_Q.pdf,4,4,keyword_candidates_require_tutor_review
112-1-44-18,放射線診斷原理與技術學,對比劑與特殊攝影;心血管系統,sources/112_1/44_Q.pdf,4,4,keyword_candidates_require_tutor_review
112-1-44-19,放射線診斷原理與技術學,攝影擺位與投照;泌尿與生殖系統,sources/112_1/44_Q.pdf,4,4,keyword_candidates_require_tutor_review
112-1-44-20,放射線診斷原理與技術學,呼吸系統;消化系統,sources/112_1/44_Q.pdf,4,4,keyword_candidates_require_tutor_review
112-1-44-21,放射線診斷原理與技術學,消化系統,sources/112_1/44_Q.pdf,4,4,keyword_candidates_require_tutor_review
112-1-44-22,放射線診斷原理與技術學,消化系統,sources/112_1/44_Q.pdf,4,5,keyword_candidates_require_tutor_review
112-1-44-23,放射線診斷原理與技術學,CT原理與技術;神經系統,sources/112_1/44_Q.pdf,5,5,keyword_candidates_require_tutor_review
112-1-44-24,放射線診斷原理與技術學,,sources/112_1/44_Q.pdf,5,5,keyword_candidates_require_tutor_review
112-1-44-25,放射線診斷原理與技術學,底片與影像接受器;放射藥物與核種製備;對比劑與特殊攝影,sources/112_1/44_Q.pdf,5,5,keyword_candidates_require_tutor_review
112-1-44-26,放射線診斷原理與技術學,對比劑與特殊攝影,sources/112_1/44_Q.pdf,5,6,keyword_candidates_require_tutor_review
112-1-44-27,放射線診斷原理與技術學,衰減與屏蔽;CT原理與技術;神經系統;呼吸系統,sources/112_1/44_Q.pdf,6,6,keyword_candidates_require_tutor_review
112-1-44-28,放射線診斷原理與技術學,衰減與屏蔽;CT原理與技術;放射藥物與核種製備;神經系統,sources/112_1/44_Q.pdf,6,6,keyword_candidates_require_tutor_review
112-1-44-29,放射線診斷原理與技術學,CT原理與技術;影像品質與數位影像;放射藥物與核種製備,sources/112_1/44_Q.pdf,6,6,keyword_candidates_require_tutor_review
112-1-44-30,放射線診斷原理與技術學,CT原理與技術;癌症與臨床放療;骨骼肌肉解剖與病理,sources/112_1/44_Q.pdf,6,6,keyword_candidates_require_tutor_review
112-1-44-31,放射線診斷原理與技術學,CT原理與技術,sources/112_1/44_Q.pdf,7,7,keyword_candidates_require_tutor_review
112-1-44-32,放射線診斷原理與技術學,CT原理與技術;底片與影像接受器;神經系統;心血管系統,sources/112_1/44_Q.pdf,7,7,keyword_candidates_require_tutor_review
112-1-44-33,放射線診斷原理與技術學,CT原理與技術;影像品質與數位影像,sources/112_1/44_Q.pdf,7,7,keyword_candidates_require_tutor_review
112-1-44-34,放射線診斷原理與技術學,CT原理與技術;影像品質與數位影像;底片與影像接受器;對比劑與特殊攝影;神經系統,sources/112_1/44_Q.pdf,7,7,keyword_candidates_require_tutor_review
112-1-44-35,放射線診斷原理與技術學,CT原理與技術;底片與影像接受器;癌症與臨床放療;對比劑與特殊攝影;骨骼肌肉解剖與病理;神經系統;泌尿與生殖系統,sources/112_1/44_Q.pdf,8,8,keyword_candidates_require_tutor_review
112-1-44-36,放射線診斷原理與技術學,CT原理與技術;對比劑與特殊攝影;神經系統;心血管系統;消化系統,sources/112_1/44_Q.pdf,8,8,keyword_candidates_require_tutor_review
112-1-44-37,放射線診斷原理與技術學,CT原理與技術;心血管系統;呼吸系統,sources/112_1/44_Q.pdf,8,9,keyword_candidates_require_tutor_review
112-1-44-38,放射線診斷原理與技術學,CT原理與技術;神經系統;呼吸系統;血液免疫與一般病理,sources/112_1/44_Q.pdf,9,9,keyword_candidates_require_tutor_review
112-1-44-39,放射線診斷原理與技術學,CT原理與技術;影像品質與數位影像;神經系統,sources/112_1/44_Q.pdf,9,9,keyword_candidates_require_tutor_review
112-1-44-40,放射線診斷原理與技術學,CT原理與技術;放射治療計畫與劑量;神經系統,sources/112_1/44_Q.pdf,9,10,keyword_candidates_require_tutor_review
112-1-44-41,放射線診斷原理與技術學,CT原理與技術;神經系統,sources/112_1/44_Q.pdf,10,10,keyword_candidates_require_tutor_review
112-1-44-42,放射線診斷原理與技術學,CT原理與技術;神經系統,sources/112_1/44_Q.pdf,10,10,keyword_candidates_require_tutor_review
112-1-44-43,放射線診斷原理與技術學,MRI原理與技術;骨骼肌肉解剖與病理,sources/112_1/44_Q.pdf,10,10,keyword_candidates_require_tutor_review
112-1-44-44,放射線診斷原理與技術學,MRI原理與技術;骨骼肌肉解剖與病理,sources/112_1/44_Q.pdf,10,10,keyword_candidates_require_tutor_review
112-1-44-45,放射線診斷原理與技術學,MRI原理與技術,sources/112_1/44_Q.pdf,10,10,keyword_candidates_require_tutor_review
112-1-44-46,放射線診斷原理與技術學,MRI原理與技術;影像品質與數位影像,sources/112_1/44_Q.pdf,10,11,keyword_candidates_require_tutor_review
112-1-44-47,放射線診斷原理與技術學,,sources/112_1/44_Q.pdf,11,11,keyword_candidates_require_tutor_review
112-1-44-48,放射線診斷原理與技術學,MRI原理與技術,sources/112_1/44_Q.pdf,11,11,keyword_candidates_require_tutor_review
112-1-44-49,放射線診斷原理與技術學,MRI原理與技術,sources/112_1/44_Q.pdf,11,12,keyword_candidates_require_tutor_review
112-1-44-50,放射線診斷原理與技術學,MRI原理與技術,sources/112_1/44_Q.pdf,12,12,keyword_candidates_require_tutor_review
112-1-44-51,放射線診斷原理與技術學,MRI原理與技術;神經系統;心血管系統;消化系統;泌尿與生殖系統,sources/112_1/44_Q.pdf,12,12,keyword_candidates_require_tutor_review
112-1-44-52,放射線診斷原理與技術學,MRI原理與技術;核醫SPECT與加馬攝影機,sources/112_1/44_Q.pdf,12,12,keyword_candidates_require_tutor_review
112-1-44-53,放射線診斷原理與技術學,輻射量與劑量學;MRI原理與技術,sources/112_1/44_Q.pdf,12,12,keyword_candidates_require_tutor_review
112-1-44-54,放射線診斷原理與技術學,MRI原理與技術;影像品質與數位影像;對比劑與特殊攝影,sources/112_1/44_Q.pdf,13,13,keyword_candidates_require_tutor_review
112-1-44-55,放射線診斷原理與技術學,MRI原理與技術,sources/112_1/44_Q.pdf,13,13,keyword_candidates_require_tutor_review
112-1-44-56,放射線診斷原理與技術學,MRI原理與技術,sources/112_1/44_Q.pdf,13,13,keyword_candidates_require_tutor_review
112-1-44-57,放射線診斷原理與技術學,MRI原理與技術,sources/112_1/44_Q.pdf,13,13,keyword_candidates_require_tutor_review
112-1-44-58,放射線診斷原理與技術學,MRI原理與技術;影像品質與數位影像,sources/112_1/44_Q.pdf,13,13,keyword_candidates_require_tutor_review
112-1-44-59,放射線診斷原理與技術學,MRI原理與技術;影像品質與數位影像;核醫PET,sources/112_1/44_Q.pdf,13,13,keyword_candidates_require_tutor_review
112-1-44-60,放射線診斷原理與技術學,神經系統,sources/112_1/44_Q.pdf,14,14,keyword_candidates_require_tutor_review
112-1-44-61,放射線診斷原理與技術學,超音波原理與技術;癌症與臨床放療;消化系統,sources/112_1/44_Q.pdf,14,14,keyword_candidates_require_tutor_review
112-1-44-62,放射線診斷原理與技術學,超音波原理與技術;骨骼肌肉解剖與病理;泌尿與生殖系統,sources/112_1/44_Q.pdf,14,14,keyword_candidates_require_tutor_review
112-1-44-63,放射線診斷原理與技術學,超音波原理與技術;放射治療計畫與劑量;癌症與臨床放療,sources/112_1/44_Q.pdf,14,15,keyword_candidates_require_tutor_review
112-1-44-64,放射線診斷原理與技術學,放射生物學;超音波原理與技術;影像品質與數位影像;泌尿與生殖系統,sources/112_1/44_Q.pdf,15,15,keyword_candidates_require_tutor_review
112-1-44-65,放射線診斷原理與技術學,超音波原理與技術,sources/112_1/44_Q.pdf,15,15,keyword_candidates_require_tutor_review
112-1-44-66,放射線診斷原理與技術學,超音波原理與技術,sources/112_1/44_Q.pdf,15,15,keyword_candidates_require_tutor_review
112-1-44-67,放射線診斷原理與技術學,超音波原理與技術;影像品質與數位影像;骨骼肌肉解剖與病理;呼吸系統;消化系統,sources/112_1/44_Q.pdf,15,16,keyword_candidates_require_tutor_review
112-1-44-68,放射線診斷原理與技術學,超音波原理與技術,sources/112_1/44_Q.pdf,16,16,keyword_candidates_require_tutor_review
112-1-44-69,放射線診斷原理與技術學,MRI原理與技術;超音波原理與技術;影像品質與數位影像;癌症與臨床放療;消化系統,sources/112_1/44_Q.pdf,16,16,keyword_candidates_require_tutor_review
112-1-44-70,放射線診斷原理與技術學,,sources/112_1/44_Q.pdf,16,17,keyword_candidates_require_tutor_review
112-1-44-71,放射線診斷原理與技術學,超音波原理與技術;消化系統;泌尿與生殖系統,sources/112_1/44_Q.pdf,17,17,keyword_candidates_require_tutor_review
112-1-44-72,放射線診斷原理與技術學,心血管系統,sources/112_1/44_Q.pdf,17,17,keyword_candidates_require_tutor_review
112-1-44-73,放射線診斷原理與技術學,CT原理與技術;MRI原理與技術;底片與影像接受器;對比劑與特殊攝影;神經系統,sources/112_1/44_Q.pdf,17,17,keyword_candidates_require_tutor_review
112-1-44-74,放射線診斷原理與技術學,偵檢器與計數統計;CT原理與技術;影像品質與數位影像;放療設備與品保;神經系統,sources/112_1/44_Q.pdf,17,17,keyword_candidates_require_tutor_review
112-1-44-75,放射線診斷原理與技術學,輻射量與劑量學;攝影擺位與投照,sources/112_1/44_Q.pdf,17,17,keyword_candidates_require_tutor_review
112-1-44-76,放射線診斷原理與技術學,MRI原理與技術,sources/112_1/44_Q.pdf,17,18,keyword_candidates_require_tutor_review
112-1-44-77,放射線診斷原理與技術學,,sources/112_1/44_Q.pdf,18,18,keyword_candidates_require_tutor_review
112-1-44-78,放射線診斷原理與技術學,影像品質與數位影像,sources/112_1/44_Q.pdf,18,18,keyword_candidates_require_tutor_review
112-1-44-79,放射線診斷原理與技術學,影像品質與數位影像,sources/112_1/44_Q.pdf,18,18,keyword_candidates_require_tutor_review
112-1-44-80,放射線診斷原理與技術學,影像品質與數位影像;底片與影像接受器,sources/112_1/44_Q.pdf,18,18,keyword_candidates_require_tutor_review
112-1-55-01,放射線治療原理與技術學,癌症與臨床放療,sources/112_1/55_Q.pdf,1,1,keyword_candidates_require_tutor_review
112-1-55-02,放射線治療原理與技術學,癌症與臨床放療;呼吸系統,sources/112_1/55_Q.pdf,1,1,keyword_candidates_require_tutor_review
112-1-55-03,放射線治療原理與技術學,放射生物學;底片與影像接受器;癌症與臨床放療,sources/112_1/55_Q.pdf,1,1,keyword_candidates_require_tutor_review
112-1-55-04,放射線治療原理與技術學,輻射量與劑量學;消化系統,sources/112_1/55_Q.pdf,1,1,keyword_candidates_require_tutor_review
112-1-55-05,放射線治療原理與技術學,,sources/112_1/55_Q.pdf,1,2,keyword_candidates_require_tutor_review
112-1-55-06,放射線治療原理與技術學,輻射量與劑量學;癌症與臨床放療,sources/112_1/55_Q.pdf,2,2,keyword_candidates_require_tutor_review
112-1-55-07,放射線治療原理與技術學,泌尿與生殖系統,sources/112_1/55_Q.pdf,2,2,keyword_candidates_require_tutor_review
112-1-55-08,放射線治療原理與技術學,放射生物學;MRI原理與技術,sources/112_1/55_Q.pdf,2,2,keyword_candidates_require_tutor_review
112-1-55-09,放射線治療原理與技術學,,sources/112_1/55_Q.pdf,2,2,keyword_candidates_require_tutor_review
112-1-55-10,放射線治療原理與技術學,癌症與臨床放療;呼吸系統;泌尿與生殖系統,sources/112_1/55_Q.pdf,2,2,keyword_candidates_require_tutor_review
112-1-55-11,放射線治療原理與技術學,放射生物學,sources/112_1/55_Q.pdf,2,3,keyword_candidates_require_tutor_review
112-1-55-12,放射線治療原理與技術學,癌症與臨床放療,sources/112_1/55_Q.pdf,3,3,keyword_candidates_require_tutor_review
112-1-55-13,放射線治療原理與技術學,,sources/112_1/55_Q.pdf,3,3,keyword_candidates_require_tutor_review
112-1-55-14,放射線治療原理與技術學,,sources/112_1/55_Q.pdf,3,3,keyword_candidates_require_tutor_review
112-1-55-15,放射線治療原理與技術學,放射治療計畫與劑量,sources/112_1/55_Q.pdf,3,3,keyword_candidates_require_tutor_review
112-1-55-16,放射線治療原理與技術學,放射治療計畫與劑量,sources/112_1/55_Q.pdf,3,4,keyword_candidates_require_tutor_review
112-1-55-17,放射線治療原理與技術學,放射治療計畫與劑量,sources/112_1/55_Q.pdf,4,4,keyword_candidates_require_tutor_review
112-1-55-18,放射線治療原理與技術學,輻射量與劑量學,sources/112_1/55_Q.pdf,4,4,keyword_candidates_require_tutor_review
112-1-55-19,放射線治療原理與技術學,心血管系統;呼吸系統,sources/112_1/55_Q.pdf,4,4,keyword_candidates_require_tutor_review
112-1-55-20,放射線治療原理與技術學,輻射量與劑量學;放射治療計畫與劑量;消化系統;泌尿與生殖系統,sources/112_1/55_Q.pdf,4,5,keyword_candidates_require_tutor_review
112-1-55-21,放射線治療原理與技術學,CT原理與技術;癌症與臨床放療;泌尿與生殖系統,sources/112_1/55_Q.pdf,5,5,keyword_candidates_require_tutor_review
112-1-55-22,放射線治療原理與技術學,,sources/112_1/55_Q.pdf,5,5,keyword_candidates_require_tutor_review
112-1-55-23,放射線治療原理與技術學,近接與特殊放療,sources/112_1/55_Q.pdf,5,5,keyword_candidates_require_tutor_review
112-1-55-24,放射線治療原理與技術學,近接與特殊放療,sources/112_1/55_Q.pdf,5,5,keyword_candidates_require_tutor_review
112-1-55-25,放射線治療原理與技術學,放射藥物與核種製備;放射治療計畫與劑量;近接與特殊放療,sources/112_1/55_Q.pdf,5,5,keyword_candidates_require_tutor_review
112-1-55-26,放射線治療原理與技術學,放射治療計畫與劑量,sources/112_1/55_Q.pdf,5,6,keyword_candidates_require_tutor_review
112-1-55-27,放射線治療原理與技術學,放射治療計畫與劑量,sources/112_1/55_Q.pdf,6,6,keyword_candidates_require_tutor_review
112-1-55-28,放射線治療原理與技術學,放射治療計畫與劑量,sources/112_1/55_Q.pdf,6,6,keyword_candidates_require_tutor_review
112-1-55-29,放射線治療原理與技術學,放射治療計畫與劑量;放療設備與品保;近接與特殊放療;癌症與臨床放療,sources/112_1/55_Q.pdf,6,6,keyword_candidates_require_tutor_review
112-1-55-30,放射線治療原理與技術學,放射治療計畫與劑量,sources/112_1/55_Q.pdf,6,6,keyword_candidates_require_tutor_review
112-1-55-31,放射線治療原理與技術學,放射治療計畫與劑量,sources/112_1/55_Q.pdf,6,6,keyword_candidates_require_tutor_review
112-1-55-32,放射線治療原理與技術學,放射治療計畫與劑量,sources/112_1/55_Q.pdf,6,7,keyword_candidates_require_tutor_review
112-1-55-33,放射線治療原理與技術學,X光產生與能譜;輻射量與劑量學;放射治療計畫與劑量,sources/112_1/55_Q.pdf,7,7,keyword_candidates_require_tutor_review
112-1-55-34,放射線治療原理與技術學,放射治療計畫與劑量;放療設備與品保,sources/112_1/55_Q.pdf,7,8,keyword_candidates_require_tutor_review
112-1-55-35,放射線治療原理與技術學,,sources/112_1/55_Q.pdf,8,8,keyword_candidates_require_tutor_review
112-1-55-36,放射線治療原理與技術學,衰減與屏蔽;輻射量與劑量學;偵檢器與計數統計;近接與特殊放療,sources/112_1/55_Q.pdf,8,8,keyword_candidates_require_tutor_review
112-1-55-37,放射線治療原理與技術學,半衰期與活度;輻射量與劑量學;泌尿與生殖系統,sources/112_1/55_Q.pdf,8,8,keyword_candidates_require_tutor_review
112-1-55-38,放射線治療原理與技術學,超音波原理與技術;癌症與臨床放療;泌尿與生殖系統,sources/112_1/55_Q.pdf,8,8,keyword_candidates_require_tutor_review
112-1-55-39,放射線治療原理與技術學,放射治療計畫與劑量;近接與特殊放療;癌症與臨床放療;泌尿與生殖系統,sources/112_1/55_Q.pdf,8,8,keyword_candidates_require_tutor_review
112-1-55-40,放射線治療原理與技術學,半衰期與活度;近接與特殊放療,sources/112_1/55_Q.pdf,8,9,keyword_candidates_require_tutor_review
112-1-55-41,放射線治療原理與技術學,近接與特殊放療;癌症與臨床放療,sources/112_1/55_Q.pdf,9,9,keyword_candidates_require_tutor_review
112-1-55-42,放射線治療原理與技術學,半衰期與活度;近接與特殊放療,sources/112_1/55_Q.pdf,9,9,keyword_candidates_require_tutor_review
112-1-55-43,放射線治療原理與技術學,半衰期與活度;放射治療計畫與劑量;近接與特殊放療,sources/112_1/55_Q.pdf,9,9,keyword_candidates_require_tutor_review
112-1-55-44,放射線治療原理與技術學,放射治療計畫與劑量,sources/112_1/55_Q.pdf,9,9,keyword_candidates_require_tutor_review
112-1-55-45,放射線治療原理與技術學,X光產生與能譜;放射治療計畫與劑量,sources/112_1/55_Q.pdf,9,9,keyword_candidates_require_tutor_review
112-1-55-46,放射線治療原理與技術學,放射治療計畫與劑量,sources/112_1/55_Q.pdf,9,10,keyword_candidates_require_tutor_review
112-1-55-47,放射線治療原理與技術學,半衰期與活度;近接與特殊放療,sources/112_1/55_Q.pdf,10,10,keyword_candidates_require_tutor_review
112-1-55-48,放射線治療原理與技術學,放射生物學;放射藥物與核種製備;近接與特殊放療;癌症與臨床放療;泌尿與生殖系統,sources/112_1/55_Q.pdf,10,10,keyword_candidates_require_tutor_review
112-1-55-49,放射線治療原理與技術學,MRI原理與技術;近接與特殊放療;癌症與臨床放療;泌尿與生殖系統,sources/112_1/55_Q.pdf,10,10,keyword_candidates_require_tutor_review
112-1-55-50,放射線治療原理與技術學,放射治療計畫與劑量,sources/112_1/55_Q.pdf,10,10,keyword_candidates_require_tutor_review
112-1-55-51,放射線治療原理與技術學,放射治療計畫與劑量;呼吸系統,sources/112_1/55_Q.pdf,10,11,keyword_candidates_require_tutor_review
112-1-55-52,放射線治療原理與技術學,輻射量與劑量學;底片與影像接受器,sources/112_1/55_Q.pdf,11,11,keyword_candidates_require_tutor_review
112-1-55-53,放射線治療原理與技術學,底片與影像接受器;放射治療計畫與劑量;近接與特殊放療;癌症與臨床放療;呼吸系統;泌尿與生殖系統,sources/112_1/55_Q.pdf,11,11,keyword_candidates_require_tutor_review
112-1-55-54,放射線治療原理與技術學,神經系統,sources/112_1/55_Q.pdf,11,11,keyword_candidates_require_tutor_review
112-1-55-55,放射線治療原理與技術學,放射治療計畫與劑量;癌症與臨床放療;消化系統,sources/112_1/55_Q.pdf,11,11,keyword_candidates_require_tutor_review
112-1-55-56,放射線治療原理與技術學,X光產生與能譜;放射治療計畫與劑量,sources/112_1/55_Q.pdf,11,12,keyword_candidates_require_tutor_review
112-1-55-57,放射線治療原理與技術學,核醫SPECT與加馬攝影機;放射治療計畫與劑量,sources/112_1/55_Q.pdf,12,12,keyword_candidates_require_tutor_review
112-1-55-58,放射線治療原理與技術學,放射治療計畫與劑量;近接與特殊放療,sources/112_1/55_Q.pdf,12,12,keyword_candidates_require_tutor_review
112-1-55-59,放射線治療原理與技術學,放射治療計畫與劑量,sources/112_1/55_Q.pdf,12,12,keyword_candidates_require_tutor_review
112-1-55-60,放射線治療原理與技術學,CT原理與技術;超音波原理與技術;核醫SPECT與加馬攝影機,sources/112_1/55_Q.pdf,12,12,keyword_candidates_require_tutor_review
112-1-55-61,放射線治療原理與技術學,CT原理與技術;放射治療計畫與劑量;神經系統,sources/112_1/55_Q.pdf,12,12,keyword_candidates_require_tutor_review
112-1-55-62,放射線治療原理與技術學,衰減與屏蔽;CT原理與技術;骨骼肌肉解剖與病理;呼吸系統,sources/112_1/55_Q.pdf,12,13,keyword_candidates_require_tutor_review
112-1-55-63,放射線治療原理與技術學,CT原理與技術;神經系統,sources/112_1/55_Q.pdf,13,13,keyword_candidates_require_tutor_review
112-1-55-64,放射線治療原理與技術學,核醫SPECT與加馬攝影機,sources/112_1/55_Q.pdf,13,13,keyword_candidates_require_tutor_review
112-1-55-65,放射線治療原理與技術學,放射治療計畫與劑量,sources/112_1/55_Q.pdf,13,13,keyword_candidates_require_tutor_review
112-1-55-66,放射線治療原理與技術學,放射治療計畫與劑量,sources/112_1/55_Q.pdf,13,13,keyword_candidates_require_tutor_review
112-1-55-67,放射線治療原理與技術學,放射治療計畫與劑量;放療設備與品保,sources/112_1/55_Q.pdf,13,14,keyword_candidates_require_tutor_review
112-1-55-68,放射線治療原理與技術學,輻射量與劑量學,sources/112_1/55_Q.pdf,14,14,keyword_candidates_require_tutor_review
112-1-55-69,放射線治療原理與技術學,光子與物質交互作用;衰減與屏蔽;輻射防護與法規;放射治療計畫與劑量,sources/112_1/55_Q.pdf,14,14,keyword_candidates_require_tutor_review
112-1-55-70,放射線治療原理與技術學,輻射量與劑量學;輻射防護與法規;放療設備與品保,sources/112_1/55_Q.pdf,14,14,keyword_candidates_require_tutor_review
112-1-55-71,放射線治療原理與技術學,輻射量與劑量學;輻射防護與法規;放療設備與品保,sources/112_1/55_Q.pdf,14,14,keyword_candidates_require_tutor_review
112-1-55-72,放射線治療原理與技術學,輻射防護與法規;近接與特殊放療,sources/112_1/55_Q.pdf,14,15,keyword_candidates_require_tutor_review
112-1-55-73,放射線治療原理與技術學,輻射量與劑量學;偵檢器與計數統計;放射治療計畫與劑量,sources/112_1/55_Q.pdf,15,15,keyword_candidates_require_tutor_review
112-1-55-74,放射線治療原理與技術學,放射治療計畫與劑量,sources/112_1/55_Q.pdf,15,15,keyword_candidates_require_tutor_review
112-1-55-75,放射線治療原理與技術學,輻射量與劑量學;放療設備與品保,sources/112_1/55_Q.pdf,15,15,keyword_candidates_require_tutor_review
112-1-55-76,放射線治療原理與技術學,放療設備與品保,sources/112_1/55_Q.pdf,15,15,keyword_candidates_require_tutor_review
112-1-55-77,放射線治療原理與技術學,輻射量與劑量學,sources/112_1/55_Q.pdf,15,15,keyword_candidates_require_tutor_review
112-1-55-78,放射線治療原理與技術學,輻射防護與法規;放療設備與品保,sources/112_1/55_Q.pdf,15,16,keyword_candidates_require_tutor_review
112-1-55-79,放射線治療原理與技術學,放射治療計畫與劑量,sources/112_1/55_Q.pdf,16,16,keyword_candidates_require_tutor_review
112-1-55-80,放射線治療原理與技術學,,sources/112_1/55_Q.pdf,16,16,keyword_candidates_require_tutor_review
112-1-66-01,核子醫學診療原理與技術學,半衰期與活度;MRI原理與技術;放射藥物與核種製備;骨骼肌肉解剖與病理,sources/112_1/66_Q.pdf,1,1,keyword_candidates_require_tutor_review
112-1-66-02,核子醫學診療原理與技術學,MRI原理與技術;放射藥物與核種製備;消化系統,sources/112_1/66_Q.pdf,1,1,keyword_candidates_require_tutor_review
112-1-66-03,核子醫學診療原理與技術學,核衰變與核種平衡;半衰期與活度;癌症與臨床放療;骨骼肌肉解剖與病理,sources/112_1/66_Q.pdf,1,1,keyword_candidates_require_tutor_review
112-1-66-04,核子醫學診療原理與技術學,半衰期與活度,sources/112_1/66_Q.pdf,1,1,keyword_candidates_require_tutor_review
112-1-66-05,核子醫學診療原理與技術學,,sources/112_1/66_Q.pdf,1,2,keyword_candidates_require_tutor_review
112-1-66-06,核子醫學診療原理與技術學,MRI原理與技術;放射藥物與核種製備,sources/112_1/66_Q.pdf,2,2,keyword_candidates_require_tutor_review
112-1-66-07,核子醫學診療原理與技術學,放射生物學;核醫PET;放射藥物與核種製備;攝影擺位與投照,sources/112_1/66_Q.pdf,2,2,keyword_candidates_require_tutor_review
112-1-66-08,核子醫學診療原理與技術學,核衰變與核種平衡,sources/112_1/66_Q.pdf,2,2,keyword_candidates_require_tutor_review
112-1-66-09,核子醫學診療原理與技術學,核衰變與核種平衡;放射藥物與核種製備;骨骼肌肉解剖與病理,sources/112_1/66_Q.pdf,2,3,keyword_candidates_require_tutor_review
112-1-66-10,核子醫學診療原理與技術學,放射藥物與核種製備,sources/112_1/66_Q.pdf,3,3,keyword_candidates_require_tutor_review
112-1-66-11,核子醫學診療原理與技術學,核衰變與核種平衡,sources/112_1/66_Q.pdf,3,3,keyword_candidates_require_tutor_review
112-1-66-12,核子醫學診療原理與技術學,攝影擺位與投照;血液免疫與一般病理,sources/112_1/66_Q.pdf,3,3,keyword_candidates_require_tutor_review
112-1-66-13,核子醫學診療原理與技術學,癌症與臨床放療,sources/112_1/66_Q.pdf,3,3,keyword_candidates_require_tutor_review
112-1-66-14,核子醫學診療原理與技術學,偵檢器與計數統計;放射藥物與核種製備;攝影擺位與投照,sources/112_1/66_Q.pdf,3,4,keyword_candidates_require_tutor_review
112-1-66-15,核子醫學診療原理與技術學,半衰期與活度;偵檢器與計數統計;放射藥物與核種製備,sources/112_1/66_Q.pdf,4,4,keyword_candidates_require_tutor_review
112-1-66-16,核子醫學診療原理與技術學,神經系統;內分泌與代謝,sources/112_1/66_Q.pdf,4,4,keyword_candidates_require_tutor_review
112-1-66-17,核子醫學診療原理與技術學,核醫SPECT與加馬攝影機;核醫器官檢查;心血管系統,sources/112_1/66_Q.pdf,4,4,keyword_candidates_require_tutor_review
112-1-66-18,核子醫學診療原理與技術學,衰減與屏蔽;CT原理與技術;影像品質與數位影像;核醫器官檢查;放療設備與品保;神經系統;心血管系統,sources/112_1/66_Q.pdf,4,4,keyword_candidates_require_tutor_review
112-1-66-19,核子醫學診療原理與技術學,核醫SPECT與加馬攝影機;核醫器官檢查;心血管系統,sources/112_1/66_Q.pdf,4,5,keyword_candidates_require_tutor_review
112-1-66-20,核子醫學診療原理與技術學,MRI原理與技術;放射藥物與核種製備;神經系統,sources/112_1/66_Q.pdf,5,5,keyword_candidates_require_tutor_review
112-1-66-21,核子醫學診療原理與技術學,核醫PET;神經系統,sources/112_1/66_Q.pdf,5,5,keyword_candidates_require_tutor_review
112-1-66-22,核子醫學診療原理與技術學,核醫SPECT與加馬攝影機;放射藥物與核種製備;神經系統,sources/112_1/66_Q.pdf,5,5,keyword_candidates_require_tutor_review
112-1-66-23,核子醫學診療原理與技術學,放射藥物與核種製備;心血管系統,sources/112_1/66_Q.pdf,5,5,keyword_candidates_require_tutor_review
112-1-66-24,核子醫學診療原理與技術學,心血管系統,sources/112_1/66_Q.pdf,5,6,keyword_candidates_require_tutor_review
112-1-66-25,核子醫學診療原理與技術學,心血管系統,sources/112_1/66_Q.pdf,6,6,keyword_candidates_require_tutor_review
112-1-66-26,核子醫學診療原理與技術學,核醫PET;核醫SPECT與加馬攝影機;放射藥物與核種製備,sources/112_1/66_Q.pdf,6,6,keyword_candidates_require_tutor_review
112-1-66-27,核子醫學診療原理與技術學,核醫器官檢查;心血管系統,sources/112_1/66_Q.pdf,6,6,keyword_candidates_require_tutor_review
112-1-66-28,核子醫學診療原理與技術學,輻射量與劑量學;放射藥物與核種製備;癌症與臨床放療;神經系統;泌尿與生殖系統;內分泌與代謝,sources/112_1/66_Q.pdf,6,7,keyword_candidates_require_tutor_review
112-1-66-29,核子醫學診療原理與技術學,MRI原理與技術;放射藥物與核種製備;核醫器官檢查;骨骼肌肉解剖與病理;消化系統;內分泌與代謝,sources/112_1/66_Q.pdf,7,7,keyword_candidates_require_tutor_review
112-1-66-30,核子醫學診療原理與技術學,骨骼肌肉解剖與病理,sources/112_1/66_Q.pdf,7,7,keyword_candidates_require_tutor_review
112-1-66-31,核子醫學診療原理與技術學,核衰變與核種平衡;影像品質與數位影像;核醫PET,sources/112_1/66_Q.pdf,7,7,keyword_candidates_require_tutor_review
112-1-66-32,核子醫學診療原理與技術學,MRI原理與技術;放射藥物與核種製備;血液免疫與一般病理,sources/112_1/66_Q.pdf,7,7,keyword_candidates_require_tutor_review
112-1-66-33,核子醫學診療原理與技術學,MRI原理與技術;核醫PET;癌症與臨床放療;呼吸系統;消化系統;泌尿與生殖系統,sources/112_1/66_Q.pdf,7,8,keyword_candidates_require_tutor_review
112-1-66-34,核子醫學診療原理與技術學,核醫PET;癌症與臨床放療,sources/112_1/66_Q.pdf,8,8,keyword_candidates_require_tutor_review
112-1-66-35,核子醫學診療原理與技術學,核衰變與核種平衡;半衰期與活度,sources/112_1/66_Q.pdf,8,8,keyword_candidates_require_tutor_review
112-1-66-36,核子醫學診療原理與技術學,核衰變與核種平衡;CT原理與技術;超音波原理與技術;核醫PET;神經系統,sources/112_1/66_Q.pdf,8,8,keyword_candidates_require_tutor_review
112-1-66-37,核子醫學診療原理與技術學,放射藥物與核種製備;癌症與臨床放療;攝影擺位與投照;內分泌與代謝,sources/112_1/66_Q.pdf,8,8,keyword_candidates_require_tutor_review
112-1-66-38,核子醫學診療原理與技術學,半衰期與活度,sources/112_1/66_Q.pdf,8,8,keyword_candidates_require_tutor_review
112-1-66-39,核子醫學診療原理與技術學,心血管系統;呼吸系統,sources/112_1/66_Q.pdf,8,9,keyword_candidates_require_tutor_review
112-1-66-40,核子醫學診療原理與技術學,半衰期與活度;輻射量與劑量學;放射藥物與核種製備;攝影擺位與投照;泌尿與生殖系統,sources/112_1/66_Q.pdf,9,9,keyword_candidates_require_tutor_review
112-1-66-41,核子醫學診療原理與技術學,放射藥物與核種製備;攝影擺位與投照;泌尿與生殖系統,sources/112_1/66_Q.pdf,9,9,keyword_candidates_require_tutor_review
112-1-66-42,核子醫學診療原理與技術學,放射藥物與核種製備;癌症與臨床放療;攝影擺位與投照;泌尿與生殖系統,sources/112_1/66_Q.pdf,9,9,keyword_candidates_require_tutor_review
112-1-66-43,核子醫學診療原理與技術學,影像品質與數位影像;消化系統;內分泌與代謝,sources/112_1/66_Q.pdf,9,9,keyword_candidates_require_tutor_review
112-1-66-44,核子醫學診療原理與技術學,放射藥物與核種製備;泌尿與生殖系統,sources/112_1/66_Q.pdf,9,10,keyword_candidates_require_tutor_review
112-1-66-45,核子醫學診療原理與技術學,放射藥物與核種製備;骨骼肌肉解剖與病理;泌尿與生殖系統,sources/112_1/66_Q.pdf,10,10,keyword_candidates_require_tutor_review
112-1-66-46,核子醫學診療原理與技術學,放射藥物與核種製備;泌尿與生殖系統,sources/112_1/66_Q.pdf,10,10,keyword_candidates_require_tutor_review
112-1-66-47,核子醫學診療原理與技術學,放射藥物與核種製備;神經系統;內分泌與代謝,sources/112_1/66_Q.pdf,10,11,keyword_candidates_require_tutor_review
112-1-66-48,核子醫學診療原理與技術學,消化系統,sources/112_1/66_Q.pdf,11,11,keyword_candidates_require_tutor_review
112-1-66-49,核子醫學診療原理與技術學,消化系統,sources/112_1/66_Q.pdf,11,11,keyword_candidates_require_tutor_review
112-1-66-50,核子醫學診療原理與技術學,核衰變與核種平衡;CT原理與技術;核醫PET;核醫SPECT與加馬攝影機;放射藥物與核種製備;神經系統,sources/112_1/66_Q.pdf,11,11,keyword_candidates_require_tutor_review
112-1-66-51,核子醫學診療原理與技術學,衰減與屏蔽;輻射量與劑量學;CT原理與技術;MRI原理與技術;核醫PET;核醫SPECT與加馬攝影機;放射藥物與核種製備;放療設備與品保;神經系統;消化系統,sources/112_1/66_Q.pdf,11,12,keyword_candidates_require_tutor_review
112-1-66-52,核子醫學診療原理與技術學,衰減與屏蔽;影像品質與數位影像;放療設備與品保,sources/112_1/66_Q.pdf,12,12,keyword_candidates_require_tutor_review
112-1-66-53,核子醫學診療原理與技術學,核衰變與核種平衡;核醫PET,sources/112_1/66_Q.pdf,12,12,keyword_candidates_require_tutor_review
112-1-66-54,核子醫學診療原理與技術學,放射藥物與核種製備;消化系統,sources/112_1/66_Q.pdf,12,12,keyword_candidates_require_tutor_review
112-1-66-55,核子醫學診療原理與技術學,偵檢器與計數統計;癌症與臨床放療,sources/112_1/66_Q.pdf,12,12,keyword_candidates_require_tutor_review
112-1-66-56,核子醫學診療原理與技術學,核衰變與核種平衡;衰減與屏蔽;CT原理與技術;影像品質與數位影像;核醫PET;放療設備與品保;對比劑與特殊攝影;消化系統,sources/112_1/66_Q.pdf,12,12,keyword_candidates_require_tutor_review
112-1-66-57,核子醫學診療原理與技術學,放射藥物與核種製備;神經系統;呼吸系統;血液免疫與一般病理,sources/112_1/66_Q.pdf,12,13,keyword_candidates_require_tutor_review
112-1-66-58,核子醫學診療原理與技術學,半衰期與活度;偵檢器與計數統計;核醫SPECT與加馬攝影機;放療設備與品保,sources/112_1/66_Q.pdf,13,13,keyword_candidates_require_tutor_review
112-1-66-59,核子醫學診療原理與技術學,偵檢器與計數統計,sources/112_1/66_Q.pdf,13,13,keyword_candidates_require_tutor_review
112-1-66-60,核子醫學診療原理與技術學,偵檢器與計數統計,sources/112_1/66_Q.pdf,13,13,keyword_candidates_require_tutor_review
112-1-66-61,核子醫學診療原理與技術學,核衰變與核種平衡;核醫PET;血液免疫與一般病理,sources/112_1/66_Q.pdf,13,13,keyword_candidates_require_tutor_review
112-1-66-62,核子醫學診療原理與技術學,偵檢器與計數統計;血液免疫與一般病理,sources/112_1/66_Q.pdf,13,14,keyword_candidates_require_tutor_review
112-1-66-63,核子醫學診療原理與技術學,輻射防護與法規,sources/112_1/66_Q.pdf,14,14,keyword_candidates_require_tutor_review
112-1-66-64,核子醫學診療原理與技術學,衰減與屏蔽;輻射量與劑量學;MRI原理與技術;放射藥物與核種製備,sources/112_1/66_Q.pdf,14,14,keyword_candidates_require_tutor_review
112-1-66-65,核子醫學診療原理與技術學,CT原理與技術;MRI原理與技術;放射藥物與核種製備;癌症與臨床放療;對比劑與特殊攝影;神經系統;內分泌與代謝,sources/112_1/66_Q.pdf,14,14,keyword_candidates_require_tutor_review
112-1-66-66,核子醫學診療原理與技術學,放射藥物與核種製備;癌症與臨床放療;攝影擺位與投照;呼吸系統;消化系統;血液免疫與一般病理,sources/112_1/66_Q.pdf,14,14,keyword_candidates_require_tutor_review
112-1-66-67,核子醫學診療原理與技術學,輻射量與劑量學;放射藥物與核種製備;癌症與臨床放療;血液免疫與一般病理,sources/112_1/66_Q.pdf,14,14,keyword_candidates_require_tutor_review
112-1-66-68,核子醫學診療原理與技術學,放射生物學,sources/112_1/66_Q.pdf,14,15,keyword_candidates_require_tutor_review
112-1-66-69,核子醫學診療原理與技術學,癌症與臨床放療;內分泌與代謝,sources/112_1/66_Q.pdf,15,15,keyword_candidates_require_tutor_review
112-1-66-70,核子醫學診療原理與技術學,輻射量與劑量學;偵檢器與計數統計,sources/112_1/66_Q.pdf,15,15,keyword_candidates_require_tutor_review
112-1-66-71,核子醫學診療原理與技術學,,sources/112_1/66_Q.pdf,15,15,keyword_candidates_require_tutor_review
112-1-66-72,核子醫學診療原理與技術學,半衰期與活度;放射藥物與核種製備,sources/112_1/66_Q.pdf,15,15,keyword_candidates_require_tutor_review
112-1-66-73,核子醫學診療原理與技術學,放療設備與品保,sources/112_1/66_Q.pdf,15,15,keyword_candidates_require_tutor_review
112-1-66-74,核子醫學診療原理與技術學,核醫SPECT與加馬攝影機,sources/112_1/66_Q.pdf,15,16,keyword_candidates_require_tutor_review
112-1-66-75,核子醫學診療原理與技術學,半衰期與活度;偵檢器與計數統計,sources/112_1/66_Q.pdf,16,16,keyword_candidates_require_tutor_review
112-1-66-76,核子醫學診療原理與技術學,偵檢器與計數統計;放療設備與品保,sources/112_1/66_Q.pdf,16,16,keyword_candidates_require_tutor_review
112-1-66-77,核子醫學診療原理與技術學,半衰期與活度,sources/112_1/66_Q.pdf,16,16,keyword_candidates_require_tutor_review
112-1-66-78,核子醫學診療原理與技術學,核衰變與核種平衡;半衰期與活度,sources/112_1/66_Q.pdf,16,17,keyword_candidates_require_tutor_review
112-1-66-79,核子醫學診療原理與技術學,核衰變與核種平衡;半衰期與活度;MRI原理與技術,sources/112_1/66_Q.pdf,17,17,keyword_candidates_require_tutor_review
112-1-66-80,核子醫學診療原理與技術學,偵檢器與計數統計,sources/112_1/66_Q.pdf,17,17,keyword_candidates_require_tutor_review
112-2-11-01,基礎醫學（包括解剖學、生理學與病理學）,,sources/112_2/11_Q.pdf,1,1,keyword_candidates_require_tutor_review
112-2-11-02,基礎醫學（包括解剖學、生理學與病理學）,骨骼肌肉解剖與病理,sources/112_2/11_Q.pdf,1,1,keyword_candidates_require_tutor_review
112-2-11-03,基礎醫學（包括解剖學、生理學與病理學）,,sources/112_2/11_Q.pdf,1,1,keyword_candidates_require_tutor_review
112-2-11-04,基礎醫學（包括解剖學、生理學與病理學）,骨骼肌肉解剖與病理,sources/112_2/11_Q.pdf,1,1,keyword_candidates_require_tutor_review
112-2-11-05,基礎醫學（包括解剖學、生理學與病理學）,骨骼肌肉解剖與病理,sources/112_2/11_Q.pdf,1,2,keyword_candidates_require_tutor_review
112-2-11-06,基礎醫學（包括解剖學、生理學與病理學）,骨骼肌肉解剖與病理,sources/112_2/11_Q.pdf,2,2,keyword_candidates_require_tutor_review
112-2-11-07,基礎醫學（包括解剖學、生理學與病理學）,骨骼肌肉解剖與病理,sources/112_2/11_Q.pdf,2,2,keyword_candidates_require_tutor_review
112-2-11-08,基礎醫學（包括解剖學、生理學與病理學）,骨骼肌肉解剖與病理,sources/112_2/11_Q.pdf,2,2,keyword_candidates_require_tutor_review
112-2-11-09,基礎醫學（包括解剖學、生理學與病理學）,骨骼肌肉解剖與病理,sources/112_2/11_Q.pdf,2,2,keyword_candidates_require_tutor_review
112-2-11-10,基礎醫學（包括解剖學、生理學與病理學）,骨骼肌肉解剖與病理;神經系統,sources/112_2/11_Q.pdf,2,2,keyword_candidates_require_tutor_review
112-2-11-11,基礎醫學（包括解剖學、生理學與病理學）,,sources/112_2/11_Q.pdf,2,3,keyword_candidates_require_tutor_review
112-2-11-12,基礎醫學（包括解剖學、生理學與病理學）,骨骼肌肉解剖與病理,sources/112_2/11_Q.pdf,3,3,keyword_candidates_require_tutor_review
112-2-11-13,基礎醫學（包括解剖學、生理學與病理學）,神經系統,sources/112_2/11_Q.pdf,3,3,keyword_candidates_require_tutor_review
112-2-11-14,基礎醫學（包括解剖學、生理學與病理學）,骨骼肌肉解剖與病理;神經系統,sources/112_2/11_Q.pdf,3,3,keyword_candidates_require_tutor_review
112-2-11-15,基礎醫學（包括解剖學、生理學與病理學）,神經系統,sources/112_2/11_Q.pdf,3,3,keyword_candidates_require_tutor_review
112-2-11-16,基礎醫學（包括解剖學、生理學與病理學）,神經系統;呼吸系統,sources/112_2/11_Q.pdf,3,3,keyword_candidates_require_tutor_review
112-2-11-17,基礎醫學（包括解剖學、生理學與病理學）,神經系統,sources/112_2/11_Q.pdf,3,4,keyword_candidates_require_tutor_review
112-2-11-18,基礎醫學（包括解剖學、生理學與病理學）,骨骼肌肉解剖與病理;神經系統,sources/112_2/11_Q.pdf,4,4,keyword_candidates_require_tutor_review
112-2-11-19,基礎醫學（包括解剖學、生理學與病理學）,神經系統,sources/112_2/11_Q.pdf,4,4,keyword_candidates_require_tutor_review
112-2-11-20,基礎醫學（包括解剖學、生理學與病理學）,MRI原理與技術,sources/112_2/11_Q.pdf,4,4,keyword_candidates_require_tutor_review
112-2-11-21,基礎醫學（包括解剖學、生理學與病理學）,骨骼肌肉解剖與病理;神經系統,sources/112_2/11_Q.pdf,4,4,keyword_candidates_require_tutor_review
112-2-11-22,基礎醫學（包括解剖學、生理學與病理學）,放射藥物與核種製備,sources/112_2/11_Q.pdf,4,4,keyword_candidates_require_tutor_review
112-2-11-23,基礎醫學（包括解剖學、生理學與病理學）,放射生物學;MRI原理與技術;血液免疫與一般病理,sources/112_2/11_Q.pdf,4,5,keyword_candidates_require_tutor_review
112-2-11-24,基礎醫學（包括解剖學、生理學與病理學）,骨骼肌肉解剖與病理,sources/112_2/11_Q.pdf,5,5,keyword_candidates_require_tutor_review
112-2-11-25,基礎醫學（包括解剖學、生理學與病理學）,,sources/112_2/11_Q.pdf,5,5,keyword_candidates_require_tutor_review
112-2-11-26,基礎醫學（包括解剖學、生理學與病理學）,,sources/112_2/11_Q.pdf,5,5,keyword_candidates_require_tutor_review
112-2-11-27,基礎醫學（包括解剖學、生理學與病理學）,攝影擺位與投照;骨骼肌肉解剖與病理;神經系統;心血管系統,sources/112_2/11_Q.pdf,5,5,keyword_candidates_require_tutor_review
112-2-11-28,基礎醫學（包括解剖學、生理學與病理學）,心血管系統,sources/112_2/11_Q.pdf,5,5,keyword_candidates_require_tutor_review
112-2-11-29,基礎醫學（包括解剖學、生理學與病理學）,,sources/112_2/11_Q.pdf,5,6,keyword_candidates_require_tutor_review
112-2-11-30,基礎醫學（包括解剖學、生理學與病理學）,呼吸系統,sources/112_2/11_Q.pdf,6,6,keyword_candidates_require_tutor_review
112-2-11-31,基礎醫學（包括解剖學、生理學與病理學）,,sources/112_2/11_Q.pdf,6,6,keyword_candidates_require_tutor_review
112-2-11-32,基礎醫學（包括解剖學、生理學與病理學）,神經系統,sources/112_2/11_Q.pdf,6,6,keyword_candidates_require_tutor_review
112-2-11-33,基礎醫學（包括解剖學、生理學與病理學）,消化系統,sources/112_2/11_Q.pdf,6,6,keyword_candidates_require_tutor_review
112-2-11-34,基礎醫學（包括解剖學、生理學與病理學）,MRI原理與技術,sources/112_2/11_Q.pdf,6,6,keyword_candidates_require_tutor_review
112-2-11-35,基礎醫學（包括解剖學、生理學與病理學）,呼吸系統,sources/112_2/11_Q.pdf,6,6,keyword_candidates_require_tutor_review
112-2-11-36,基礎醫學（包括解剖學、生理學與病理學）,MRI原理與技術;泌尿與生殖系統,sources/112_2/11_Q.pdf,7,7,keyword_candidates_require_tutor_review
112-2-11-37,基礎醫學（包括解剖學、生理學與病理學）,,sources/112_2/11_Q.pdf,7,7,keyword_candidates_require_tutor_review
112-2-11-38,基礎醫學（包括解剖學、生理學與病理學）,,sources/112_2/11_Q.pdf,7,7,keyword_candidates_require_tutor_review
112-2-11-39,基礎醫學（包括解剖學、生理學與病理學）,,sources/112_2/11_Q.pdf,7,8,keyword_candidates_require_tutor_review
112-2-11-40,基礎醫學（包括解剖學、生理學與病理學）,神經系統;內分泌與代謝,sources/112_2/11_Q.pdf,8,8,keyword_candidates_require_tutor_review
112-2-11-41,基礎醫學（包括解剖學、生理學與病理學）,,sources/112_2/11_Q.pdf,8,8,keyword_candidates_require_tutor_review
112-2-11-42,基礎醫學（包括解剖學、生理學與病理學）,骨骼肌肉解剖與病理,sources/112_2/11_Q.pdf,8,8,keyword_candidates_require_tutor_review
112-2-11-43,基礎醫學（包括解剖學、生理學與病理學）,消化系統,sources/112_2/11_Q.pdf,8,8,keyword_candidates_require_tutor_review
112-2-11-44,基礎醫學（包括解剖學、生理學與病理學）,骨骼肌肉解剖與病理,sources/112_2/11_Q.pdf,8,8,keyword_candidates_require_tutor_review
112-2-11-45,基礎醫學（包括解剖學、生理學與病理學）,MRI原理與技術,sources/112_2/11_Q.pdf,8,9,keyword_candidates_require_tutor_review
112-2-11-46,基礎醫學（包括解剖學、生理學與病理學）,心血管系統,sources/112_2/11_Q.pdf,9,9,keyword_candidates_require_tutor_review
112-2-11-47,基礎醫學（包括解剖學、生理學與病理學）,,sources/112_2/11_Q.pdf,9,9,keyword_candidates_require_tutor_review
112-2-11-48,基礎醫學（包括解剖學、生理學與病理學）,呼吸系統,sources/112_2/11_Q.pdf,9,9,keyword_candidates_require_tutor_review
112-2-11-49,基礎醫學（包括解剖學、生理學與病理學）,,sources/112_2/11_Q.pdf,9,9,keyword_candidates_require_tutor_review
112-2-11-50,基礎醫學（包括解剖學、生理學與病理學）,內分泌與代謝,sources/112_2/11_Q.pdf,9,9,keyword_candidates_require_tutor_review
112-2-11-51,基礎醫學（包括解剖學、生理學與病理學）,泌尿與生殖系統,sources/112_2/11_Q.pdf,9,10,keyword_candidates_require_tutor_review
112-2-11-52,基礎醫學（包括解剖學、生理學與病理學）,MRI原理與技術;神經系統,sources/112_2/11_Q.pdf,10,10,keyword_candidates_require_tutor_review
112-2-11-53,基礎醫學（包括解剖學、生理學與病理學）,消化系統,sources/112_2/11_Q.pdf,10,10,keyword_candidates_require_tutor_review
112-2-11-54,基礎醫學（包括解剖學、生理學與病理學）,,sources/112_2/11_Q.pdf,10,10,keyword_candidates_require_tutor_review
112-2-11-55,基礎醫學（包括解剖學、生理學與病理學）,,sources/112_2/11_Q.pdf,10,10,keyword_candidates_require_tutor_review
112-2-11-56,基礎醫學（包括解剖學、生理學與病理學）,內分泌與代謝,sources/112_2/11_Q.pdf,10,10,keyword_candidates_require_tutor_review
112-2-11-57,基礎醫學（包括解剖學、生理學與病理學）,泌尿與生殖系統,sources/112_2/11_Q.pdf,10,11,keyword_candidates_require_tutor_review
112-2-11-58,基礎醫學（包括解剖學、生理學與病理學）,神經系統;內分泌與代謝,sources/112_2/11_Q.pdf,11,11,keyword_candidates_require_tutor_review
112-2-11-59,基礎醫學（包括解剖學、生理學與病理學）,,sources/112_2/11_Q.pdf,11,11,keyword_candidates_require_tutor_review
112-2-11-60,基礎醫學（包括解剖學、生理學與病理學）,,sources/112_2/11_Q.pdf,11,11,keyword_candidates_require_tutor_review
112-2-11-61,基礎醫學（包括解剖學、生理學與病理學）,MRI原理與技術;血液免疫與一般病理,sources/112_2/11_Q.pdf,11,11,keyword_candidates_require_tutor_review
112-2-11-62,基礎醫學（包括解剖學、生理學與病理學）,消化系統,sources/112_2/11_Q.pdf,11,11,keyword_candidates_require_tutor_review
112-2-11-63,基礎醫學（包括解剖學、生理學與病理學）,放射生物學;核醫PET,sources/112_2/11_Q.pdf,11,12,keyword_candidates_require_tutor_review
112-2-11-64,基礎醫學（包括解剖學、生理學與病理學）,癌症與臨床放療;泌尿與生殖系統,sources/112_2/11_Q.pdf,12,12,keyword_candidates_require_tutor_review
112-2-11-65,基礎醫學（包括解剖學、生理學與病理學）,MRI原理與技術;癌症與臨床放療;呼吸系統,sources/112_2/11_Q.pdf,12,12,keyword_candidates_require_tutor_review
112-2-11-66,基礎醫學（包括解剖學、生理學與病理學）,心血管系統,sources/112_2/11_Q.pdf,12,12,keyword_candidates_require_tutor_review
112-2-11-67,基礎醫學（包括解剖學、生理學與病理學）,,sources/112_2/11_Q.pdf,12,12,keyword_candidates_require_tutor_review
112-2-11-68,基礎醫學（包括解剖學、生理學與病理學）,,sources/112_2/11_Q.pdf,12,12,keyword_candidates_require_tutor_review
112-2-11-69,基礎醫學（包括解剖學、生理學與病理學）,神經系統,sources/112_2/11_Q.pdf,12,13,keyword_candidates_require_tutor_review
112-2-11-70,基礎醫學（包括解剖學、生理學與病理學）,血液免疫與一般病理,sources/112_2/11_Q.pdf,13,13,keyword_candidates_require_tutor_review
112-2-11-71,基礎醫學（包括解剖學、生理學與病理學）,癌症與臨床放療,sources/112_2/11_Q.pdf,13,13,keyword_candidates_require_tutor_review
112-2-11-72,基礎醫學（包括解剖學、生理學與病理學）,癌症與臨床放療;心血管系統;消化系統,sources/112_2/11_Q.pdf,13,13,keyword_candidates_require_tutor_review
112-2-11-73,基礎醫學（包括解剖學、生理學與病理學）,癌症與臨床放療;消化系統;內分泌與代謝;血液免疫與一般病理,sources/112_2/11_Q.pdf,13,13,keyword_candidates_require_tutor_review
112-2-11-74,基礎醫學（包括解剖學、生理學與病理學）,癌症與臨床放療,sources/112_2/11_Q.pdf,13,13,keyword_candidates_require_tutor_review
112-2-11-75,基礎醫學（包括解剖學、生理學與病理學）,癌症與臨床放療;泌尿與生殖系統,sources/112_2/11_Q.pdf,13,14,keyword_candidates_require_tutor_review
112-2-11-76,基礎醫學（包括解剖學、生理學與病理學）,癌症與臨床放療,sources/112_2/11_Q.pdf,14,14,keyword_candidates_require_tutor_review
112-2-11-77,基礎醫學（包括解剖學、生理學與病理學）,癌症與臨床放療;神經系統;呼吸系統;內分泌與代謝,sources/112_2/11_Q.pdf,14,14,keyword_candidates_require_tutor_review
112-2-11-78,基礎醫學（包括解剖學、生理學與病理學）,內分泌與代謝,sources/112_2/11_Q.pdf,14,14,keyword_candidates_require_tutor_review
112-2-11-79,基礎醫學（包括解剖學、生理學與病理學）,輻射量與劑量學;MRI原理與技術;神經系統,sources/112_2/11_Q.pdf,14,14,keyword_candidates_require_tutor_review
112-2-11-80,基礎醫學（包括解剖學、生理學與病理學）,骨骼肌肉解剖與病理,sources/112_2/11_Q.pdf,14,14,keyword_candidates_require_tutor_review
112-2-22-01,醫學物理學與輻射安全,,sources/112_2/22_Q.pdf,1,1,keyword_candidates_require_tutor_review
112-2-22-02,醫學物理學與輻射安全,核衰變與核種平衡,sources/112_2/22_Q.pdf,1,1,keyword_candidates_require_tutor_review
112-2-22-03,醫學物理學與輻射安全,核衰變與核種平衡;半衰期與活度;MRI原理與技術,sources/112_2/22_Q.pdf,1,1,keyword_candidates_require_tutor_review
112-2-22-04,醫學物理學與輻射安全,,sources/112_2/22_Q.pdf,1,1,keyword_candidates_require_tutor_review
112-2-22-05,醫學物理學與輻射安全,半衰期與活度;MRI原理與技術,sources/112_2/22_Q.pdf,1,2,keyword_candidates_require_tutor_review
112-2-22-06,醫學物理學與輻射安全,輻射量與劑量學;骨骼肌肉解剖與病理,sources/112_2/22_Q.pdf,2,2,keyword_candidates_require_tutor_review
112-2-22-07,醫學物理學與輻射安全,光子與物質交互作用,sources/112_2/22_Q.pdf,2,2,keyword_candidates_require_tutor_review
112-2-22-08,醫學物理學與輻射安全,輻射量與劑量學;MRI原理與技術;近接與特殊放療,sources/112_2/22_Q.pdf,2,2,keyword_candidates_require_tutor_review
112-2-22-09,醫學物理學與輻射安全,X光產生與能譜;放射治療計畫與劑量,sources/112_2/22_Q.pdf,2,2,keyword_candidates_require_tutor_review
112-2-22-10,醫學物理學與輻射安全,X光產生與能譜,sources/112_2/22_Q.pdf,2,3,keyword_candidates_require_tutor_review
112-2-22-11,醫學物理學與輻射安全,輻射量與劑量學;偵檢器與計數統計,sources/112_2/22_Q.pdf,3,3,keyword_candidates_require_tutor_review
112-2-22-12,醫學物理學與輻射安全,偵檢器與計數統計,sources/112_2/22_Q.pdf,3,3,keyword_candidates_require_tutor_review
112-2-22-13,醫學物理學與輻射安全,攝影擺位與投照,sources/112_2/22_Q.pdf,3,3,keyword_candidates_require_tutor_review
112-2-22-14,醫學物理學與輻射安全,輻射量與劑量學,sources/112_2/22_Q.pdf,3,3,keyword_candidates_require_tutor_review
112-2-22-15,醫學物理學與輻射安全,輻射量與劑量學;骨骼肌肉解剖與病理,sources/112_2/22_Q.pdf,3,3,keyword_candidates_require_tutor_review
112-2-22-16,醫學物理學與輻射安全,X光產生與能譜,sources/112_2/22_Q.pdf,3,4,keyword_candidates_require_tutor_review
112-2-22-17,醫學物理學與輻射安全,CT原理與技術,sources/112_2/22_Q.pdf,4,4,keyword_candidates_require_tutor_review
112-2-22-18,醫學物理學與輻射安全,底片與影像接受器,sources/112_2/22_Q.pdf,4,4,keyword_candidates_require_tutor_review
112-2-22-19,醫學物理學與輻射安全,,sources/112_2/22_Q.pdf,4,4,keyword_candidates_require_tutor_review
112-2-22-20,醫學物理學與輻射安全,,sources/112_2/22_Q.pdf,4,5,keyword_candidates_require_tutor_review
112-2-22-21,醫學物理學與輻射安全,,sources/112_2/22_Q.pdf,5,5,keyword_candidates_require_tutor_review
112-2-22-22,醫學物理學與輻射安全,放射治療計畫與劑量,sources/112_2/22_Q.pdf,5,5,keyword_candidates_require_tutor_review
112-2-22-23,醫學物理學與輻射安全,輻射量與劑量學,sources/112_2/22_Q.pdf,5,5,keyword_candidates_require_tutor_review
112-2-22-24,醫學物理學與輻射安全,近接與特殊放療,sources/112_2/22_Q.pdf,5,5,keyword_candidates_require_tutor_review
112-2-22-25,醫學物理學與輻射安全,衰減與屏蔽;放射治療計畫與劑量,sources/112_2/22_Q.pdf,5,5,keyword_candidates_require_tutor_review
112-2-22-26,醫學物理學與輻射安全,衰減與屏蔽;輻射量與劑量學;CT原理與技術;核醫PET;核醫SPECT與加馬攝影機;放療設備與品保;神經系統,sources/112_2/22_Q.pdf,5,6,keyword_candidates_require_tutor_review
112-2-22-27,醫學物理學與輻射安全,核衰變與核種平衡;放射藥物與核種製備,sources/112_2/22_Q.pdf,6,6,keyword_candidates_require_tutor_review
112-2-22-28,醫學物理學與輻射安全,,sources/112_2/22_Q.pdf,6,6,keyword_candidates_require_tutor_review
112-2-22-29,醫學物理學與輻射安全,衰減與屏蔽,sources/112_2/22_Q.pdf,6,6,keyword_candidates_require_tutor_review
112-2-22-30,醫學物理學與輻射安全,偵檢器與計數統計;核醫SPECT與加馬攝影機,sources/112_2/22_Q.pdf,6,6,keyword_candidates_require_tutor_review
112-2-22-31,醫學物理學與輻射安全,超音波原理與技術,sources/112_2/22_Q.pdf,6,6,keyword_candidates_require_tutor_review
112-2-22-32,醫學物理學與輻射安全,超音波原理與技術,sources/112_2/22_Q.pdf,6,7,keyword_candidates_require_tutor_review
112-2-22-33,醫學物理學與輻射安全,超音波原理與技術;核醫SPECT與加馬攝影機,sources/112_2/22_Q.pdf,7,7,keyword_candidates_require_tutor_review
112-2-22-34,醫學物理學與輻射安全,超音波原理與技術;骨骼肌肉解剖與病理;呼吸系統,sources/112_2/22_Q.pdf,7,7,keyword_candidates_require_tutor_review
112-2-22-35,醫學物理學與輻射安全,輻射量與劑量學;超音波原理與技術;影像品質與數位影像,sources/112_2/22_Q.pdf,7,7,keyword_candidates_require_tutor_review
112-2-22-36,醫學物理學與輻射安全,MRI原理與技術,sources/112_2/22_Q.pdf,7,7,keyword_candidates_require_tutor_review
112-2-22-37,醫學物理學與輻射安全,影像品質與數位影像,sources/112_2/22_Q.pdf,7,8,keyword_candidates_require_tutor_review
112-2-22-38,醫學物理學與輻射安全,MRI原理與技術;影像品質與數位影像,sources/112_2/22_Q.pdf,8,8,keyword_candidates_require_tutor_review
112-2-22-39,醫學物理學與輻射安全,MRI原理與技術,sources/112_2/22_Q.pdf,8,8,keyword_candidates_require_tutor_review
112-2-22-40,醫學物理學與輻射安全,MRI原理與技術;影像品質與數位影像,sources/112_2/22_Q.pdf,8,8,keyword_candidates_require_tutor_review
112-2-22-41,醫學物理學與輻射安全,半衰期與活度;輻射防護與法規,sources/112_2/22_Q.pdf,8,8,keyword_candidates_require_tutor_review
112-2-22-42,醫學物理學與輻射安全,,sources/112_2/22_Q.pdf,8,8,keyword_candidates_require_tutor_review
112-2-22-43,醫學物理學與輻射安全,輻射防護與法規,sources/112_2/22_Q.pdf,8,9,keyword_candidates_require_tutor_review
112-2-22-44,醫學物理學與輻射安全,輻射量與劑量學,sources/112_2/22_Q.pdf,9,9,keyword_candidates_require_tutor_review
112-2-22-45,醫學物理學與輻射安全,,sources/112_2/22_Q.pdf,9,9,keyword_candidates_require_tutor_review
112-2-22-46,醫學物理學與輻射安全,核衰變與核種平衡;輻射量與劑量學;核醫PET;神經系統;心血管系統;泌尿與生殖系統,sources/112_2/22_Q.pdf,9,9,keyword_candidates_require_tutor_review
112-2-22-47,醫學物理學與輻射安全,輻射量與劑量學,sources/112_2/22_Q.pdf,9,9,keyword_candidates_require_tutor_review
112-2-22-48,醫學物理學與輻射安全,半衰期與活度;衰減與屏蔽;輻射量與劑量學;輻射防護與法規,sources/112_2/22_Q.pdf,9,10,keyword_candidates_require_tutor_review
112-2-22-49,醫學物理學與輻射安全,輻射量與劑量學;放射生物學,sources/112_2/22_Q.pdf,10,10,keyword_candidates_require_tutor_review
112-2-22-50,醫學物理學與輻射安全,輻射量與劑量學,sources/112_2/22_Q.pdf,10,10,keyword_candidates_require_tutor_review
112-2-22-51,醫學物理學與輻射安全,,sources/112_2/22_Q.pdf,10,10,keyword_candidates_require_tutor_review
112-2-22-52,醫學物理學與輻射安全,偵檢器與計數統計,sources/112_2/22_Q.pdf,10,10,keyword_candidates_require_tutor_review
112-2-22-53,醫學物理學與輻射安全,偵檢器與計數統計,sources/112_2/22_Q.pdf,10,11,keyword_candidates_require_tutor_review
112-2-22-54,醫學物理學與輻射安全,偵檢器與計數統計;放射生物學,sources/112_2/22_Q.pdf,11,11,keyword_candidates_require_tutor_review
112-2-22-55,醫學物理學與輻射安全,偵檢器與計數統計,sources/112_2/22_Q.pdf,11,11,keyword_candidates_require_tutor_review
112-2-22-56,醫學物理學與輻射安全,偵檢器與計數統計,sources/112_2/22_Q.pdf,11,11,keyword_candidates_require_tutor_review
112-2-22-57,醫學物理學與輻射安全,衰減與屏蔽;放射治療計畫與劑量,sources/112_2/22_Q.pdf,11,11,keyword_candidates_require_tutor_review
112-2-22-58,醫學物理學與輻射安全,衰減與屏蔽;輻射量與劑量學,sources/112_2/22_Q.pdf,11,11,keyword_candidates_require_tutor_review
112-2-22-59,醫學物理學與輻射安全,光子與物質交互作用,sources/112_2/22_Q.pdf,11,12,keyword_candidates_require_tutor_review
112-2-22-60,醫學物理學與輻射安全,核衰變與核種平衡;衰減與屏蔽,sources/112_2/22_Q.pdf,12,12,keyword_candidates_require_tutor_review
112-2-22-61,醫學物理學與輻射安全,衰減與屏蔽,sources/112_2/22_Q.pdf,12,12,keyword_candidates_require_tutor_review
112-2-22-62,醫學物理學與輻射安全,衰減與屏蔽,sources/112_2/22_Q.pdf,12,12,keyword_candidates_require_tutor_review
112-2-22-63,醫學物理學與輻射安全,放射生物學,sources/112_2/22_Q.pdf,12,12,keyword_candidates_require_tutor_review
112-2-22-64,醫學物理學與輻射安全,癌症與臨床放療,sources/112_2/22_Q.pdf,12,12,keyword_candidates_require_tutor_review
112-2-22-65,醫學物理學與輻射安全,輻射量與劑量學;放射生物學,sources/112_2/22_Q.pdf,12,13,keyword_candidates_require_tutor_review
112-2-22-66,醫學物理學與輻射安全,輻射量與劑量學;骨骼肌肉解剖與病理;內分泌與代謝;血液免疫與一般病理,sources/112_2/22_Q.pdf,13,13,keyword_candidates_require_tutor_review
112-2-22-67,醫學物理學與輻射安全,輻射防護與法規;放射生物學;骨骼肌肉解剖與病理;血液免疫與一般病理,sources/112_2/22_Q.pdf,13,13,keyword_candidates_require_tutor_review
112-2-22-68,醫學物理學與輻射安全,放射生物學,sources/112_2/22_Q.pdf,13,13,keyword_candidates_require_tutor_review
112-2-22-69,醫學物理學與輻射安全,輻射防護與法規,sources/112_2/22_Q.pdf,13,13,keyword_candidates_require_tutor_review
112-2-22-70,醫學物理學與輻射安全,骨骼肌肉解剖與病理;神經系統;消化系統,sources/112_2/22_Q.pdf,13,13,keyword_candidates_require_tutor_review
112-2-22-71,醫學物理學與輻射安全,輻射防護與法規,sources/112_2/22_Q.pdf,13,14,keyword_candidates_require_tutor_review
112-2-22-72,醫學物理學與輻射安全,輻射量與劑量學,sources/112_2/22_Q.pdf,14,14,keyword_candidates_require_tutor_review
112-2-22-73,醫學物理學與輻射安全,,sources/112_2/22_Q.pdf,14,14,keyword_candidates_require_tutor_review
112-2-22-74,醫學物理學與輻射安全,衰減與屏蔽;X光產生與能譜;輻射防護與法規,sources/112_2/22_Q.pdf,14,14,keyword_candidates_require_tutor_review
112-2-22-75,醫學物理學與輻射安全,半衰期與活度,sources/112_2/22_Q.pdf,14,14,keyword_candidates_require_tutor_review
112-2-22-76,醫學物理學與輻射安全,輻射防護與法規,sources/112_2/22_Q.pdf,14,14,keyword_candidates_require_tutor_review
112-2-22-77,醫學物理學與輻射安全,半衰期與活度;輻射防護與法規,sources/112_2/22_Q.pdf,15,15,keyword_candidates_require_tutor_review
112-2-22-78,醫學物理學與輻射安全,輻射防護與法規,sources/112_2/22_Q.pdf,15,15,keyword_candidates_require_tutor_review
112-2-22-79,醫學物理學與輻射安全,攝影擺位與投照,sources/112_2/22_Q.pdf,15,15,keyword_candidates_require_tutor_review
112-2-22-80,醫學物理學與輻射安全,輻射防護與法規,sources/112_2/22_Q.pdf,15,15,keyword_candidates_require_tutor_review
112-2-33-01,放射線器材學（包括磁振學與超音波學）,X光產生與能譜,sources/112_2/33_Q.pdf,1,1,keyword_candidates_require_tutor_review
112-2-33-02,放射線器材學（包括磁振學與超音波學）,X光產生與能譜,sources/112_2/33_Q.pdf,1,1,keyword_candidates_require_tutor_review
112-2-33-03,放射線器材學（包括磁振學與超音波學）,X光產生與能譜;影像品質與數位影像,sources/112_2/33_Q.pdf,1,1,keyword_candidates_require_tutor_review
112-2-33-04,放射線器材學（包括磁振學與超音波學）,影像品質與數位影像,sources/112_2/33_Q.pdf,1,1,keyword_candidates_require_tutor_review
112-2-33-05,放射線器材學（包括磁振學與超音波學）,放射藥物與核種製備,sources/112_2/33_Q.pdf,1,2,keyword_candidates_require_tutor_review
112-2-33-06,放射線器材學（包括磁振學與超音波學）,,sources/112_2/33_Q.pdf,2,2,keyword_candidates_require_tutor_review
112-2-33-07,放射線器材學（包括磁振學與超音波學）,對比劑與特殊攝影,sources/112_2/33_Q.pdf,2,2,keyword_candidates_require_tutor_review
112-2-33-08,放射線器材學（包括磁振學與超音波學）,輻射量與劑量學,sources/112_2/33_Q.pdf,2,2,keyword_candidates_require_tutor_review
112-2-33-09,放射線器材學（包括磁振學與超音波學）,對比劑與特殊攝影,sources/112_2/33_Q.pdf,2,2,keyword_candidates_require_tutor_review
112-2-33-10,放射線器材學（包括磁振學與超音波學）,CT原理與技術;MRI原理與技術;影像品質與數位影像;底片與影像接受器,sources/112_2/33_Q.pdf,2,2,keyword_candidates_require_tutor_review
112-2-33-11,放射線器材學（包括磁振學與超音波學）,CT原理與技術,sources/112_2/33_Q.pdf,2,3,keyword_candidates_require_tutor_review
112-2-33-12,放射線器材學（包括磁振學與超音波學）,影像品質與數位影像,sources/112_2/33_Q.pdf,3,3,keyword_candidates_require_tutor_review
112-2-33-13,放射線器材學（包括磁振學與超音波學）,CT原理與技術;影像品質與數位影像;心血管系統,sources/112_2/33_Q.pdf,3,4,keyword_candidates_require_tutor_review
112-2-33-14,放射線器材學（包括磁振學與超音波學）,CT原理與技術;影像品質與數位影像;神經系統,sources/112_2/33_Q.pdf,4,4,keyword_candidates_require_tutor_review
112-2-33-15,放射線器材學（包括磁振學與超音波學）,輻射量與劑量學;偵檢器與計數統計;CT原理與技術;影像品質與數位影像;放療設備與品保,sources/112_2/33_Q.pdf,4,4,keyword_candidates_require_tutor_review
112-2-33-16,放射線器材學（包括磁振學與超音波學）,CT原理與技術;放射治療計畫與劑量,sources/112_2/33_Q.pdf,4,4,keyword_candidates_require_tutor_review
112-2-33-17,放射線器材學（包括磁振學與超音波學）,CT原理與技術;影像品質與數位影像,sources/112_2/33_Q.pdf,4,4,keyword_candidates_require_tutor_review
112-2-33-18,放射線器材學（包括磁振學與超音波學）,,sources/112_2/33_Q.pdf,4,4,keyword_candidates_require_tutor_review
112-2-33-19,放射線器材學（包括磁振學與超音波學）,,sources/112_2/33_Q.pdf,4,5,keyword_candidates_require_tutor_review
112-2-33-20,放射線器材學（包括磁振學與超音波學）,偵檢器與計數統計;底片與影像接受器;神經系統,sources/112_2/33_Q.pdf,5,5,keyword_candidates_require_tutor_review
112-2-33-21,放射線器材學（包括磁振學與超音波學）,影像品質與數位影像;對比劑與特殊攝影,sources/112_2/33_Q.pdf,5,5,keyword_candidates_require_tutor_review
112-2-33-22,放射線器材學（包括磁振學與超音波學）,偵檢器與計數統計;CT原理與技術;影像品質與數位影像,sources/112_2/33_Q.pdf,5,5,keyword_candidates_require_tutor_review
112-2-33-23,放射線器材學（包括磁振學與超音波學）,輻射量與劑量學,sources/112_2/33_Q.pdf,5,6,keyword_candidates_require_tutor_review
112-2-33-24,放射線器材學（包括磁振學與超音波學）,偵檢器與計數統計,sources/112_2/33_Q.pdf,6,6,keyword_candidates_require_tutor_review
112-2-33-25,放射線器材學（包括磁振學與超音波學）,超音波原理與技術,sources/112_2/33_Q.pdf,6,6,keyword_candidates_require_tutor_review
112-2-33-26,放射線器材學（包括磁振學與超音波學）,超音波原理與技術;影像品質與數位影像,sources/112_2/33_Q.pdf,6,6,keyword_candidates_require_tutor_review
112-2-33-27,放射線器材學（包括磁振學與超音波學）,超音波原理與技術;影像品質與數位影像,sources/112_2/33_Q.pdf,6,7,keyword_candidates_require_tutor_review
112-2-33-28,放射線器材學（包括磁振學與超音波學）,超音波原理與技術,sources/112_2/33_Q.pdf,7,7,keyword_candidates_require_tutor_review
112-2-33-29,放射線器材學（包括磁振學與超音波學）,超音波原理與技術,sources/112_2/33_Q.pdf,7,7,keyword_candidates_require_tutor_review
112-2-33-30,放射線器材學（包括磁振學與超音波學）,衰減與屏蔽;超音波原理與技術,sources/112_2/33_Q.pdf,7,7,keyword_candidates_require_tutor_review
112-2-33-31,放射線器材學（包括磁振學與超音波學）,超音波原理與技術,sources/112_2/33_Q.pdf,7,7,keyword_candidates_require_tutor_review
112-2-33-32,放射線器材學（包括磁振學與超音波學）,,sources/112_2/33_Q.pdf,7,7,keyword_candidates_require_tutor_review
112-2-33-33,放射線器材學（包括磁振學與超音波學）,MRI原理與技術,sources/112_2/33_Q.pdf,7,8,keyword_candidates_require_tutor_review
112-2-33-34,放射線器材學（包括磁振學與超音波學）,MRI原理與技術,sources/112_2/33_Q.pdf,8,8,keyword_candidates_require_tutor_review
112-2-33-35,放射線器材學（包括磁振學與超音波學）,MRI原理與技術,sources/112_2/33_Q.pdf,8,8,keyword_candidates_require_tutor_review
112-2-33-36,放射線器材學（包括磁振學與超音波學）,MRI原理與技術;放療設備與品保,sources/112_2/33_Q.pdf,8,10,keyword_candidates_require_tutor_review
112-2-33-37,放射線器材學（包括磁振學與超音波學）,MRI原理與技術,sources/112_2/33_Q.pdf,10,10,keyword_candidates_require_tutor_review
112-2-33-38,放射線器材學（包括磁振學與超音波學）,MRI原理與技術;影像品質與數位影像,sources/112_2/33_Q.pdf,10,10,keyword_candidates_require_tutor_review
112-2-33-39,放射線器材學（包括磁振學與超音波學）,MRI原理與技術,sources/112_2/33_Q.pdf,10,10,keyword_candidates_require_tutor_review
112-2-33-40,放射線器材學（包括磁振學與超音波學）,MRI原理與技術,sources/112_2/33_Q.pdf,10,10,keyword_candidates_require_tutor_review
112-2-33-41,放射線器材學（包括磁振學與超音波學）,MRI原理與技術,sources/112_2/33_Q.pdf,10,11,keyword_candidates_require_tutor_review
112-2-33-42,放射線器材學（包括磁振學與超音波學）,MRI原理與技術,sources/112_2/33_Q.pdf,11,11,keyword_candidates_require_tutor_review
112-2-33-43,放射線器材學（包括磁振學與超音波學）,,sources/112_2/33_Q.pdf,11,11,keyword_candidates_require_tutor_review
112-2-33-44,放射線器材學（包括磁振學與超音波學）,MRI原理與技術,sources/112_2/33_Q.pdf,11,11,keyword_candidates_require_tutor_review
112-2-33-45,放射線器材學（包括磁振學與超音波學）,MRI原理與技術;影像品質與數位影像,sources/112_2/33_Q.pdf,11,11,keyword_candidates_require_tutor_review
112-2-33-46,放射線器材學（包括磁振學與超音波學）,MRI原理與技術,sources/112_2/33_Q.pdf,11,11,keyword_candidates_require_tutor_review
112-2-33-47,放射線器材學（包括磁振學與超音波學）,MRI原理與技術,sources/112_2/33_Q.pdf,11,12,keyword_candidates_require_tutor_review
112-2-33-48,放射線器材學（包括磁振學與超音波學）,輻射量與劑量學,sources/112_2/33_Q.pdf,12,12,keyword_candidates_require_tutor_review
112-2-33-49,放射線器材學（包括磁振學與超音波學）,輻射量與劑量學;MRI原理與技術,sources/112_2/33_Q.pdf,12,12,keyword_candidates_require_tutor_review
112-2-33-50,放射線器材學（包括磁振學與超音波學）,輻射量與劑量學;放射治療計畫與劑量,sources/112_2/33_Q.pdf,12,12,keyword_candidates_require_tutor_review
112-2-33-51,放射線器材學（包括磁振學與超音波學）,放射治療計畫與劑量;放療設備與品保;癌症與臨床放療,sources/112_2/33_Q.pdf,12,12,keyword_candidates_require_tutor_review
112-2-33-52,放射線器材學（包括磁振學與超音波學）,放射治療計畫與劑量,sources/112_2/33_Q.pdf,12,13,keyword_candidates_require_tutor_review
112-2-33-53,放射線器材學（包括磁振學與超音波學）,,sources/112_2/33_Q.pdf,13,13,keyword_candidates_require_tutor_review
112-2-33-54,放射線器材學（包括磁振學與超音波學）,CT原理與技術;MRI原理與技術;超音波原理與技術;核醫PET;放射治療計畫與劑量,sources/112_2/33_Q.pdf,13,13,keyword_candidates_require_tutor_review
112-2-33-55,放射線器材學（包括磁振學與超音波學）,CT原理與技術;底片與影像接受器,sources/112_2/33_Q.pdf,13,13,keyword_candidates_require_tutor_review
112-2-33-56,放射線器材學（包括磁振學與超音波學）,輻射量與劑量學;放療設備與品保,sources/112_2/33_Q.pdf,13,13,keyword_candidates_require_tutor_review
112-2-33-57,放射線器材學（包括磁振學與超音波學）,底片與影像接受器,sources/112_2/33_Q.pdf,13,14,keyword_candidates_require_tutor_review
112-2-33-58,放射線器材學（包括磁振學與超音波學）,,sources/112_2/33_Q.pdf,14,14,keyword_candidates_require_tutor_review
112-2-33-59,放射線器材學（包括磁振學與超音波學）,輻射量與劑量學;放射治療計畫與劑量;放療設備與品保,sources/112_2/33_Q.pdf,14,14,keyword_candidates_require_tutor_review
112-2-33-60,放射線器材學（包括磁振學與超音波學）,輻射量與劑量學;CT原理與技術;放療設備與品保;骨骼肌肉解剖與病理;神經系統,sources/112_2/33_Q.pdf,14,14,keyword_candidates_require_tutor_review
112-2-33-61,放射線器材學（包括磁振學與超音波學）,放療設備與品保,sources/112_2/33_Q.pdf,14,14,keyword_candidates_require_tutor_review
112-2-33-62,放射線器材學（包括磁振學與超音波學）,放療設備與品保;神經系統,sources/112_2/33_Q.pdf,14,14,keyword_candidates_require_tutor_review
112-2-33-63,放射線器材學（包括磁振學與超音波學）,放射治療計畫與劑量,sources/112_2/33_Q.pdf,14,15,keyword_candidates_require_tutor_review
112-2-33-64,放射線器材學（包括磁振學與超音波學）,輻射量與劑量學;MRI原理與技術,sources/112_2/33_Q.pdf,15,15,keyword_candidates_require_tutor_review
112-2-33-65,放射線器材學（包括磁振學與超音波學）,放射治療計畫與劑量,sources/112_2/33_Q.pdf,15,15,keyword_candidates_require_tutor_review
112-2-33-66,放射線器材學（包括磁振學與超音波學）,輻射量與劑量學;偵檢器與計數統計,sources/112_2/33_Q.pdf,15,15,keyword_candidates_require_tutor_review
112-2-33-67,放射線器材學（包括磁振學與超音波學）,偵檢器與計數統計;MRI原理與技術;影像品質與數位影像,sources/112_2/33_Q.pdf,15,15,keyword_candidates_require_tutor_review
112-2-33-68,放射線器材學（包括磁振學與超音波學）,輻射量與劑量學;偵檢器與計數統計,sources/112_2/33_Q.pdf,15,15,keyword_candidates_require_tutor_review
112-2-33-69,放射線器材學（包括磁振學與超音波學）,核醫SPECT與加馬攝影機,sources/112_2/33_Q.pdf,15,16,keyword_candidates_require_tutor_review
112-2-33-70,放射線器材學（包括磁振學與超音波學）,影像品質與數位影像,sources/112_2/33_Q.pdf,16,16,keyword_candidates_require_tutor_review
112-2-33-71,放射線器材學（包括磁振學與超音波學）,核醫SPECT與加馬攝影機,sources/112_2/33_Q.pdf,16,17,keyword_candidates_require_tutor_review
112-2-33-72,放射線器材學（包括磁振學與超音波學）,核醫SPECT與加馬攝影機;放射藥物與核種製備;泌尿與生殖系統,sources/112_2/33_Q.pdf,17,17,keyword_candidates_require_tutor_review
112-2-33-73,放射線器材學（包括磁振學與超音波學）,偵檢器與計數統計,sources/112_2/33_Q.pdf,17,17,keyword_candidates_require_tutor_review
112-2-33-74,放射線器材學（包括磁振學與超音波學）,核衰變與核種平衡;半衰期與活度,sources/112_2/33_Q.pdf,17,17,keyword_candidates_require_tutor_review
112-2-33-75,放射線器材學（包括磁振學與超音波學）,核衰變與核種平衡,sources/112_2/33_Q.pdf,17,17,keyword_candidates_require_tutor_review
112-2-33-76,放射線器材學（包括磁振學與超音波學）,核衰變與核種平衡;MRI原理與技術;骨骼肌肉解剖與病理;心血管系統,sources/112_2/33_Q.pdf,17,17,keyword_candidates_require_tutor_review
112-2-33-77,放射線器材學（包括磁振學與超音波學）,影像品質與數位影像;核醫PET,sources/112_2/33_Q.pdf,17,18,keyword_candidates_require_tutor_review
112-2-33-78,放射線器材學（包括磁振學與超音波學）,放療設備與品保,sources/112_2/33_Q.pdf,18,18,keyword_candidates_require_tutor_review
112-2-33-79,放射線器材學（包括磁振學與超音波學）,影像品質與數位影像,sources/112_2/33_Q.pdf,18,18,keyword_candidates_require_tutor_review
112-2-33-80,放射線器材學（包括磁振學與超音波學）,偵檢器與計數統計;MRI原理與技術;核醫PET,sources/112_2/33_Q.pdf,18,18,keyword_candidates_require_tutor_review
112-2-44-01,放射線診斷原理與技術學,底片與影像接受器;攝影擺位與投照,sources/112_2/44_Q.pdf,1,1,keyword_candidates_require_tutor_review
112-2-44-02,放射線診斷原理與技術學,,sources/112_2/44_Q.pdf,1,1,keyword_candidates_require_tutor_review
112-2-44-03,放射線診斷原理與技術學,偵檢器與計數統計;底片與影像接受器,sources/112_2/44_Q.pdf,1,1,keyword_candidates_require_tutor_review
112-2-44-04,放射線診斷原理與技術學,CT原理與技術;影像品質與數位影像;神經系統,sources/112_2/44_Q.pdf,1,1,keyword_candidates_require_tutor_review
112-2-44-05,放射線診斷原理與技術學,,sources/112_2/44_Q.pdf,1,2,keyword_candidates_require_tutor_review
112-2-44-06,放射線診斷原理與技術學,輻射量與劑量學;MRI原理與技術;底片與影像接受器;神經系統,sources/112_2/44_Q.pdf,2,2,keyword_candidates_require_tutor_review
112-2-44-07,放射線診斷原理與技術學,光子與物質交互作用;輻射量與劑量學,sources/112_2/44_Q.pdf,2,2,keyword_candidates_require_tutor_review
112-2-44-08,放射線診斷原理與技術學,攝影擺位與投照;骨骼肌肉解剖與病理,sources/112_2/44_Q.pdf,2,2,keyword_candidates_require_tutor_review
112-2-44-09,放射線診斷原理與技術學,泌尿與生殖系統,sources/112_2/44_Q.pdf,2,2,keyword_candidates_require_tutor_review
112-2-44-10,放射線診斷原理與技術學,,sources/112_2/44_Q.pdf,2,2,keyword_candidates_require_tutor_review
112-2-44-11,放射線診斷原理與技術學,,sources/112_2/44_Q.pdf,2,3,keyword_candidates_require_tutor_review
112-2-44-12,放射線診斷原理與技術學,攝影擺位與投照;心血管系統,sources/112_2/44_Q.pdf,3,3,keyword_candidates_require_tutor_review
112-2-44-13,放射線診斷原理與技術學,CT原理與技術;MRI原理與技術;癌症與臨床放療;骨骼肌肉解剖與病理;消化系統,sources/112_2/44_Q.pdf,3,3,keyword_candidates_require_tutor_review
112-2-44-14,放射線診斷原理與技術學,癌症與臨床放療;骨骼肌肉解剖與病理,sources/112_2/44_Q.pdf,3,3,keyword_candidates_require_tutor_review
112-2-44-15,放射線診斷原理與技術學,輻射量與劑量學,sources/112_2/44_Q.pdf,3,3,keyword_candidates_require_tutor_review
112-2-44-16,放射線診斷原理與技術學,心血管系統;呼吸系統;泌尿與生殖系統;內分泌與代謝,sources/112_2/44_Q.pdf,3,3,keyword_candidates_require_tutor_review
112-2-44-17,放射線診斷原理與技術學,骨骼肌肉解剖與病理,sources/112_2/44_Q.pdf,3,4,keyword_candidates_require_tutor_review
112-2-44-18,放射線診斷原理與技術學,輻射量與劑量學,sources/112_2/44_Q.pdf,4,4,keyword_candidates_require_tutor_review
112-2-44-19,放射線診斷原理與技術學,癌症與臨床放療;對比劑與特殊攝影;消化系統,sources/112_2/44_Q.pdf,4,4,keyword_candidates_require_tutor_review
112-2-44-20,放射線診斷原理與技術學,對比劑與特殊攝影;骨骼肌肉解剖與病理;神經系統;心血管系統,sources/112_2/44_Q.pdf,4,4,keyword_candidates_require_tutor_review
112-2-44-21,放射線診斷原理與技術學,泌尿與生殖系統,sources/112_2/44_Q.pdf,4,4,keyword_candidates_require_tutor_review
112-2-44-22,放射線診斷原理與技術學,攝影擺位與投照;對比劑與特殊攝影,sources/112_2/44_Q.pdf,4,4,keyword_candidates_require_tutor_review
112-2-44-23,放射線診斷原理與技術學,,sources/112_2/44_Q.pdf,4,5,keyword_candidates_require_tutor_review
112-2-44-24,放射線診斷原理與技術學,攝影擺位與投照;消化系統,sources/112_2/44_Q.pdf,5,5,keyword_candidates_require_tutor_review
112-2-44-25,放射線診斷原理與技術學,對比劑與特殊攝影,sources/112_2/44_Q.pdf,5,5,keyword_candidates_require_tutor_review
112-2-44-26,放射線診斷原理與技術學,放射藥物與核種製備,sources/112_2/44_Q.pdf,5,5,keyword_candidates_require_tutor_review
112-2-44-27,放射線診斷原理與技術學,衰減與屏蔽;CT原理與技術,sources/112_2/44_Q.pdf,5,5,keyword_candidates_require_tutor_review
112-2-44-28,放射線診斷原理與技術學,衰減與屏蔽;CT原理與技術,sources/112_2/44_Q.pdf,5,5,keyword_candidates_require_tutor_review
112-2-44-29,放射線診斷原理與技術學,CT原理與技術;神經系統,sources/112_2/44_Q.pdf,5,6,keyword_candidates_require_tutor_review
112-2-44-30,放射線診斷原理與技術學,CT原理與技術;底片與影像接受器;對比劑與特殊攝影;神經系統;消化系統;血液免疫與一般病理,sources/112_2/44_Q.pdf,6,6,keyword_candidates_require_tutor_review
112-2-44-31,放射線診斷原理與技術學,CT原理與技術;底片與影像接受器;對比劑與特殊攝影;神經系統,sources/112_2/44_Q.pdf,6,6,keyword_candidates_require_tutor_review
112-2-44-32,放射線診斷原理與技術學,CT原理與技術;神經系統,sources/112_2/44_Q.pdf,6,7,keyword_candidates_require_tutor_review
112-2-44-33,放射線診斷原理與技術學,CT原理與技術;核醫SPECT與加馬攝影機;放射藥物與核種製備;神經系統,sources/112_2/44_Q.pdf,7,7,keyword_candidates_require_tutor_review
112-2-44-34,放射線診斷原理與技術學,CT原理與技術;神經系統;呼吸系統,sources/112_2/44_Q.pdf,7,7,keyword_candidates_require_tutor_review
112-2-44-35,放射線診斷原理與技術學,X光產生與能譜;CT原理與技術;放射藥物與核種製備;神經系統,sources/112_2/44_Q.pdf,7,7,keyword_candidates_require_tutor_review
112-2-44-36,放射線診斷原理與技術學,偵檢器與計數統計;CT原理與技術;影像品質與數位影像,sources/112_2/44_Q.pdf,7,7,keyword_candidates_require_tutor_review
112-2-44-37,放射線診斷原理與技術學,CT原理與技術;神經系統,sources/112_2/44_Q.pdf,7,7,keyword_candidates_require_tutor_review
112-2-44-38,放射線診斷原理與技術學,CT原理與技術;癌症與臨床放療;骨骼肌肉解剖與病理;神經系統,sources/112_2/44_Q.pdf,7,8,keyword_candidates_require_tutor_review
112-2-44-39,放射線診斷原理與技術學,偵檢器與計數統計;CT原理與技術;影像品質與數位影像;神經系統,sources/112_2/44_Q.pdf,8,8,keyword_candidates_require_tutor_review
112-2-44-40,放射線診斷原理與技術學,CT原理與技術;骨骼肌肉解剖與病理;消化系統,sources/112_2/44_Q.pdf,8,8,keyword_candidates_require_tutor_review
112-2-44-41,放射線診斷原理與技術學,CT原理與技術;神經系統,sources/112_2/44_Q.pdf,8,9,keyword_candidates_require_tutor_review
112-2-44-42,放射線診斷原理與技術學,影像品質與數位影像,sources/112_2/44_Q.pdf,9,9,keyword_candidates_require_tutor_review
112-2-44-43,放射線診斷原理與技術學,,sources/112_2/44_Q.pdf,9,9,keyword_candidates_require_tutor_review
112-2-44-44,放射線診斷原理與技術學,MRI原理與技術,sources/112_2/44_Q.pdf,9,9,keyword_candidates_require_tutor_review
112-2-44-45,放射線診斷原理與技術學,MRI原理與技術;核醫SPECT與加馬攝影機;神經系統,sources/112_2/44_Q.pdf,9,9,keyword_candidates_require_tutor_review
112-2-44-46,放射線診斷原理與技術學,MRI原理與技術;癌症與臨床放療,sources/112_2/44_Q.pdf,9,10,keyword_candidates_require_tutor_review
112-2-44-47,放射線診斷原理與技術學,MRI原理與技術;神經系統,sources/112_2/44_Q.pdf,10,10,keyword_candidates_require_tutor_review
112-2-44-48,放射線診斷原理與技術學,衰減與屏蔽;MRI原理與技術;影像品質與數位影像,sources/112_2/44_Q.pdf,10,11,keyword_candidates_require_tutor_review
112-2-44-49,放射線診斷原理與技術學,MRI原理與技術,sources/112_2/44_Q.pdf,11,11,keyword_candidates_require_tutor_review
112-2-44-50,放射線診斷原理與技術學,MRI原理與技術,sources/112_2/44_Q.pdf,11,11,keyword_candidates_require_tutor_review
112-2-44-51,放射線診斷原理與技術學,MRI原理與技術,sources/112_2/44_Q.pdf,11,11,keyword_candidates_require_tutor_review
112-2-44-52,放射線診斷原理與技術學,MRI原理與技術,sources/112_2/44_Q.pdf,11,11,keyword_candidates_require_tutor_review
112-2-44-53,放射線診斷原理與技術學,MRI原理與技術,sources/112_2/44_Q.pdf,11,11,keyword_candidates_require_tutor_review
112-2-44-54,放射線診斷原理與技術學,MRI原理與技術,sources/112_2/44_Q.pdf,11,12,keyword_candidates_require_tutor_review
112-2-44-55,放射線診斷原理與技術學,MRI原理與技術,sources/112_2/44_Q.pdf,12,12,keyword_candidates_require_tutor_review
112-2-44-56,放射線診斷原理與技術學,MRI原理與技術,sources/112_2/44_Q.pdf,12,12,keyword_candidates_require_tutor_review
112-2-44-57,放射線診斷原理與技術學,MRI原理與技術,sources/112_2/44_Q.pdf,12,12,keyword_candidates_require_tutor_review
112-2-44-58,放射線診斷原理與技術學,MRI原理與技術;神經系統,sources/112_2/44_Q.pdf,12,12,keyword_candidates_require_tutor_review
112-2-44-59,放射線診斷原理與技術學,MRI原理與技術;骨骼肌肉解剖與病理;呼吸系統,sources/112_2/44_Q.pdf,12,12,keyword_candidates_require_tutor_review
112-2-44-60,放射線診斷原理與技術學,MRI原理與技術;神經系統,sources/112_2/44_Q.pdf,12,13,keyword_candidates_require_tutor_review
112-2-44-61,放射線診斷原理與技術學,超音波原理與技術;影像品質與數位影像;消化系統,sources/112_2/44_Q.pdf,13,13,keyword_candidates_require_tutor_review
112-2-44-62,放射線診斷原理與技術學,超音波原理與技術;泌尿與生殖系統,sources/112_2/44_Q.pdf,13,13,keyword_candidates_require_tutor_review
112-2-44-63,放射線診斷原理與技術學,超音波原理與技術,sources/112_2/44_Q.pdf,13,14,keyword_candidates_require_tutor_review
112-2-44-64,放射線診斷原理與技術學,超音波原理與技術;骨骼肌肉解剖與病理;心血管系統,sources/112_2/44_Q.pdf,14,14,keyword_candidates_require_tutor_review
112-2-44-65,放射線診斷原理與技術學,超音波原理與技術;骨骼肌肉解剖與病理;神經系統;消化系統,sources/112_2/44_Q.pdf,14,14,keyword_candidates_require_tutor_review
112-2-44-66,放射線診斷原理與技術學,MRI原理與技術;超音波原理與技術;泌尿與生殖系統,sources/112_2/44_Q.pdf,14,14,keyword_candidates_require_tutor_review
112-2-44-67,放射線診斷原理與技術學,超音波原理與技術,sources/112_2/44_Q.pdf,14,15,keyword_candidates_require_tutor_review
112-2-44-68,放射線診斷原理與技術學,超音波原理與技術;消化系統,sources/112_2/44_Q.pdf,15,15,keyword_candidates_require_tutor_review
112-2-44-69,放射線診斷原理與技術學,超音波原理與技術;核醫器官檢查;消化系統,sources/112_2/44_Q.pdf,15,15,keyword_candidates_require_tutor_review
112-2-44-70,放射線診斷原理與技術學,,sources/112_2/44_Q.pdf,15,15,keyword_candidates_require_tutor_review
112-2-44-71,放射線診斷原理與技術學,衰減與屏蔽;超音波原理與技術,sources/112_2/44_Q.pdf,15,16,keyword_candidates_require_tutor_review
112-2-44-72,放射線診斷原理與技術學,超音波原理與技術,sources/112_2/44_Q.pdf,16,16,keyword_candidates_require_tutor_review
112-2-44-73,放射線診斷原理與技術學,超音波原理與技術,sources/112_2/44_Q.pdf,16,16,keyword_candidates_require_tutor_review
112-2-44-74,放射線診斷原理與技術學,輻射量與劑量學,sources/112_2/44_Q.pdf,16,16,keyword_candidates_require_tutor_review
112-2-44-75,放射線診斷原理與技術學,衰減與屏蔽;X光產生與能譜;輻射量與劑量學,sources/112_2/44_Q.pdf,16,16,keyword_candidates_require_tutor_review
112-2-44-76,放射線診斷原理與技術學,放療設備與品保,sources/112_2/44_Q.pdf,16,17,keyword_candidates_require_tutor_review
112-2-44-77,放射線診斷原理與技術學,,sources/112_2/44_Q.pdf,17,17,keyword_candidates_require_tutor_review
112-2-44-78,放射線診斷原理與技術學,影像品質與數位影像,sources/112_2/44_Q.pdf,17,17,keyword_candidates_require_tutor_review
112-2-44-79,放射線診斷原理與技術學,影像品質與數位影像,sources/112_2/44_Q.pdf,17,17,keyword_candidates_require_tutor_review
112-2-44-80,放射線診斷原理與技術學,影像品質與數位影像,sources/112_2/44_Q.pdf,17,18,keyword_candidates_require_tutor_review
112-2-55-01,放射線治療原理與技術學,攝影擺位與投照,sources/112_2/55_Q.pdf,1,1,keyword_candidates_require_tutor_review
112-2-55-02,放射線治療原理與技術學,,sources/112_2/55_Q.pdf,1,1,keyword_candidates_require_tutor_review
112-2-55-03,放射線治療原理與技術學,輻射量與劑量學;放射生物學,sources/112_2/55_Q.pdf,1,1,keyword_candidates_require_tutor_review
112-2-55-04,放射線治療原理與技術學,放射生物學;癌症與臨床放療,sources/112_2/55_Q.pdf,1,1,keyword_candidates_require_tutor_review
112-2-55-05,放射線治療原理與技術學,輻射量與劑量學;癌症與臨床放療;對比劑與特殊攝影;呼吸系統;內分泌與代謝,sources/112_2/55_Q.pdf,2,2,keyword_candidates_require_tutor_review
112-2-55-06,放射線治療原理與技術學,輻射量與劑量學,sources/112_2/55_Q.pdf,2,2,keyword_candidates_require_tutor_review
112-2-55-07,放射線治療原理與技術學,輻射量與劑量學;神經系統;呼吸系統;消化系統;泌尿與生殖系統,sources/112_2/55_Q.pdf,2,2,keyword_candidates_require_tutor_review
112-2-55-08,放射線治療原理與技術學,放射生物學,sources/112_2/55_Q.pdf,2,2,keyword_candidates_require_tutor_review
112-2-55-09,放射線治療原理與技術學,輻射防護與法規;放射生物學,sources/112_2/55_Q.pdf,2,3,keyword_candidates_require_tutor_review
112-2-55-10,放射線治療原理與技術學,輻射量與劑量學;輻射防護與法規;放射生物學,sources/112_2/55_Q.pdf,3,3,keyword_candidates_require_tutor_review
112-2-55-11,放射線治療原理與技術學,X光產生與能譜;輻射防護與法規;放射生物學,sources/112_2/55_Q.pdf,3,3,keyword_candidates_require_tutor_review
112-2-55-12,放射線治療原理與技術學,放射生物學,sources/112_2/55_Q.pdf,3,3,keyword_candidates_require_tutor_review
112-2-55-13,放射線治療原理與技術學,,sources/112_2/55_Q.pdf,3,3,keyword_candidates_require_tutor_review
112-2-55-14,放射線治療原理與技術學,X光產生與能譜;MRI原理與技術;放射治療計畫與劑量,sources/112_2/55_Q.pdf,3,3,keyword_candidates_require_tutor_review
112-2-55-15,放射線治療原理與技術學,放射治療計畫與劑量,sources/112_2/55_Q.pdf,4,4,keyword_candidates_require_tutor_review
112-2-55-16,放射線治療原理與技術學,,sources/112_2/55_Q.pdf,4,4,keyword_candidates_require_tutor_review
112-2-55-17,放射線治療原理與技術學,放射治療計畫與劑量,sources/112_2/55_Q.pdf,4,4,keyword_candidates_require_tutor_review
112-2-55-18,放射線治療原理與技術學,衰減與屏蔽;癌症與臨床放療,sources/112_2/55_Q.pdf,4,4,keyword_candidates_require_tutor_review
112-2-55-19,放射線治療原理與技術學,放射治療計畫與劑量,sources/112_2/55_Q.pdf,4,4,keyword_candidates_require_tutor_review
112-2-55-20,放射線治療原理與技術學,放射治療計畫與劑量,sources/112_2/55_Q.pdf,4,4,keyword_candidates_require_tutor_review
112-2-55-21,放射線治療原理與技術學,放射治療計畫與劑量;近接與特殊放療;癌症與臨床放療,sources/112_2/55_Q.pdf,5,5,keyword_candidates_require_tutor_review
112-2-55-22,放射線治療原理與技術學,CT原理與技術;癌症與臨床放療;攝影擺位與投照;呼吸系統,sources/112_2/55_Q.pdf,5,5,keyword_candidates_require_tutor_review
112-2-55-23,放射線治療原理與技術學,,sources/112_2/55_Q.pdf,5,5,keyword_candidates_require_tutor_review
112-2-55-24,放射線治療原理與技術學,放射治療計畫與劑量,sources/112_2/55_Q.pdf,5,5,keyword_candidates_require_tutor_review
112-2-55-25,放射線治療原理與技術學,放射治療計畫與劑量,sources/112_2/55_Q.pdf,5,5,keyword_candidates_require_tutor_review
112-2-55-26,放射線治療原理與技術學,放射治療計畫與劑量;癌症與臨床放療,sources/112_2/55_Q.pdf,5,6,keyword_candidates_require_tutor_review
112-2-55-27,放射線治療原理與技術學,放射治療計畫與劑量,sources/112_2/55_Q.pdf,6,6,keyword_candidates_require_tutor_review
112-2-55-28,放射線治療原理與技術學,放射治療計畫與劑量,sources/112_2/55_Q.pdf,6,6,keyword_candidates_require_tutor_review
112-2-55-29,放射線治療原理與技術學,攝影擺位與投照,sources/112_2/55_Q.pdf,6,7,keyword_candidates_require_tutor_review
112-2-55-30,放射線治療原理與技術學,放射治療計畫與劑量,sources/112_2/55_Q.pdf,7,7,keyword_candidates_require_tutor_review
112-2-55-31,放射線治療原理與技術學,放射治療計畫與劑量,sources/112_2/55_Q.pdf,7,7,keyword_candidates_require_tutor_review
112-2-55-32,放射線治療原理與技術學,放射治療計畫與劑量,sources/112_2/55_Q.pdf,7,7,keyword_candidates_require_tutor_review
112-2-55-33,放射線治療原理與技術學,放射治療計畫與劑量,sources/112_2/55_Q.pdf,7,7,keyword_candidates_require_tutor_review
112-2-55-34,放射線治療原理與技術學,放射治療計畫與劑量,sources/112_2/55_Q.pdf,7,8,keyword_candidates_require_tutor_review
112-2-55-35,放射線治療原理與技術學,核醫PET;放射治療計畫與劑量;攝影擺位與投照,sources/112_2/55_Q.pdf,8,8,keyword_candidates_require_tutor_review
112-2-55-36,放射線治療原理與技術學,衰減與屏蔽;放射治療計畫與劑量;癌症與臨床放療,sources/112_2/55_Q.pdf,8,8,keyword_candidates_require_tutor_review
112-2-55-37,放射線治療原理與技術學,近接與特殊放療;癌症與臨床放療;骨骼肌肉解剖與病理;泌尿與生殖系統,sources/112_2/55_Q.pdf,8,8,keyword_candidates_require_tutor_review
112-2-55-38,放射線治療原理與技術學,,sources/112_2/55_Q.pdf,8,8,keyword_candidates_require_tutor_review
112-2-55-39,放射線治療原理與技術學,輻射量與劑量學;放射治療計畫與劑量;近接與特殊放療,sources/112_2/55_Q.pdf,8,9,keyword_candidates_require_tutor_review
112-2-55-40,放射線治療原理與技術學,,sources/112_2/55_Q.pdf,9,9,keyword_candidates_require_tutor_review
112-2-55-41,放射線治療原理與技術學,癌症與臨床放療;骨骼肌肉解剖與病理;神經系統;內分泌與代謝,sources/112_2/55_Q.pdf,9,9,keyword_candidates_require_tutor_review
112-2-55-42,放射線治療原理與技術學,,sources/112_2/55_Q.pdf,9,9,keyword_candidates_require_tutor_review
112-2-55-43,放射線治療原理與技術學,近接與特殊放療;癌症與臨床放療;泌尿與生殖系統,sources/112_2/55_Q.pdf,9,10,keyword_candidates_require_tutor_review
112-2-55-44,放射線治療原理與技術學,近接與特殊放療;癌症與臨床放療;泌尿與生殖系統,sources/112_2/55_Q.pdf,10,10,keyword_candidates_require_tutor_review
112-2-55-45,放射線治療原理與技術學,CT原理與技術;放射治療計畫與劑量;神經系統,sources/112_2/55_Q.pdf,10,10,keyword_candidates_require_tutor_review
112-2-55-46,放射線治療原理與技術學,,sources/112_2/55_Q.pdf,10,10,keyword_candidates_require_tutor_review
112-2-55-47,放射線治療原理與技術學,輻射量與劑量學;近接與特殊放療,sources/112_2/55_Q.pdf,11,11,keyword_candidates_require_tutor_review
112-2-55-48,放射線治療原理與技術學,核醫PET;癌症與臨床放療,sources/112_2/55_Q.pdf,11,11,keyword_candidates_require_tutor_review
112-2-55-49,放射線治療原理與技術學,,sources/112_2/55_Q.pdf,11,11,keyword_candidates_require_tutor_review
112-2-55-50,放射線治療原理與技術學,核醫SPECT與加馬攝影機;放射治療計畫與劑量,sources/112_2/55_Q.pdf,11,11,keyword_candidates_require_tutor_review
112-2-55-51,放射線治療原理與技術學,放射治療計畫與劑量;攝影擺位與投照;神經系統,sources/112_2/55_Q.pdf,11,11,keyword_candidates_require_tutor_review
112-2-55-52,放射線治療原理與技術學,近接與特殊放療,sources/112_2/55_Q.pdf,11,12,keyword_candidates_require_tutor_review
112-2-55-53,放射線治療原理與技術學,半衰期與活度;輻射量與劑量學;近接與特殊放療,sources/112_2/55_Q.pdf,12,12,keyword_candidates_require_tutor_review
112-2-55-54,放射線治療原理與技術學,CT原理與技術;近接與特殊放療;神經系統,sources/112_2/55_Q.pdf,12,13,keyword_candidates_require_tutor_review
112-2-55-55,放射線治療原理與技術學,核醫SPECT與加馬攝影機;放療設備與品保,sources/112_2/55_Q.pdf,13,13,keyword_candidates_require_tutor_review
112-2-55-56,放射線治療原理與技術學,,sources/112_2/55_Q.pdf,13,13,keyword_candidates_require_tutor_review
112-2-55-57,放射線治療原理與技術學,衰減與屏蔽;輻射量與劑量學,sources/112_2/55_Q.pdf,13,13,keyword_candidates_require_tutor_review
112-2-55-58,放射線治療原理與技術學,放療設備與品保,sources/112_2/55_Q.pdf,13,13,keyword_candidates_require_tutor_review
112-2-55-59,放射線治療原理與技術學,輻射量與劑量學;偵檢器與計數統計;影像品質與數位影像;放射治療計畫與劑量,sources/112_2/55_Q.pdf,13,13,keyword_candidates_require_tutor_review
112-2-55-60,放射線治療原理與技術學,CT原理與技術;MRI原理與技術;超音波原理與技術;放射治療計畫與劑量;對比劑與特殊攝影,sources/112_2/55_Q.pdf,13,14,keyword_candidates_require_tutor_review
112-2-55-61,放射線治療原理與技術學,CT原理與技術;MRI原理與技術;對比劑與特殊攝影;呼吸系統,sources/112_2/55_Q.pdf,14,14,keyword_candidates_require_tutor_review
112-2-55-62,放射線治療原理與技術學,CT原理與技術;放射治療計畫與劑量,sources/112_2/55_Q.pdf,14,14,keyword_candidates_require_tutor_review
112-2-55-63,放射線治療原理與技術學,放射治療計畫與劑量;放療設備與品保,sources/112_2/55_Q.pdf,14,14,keyword_candidates_require_tutor_review
112-2-55-64,放射線治療原理與技術學,CT原理與技術;MRI原理與技術;影像品質與數位影像;骨骼肌肉解剖與病理,sources/112_2/55_Q.pdf,14,14,keyword_candidates_require_tutor_review
112-2-55-65,放射線治療原理與技術學,CT原理與技術;影像品質與數位影像,sources/112_2/55_Q.pdf,14,15,keyword_candidates_require_tutor_review
112-2-55-66,放射線治療原理與技術學,近接與特殊放療,sources/112_2/55_Q.pdf,15,15,keyword_candidates_require_tutor_review
112-2-55-67,放射線治療原理與技術學,,sources/112_2/55_Q.pdf,15,15,keyword_candidates_require_tutor_review
112-2-55-68,放射線治療原理與技術學,偵檢器與計數統計;CT原理與技術;神經系統,sources/112_2/55_Q.pdf,15,15,keyword_candidates_require_tutor_review
112-2-55-69,放射線治療原理與技術學,核醫SPECT與加馬攝影機;放射治療計畫與劑量,sources/112_2/55_Q.pdf,15,15,keyword_candidates_require_tutor_review
112-2-55-70,放射線治療原理與技術學,近接與特殊放療;癌症與臨床放療;泌尿與生殖系統,sources/112_2/55_Q.pdf,15,16,keyword_candidates_require_tutor_review
112-2-55-71,放射線治療原理與技術學,輻射量與劑量學;MRI原理與技術;底片與影像接受器;近接與特殊放療,sources/112_2/55_Q.pdf,16,16,keyword_candidates_require_tutor_review
112-2-55-72,放射線治療原理與技術學,輻射量與劑量學;CT原理與技術;放療設備與品保;近接與特殊放療;神經系統,sources/112_2/55_Q.pdf,16,16,keyword_candidates_require_tutor_review
112-2-55-73,放射線治療原理與技術學,衰減與屏蔽,sources/112_2/55_Q.pdf,16,16,keyword_candidates_require_tutor_review
112-2-55-74,放射線治療原理與技術學,,sources/112_2/55_Q.pdf,16,16,keyword_candidates_require_tutor_review
112-2-55-75,放射線治療原理與技術學,輻射防護與法規;核醫SPECT與加馬攝影機;放療設備與品保,sources/112_2/55_Q.pdf,16,17,keyword_candidates_require_tutor_review
112-2-55-76,放射線治療原理與技術學,輻射防護與法規;核醫SPECT與加馬攝影機,sources/112_2/55_Q.pdf,17,17,keyword_candidates_require_tutor_review
112-2-55-77,放射線治療原理與技術學,輻射防護與法規;CT原理與技術,sources/112_2/55_Q.pdf,17,17,keyword_candidates_require_tutor_review
112-2-55-78,放射線治療原理與技術學,放療設備與品保,sources/112_2/55_Q.pdf,17,17,keyword_candidates_require_tutor_review
112-2-55-79,放射線治療原理與技術學,輻射防護與法規;CT原理與技術;放療設備與品保;神經系統,sources/112_2/55_Q.pdf,17,17,keyword_candidates_require_tutor_review
112-2-55-80,放射線治療原理與技術學,放療設備與品保,sources/112_2/55_Q.pdf,17,18,keyword_candidates_require_tutor_review
112-2-66-01,核子醫學診療原理與技術學,MRI原理與技術;放射藥物與核種製備,sources/112_2/66_Q.pdf,1,1,keyword_candidates_require_tutor_review
112-2-66-02,核子醫學診療原理與技術學,半衰期與活度;放射藥物與核種製備;神經系統,sources/112_2/66_Q.pdf,1,1,keyword_candidates_require_tutor_review
112-2-66-03,核子醫學診療原理與技術學,神經系統;心血管系統;內分泌與代謝,sources/112_2/66_Q.pdf,1,1,keyword_candidates_require_tutor_review
112-2-66-04,核子醫學診療原理與技術學,放射藥物與核種製備;癌症與臨床放療;泌尿與生殖系統;內分泌與代謝,sources/112_2/66_Q.pdf,1,1,keyword_candidates_require_tutor_review
112-2-66-05,核子醫學診療原理與技術學,MRI原理與技術;放射藥物與核種製備;消化系統;血液免疫與一般病理,sources/112_2/66_Q.pdf,1,2,keyword_candidates_require_tutor_review
112-2-66-06,核子醫學診療原理與技術學,癌症與臨床放療;骨骼肌肉解剖與病理;內分泌與代謝,sources/112_2/66_Q.pdf,2,2,keyword_candidates_require_tutor_review
112-2-66-07,核子醫學診療原理與技術學,核衰變與核種平衡;放射藥物與核種製備,sources/112_2/66_Q.pdf,2,2,keyword_candidates_require_tutor_review
112-2-66-08,核子醫學診療原理與技術學,攝影擺位與投照,sources/112_2/66_Q.pdf,2,2,keyword_candidates_require_tutor_review
112-2-66-09,核子醫學診療原理與技術學,癌症與臨床放療;骨骼肌肉解剖與病理,sources/112_2/66_Q.pdf,2,2,keyword_candidates_require_tutor_review
112-2-66-10,核子醫學診療原理與技術學,偵檢器與計數統計;放射生物學;放射藥物與核種製備;攝影擺位與投照,sources/112_2/66_Q.pdf,2,3,keyword_candidates_require_tutor_review
112-2-66-11,核子醫學診療原理與技術學,放射藥物與核種製備,sources/112_2/66_Q.pdf,3,3,keyword_candidates_require_tutor_review
112-2-66-12,核子醫學診療原理與技術學,MRI原理與技術;癌症與臨床放療;神經系統;內分泌與代謝,sources/112_2/66_Q.pdf,3,3,keyword_candidates_require_tutor_review
112-2-66-13,核子醫學診療原理與技術學,癌症與臨床放療;攝影擺位與投照,sources/112_2/66_Q.pdf,3,3,keyword_candidates_require_tutor_review
112-2-66-14,核子醫學診療原理與技術學,MRI原理與技術;核醫PET;放射藥物與核種製備,sources/112_2/66_Q.pdf,3,4,keyword_candidates_require_tutor_review
112-2-66-15,核子醫學診療原理與技術學,放射藥物與核種製備;攝影擺位與投照;呼吸系統,sources/112_2/66_Q.pdf,4,4,keyword_candidates_require_tutor_review
112-2-66-16,核子醫學診療原理與技術學,放射藥物與核種製備;神經系統,sources/112_2/66_Q.pdf,4,4,keyword_candidates_require_tutor_review
112-2-66-17,核子醫學診療原理與技術學,核醫器官檢查;心血管系統,sources/112_2/66_Q.pdf,4,4,keyword_candidates_require_tutor_review
112-2-66-18,核子醫學診療原理與技術學,放射藥物與核種製備;神經系統,sources/112_2/66_Q.pdf,4,4,keyword_candidates_require_tutor_review
112-2-66-19,核子醫學診療原理與技術學,核醫SPECT與加馬攝影機;放射藥物與核種製備,sources/112_2/66_Q.pdf,4,4,keyword_candidates_require_tutor_review
112-2-66-20,核子醫學診療原理與技術學,核醫SPECT與加馬攝影機;放射藥物與核種製備,sources/112_2/66_Q.pdf,4,5,keyword_candidates_require_tutor_review
112-2-66-21,核子醫學診療原理與技術學,核衰變與核種平衡;心血管系統,sources/112_2/66_Q.pdf,5,5,keyword_candidates_require_tutor_review
112-2-66-22,核子醫學診療原理與技術學,MRI原理與技術;放射藥物與核種製備;核醫器官檢查;骨骼肌肉解剖與病理;神經系統;心血管系統,sources/112_2/66_Q.pdf,5,5,keyword_candidates_require_tutor_review
112-2-66-23,核子醫學診療原理與技術學,心血管系統,sources/112_2/66_Q.pdf,5,5,keyword_candidates_require_tutor_review
112-2-66-24,核子醫學診療原理與技術學,心血管系統,sources/112_2/66_Q.pdf,5,5,keyword_candidates_require_tutor_review
112-2-66-25,核子醫學診療原理與技術學,核醫器官檢查;癌症與臨床放療;心血管系統;內分泌與代謝,sources/112_2/66_Q.pdf,5,6,keyword_candidates_require_tutor_review
112-2-66-26,核子醫學診療原理與技術學,影像品質與數位影像;放射藥物與核種製備;核醫器官檢查;放療設備與品保;心血管系統,sources/112_2/66_Q.pdf,6,6,keyword_candidates_require_tutor_review
112-2-66-27,核子醫學診療原理與技術學,放射生物學;核醫PET;放射藥物與核種製備;攝影擺位與投照;神經系統,sources/112_2/66_Q.pdf,6,6,keyword_candidates_require_tutor_review
112-2-66-28,核子醫學診療原理與技術學,癌症與臨床放療;內分泌與代謝,sources/112_2/66_Q.pdf,6,6,keyword_candidates_require_tutor_review
112-2-66-29,核子醫學診療原理與技術學,CT原理與技術;核醫SPECT與加馬攝影機;核醫器官檢查;骨骼肌肉解剖與病理;神經系統,sources/112_2/66_Q.pdf,6,6,keyword_candidates_require_tutor_review
112-2-66-30,核子醫學診療原理與技術學,半衰期與活度;放射藥物與核種製備;骨骼肌肉解剖與病理;泌尿與生殖系統,sources/112_2/66_Q.pdf,6,6,keyword_candidates_require_tutor_review
112-2-66-31,核子醫學診療原理與技術學,核衰變與核種平衡;核醫PET;癌症與臨床放療;呼吸系統;泌尿與生殖系統,sources/112_2/66_Q.pdf,7,7,keyword_candidates_require_tutor_review
112-2-66-32,核子醫學診療原理與技術學,核醫器官檢查;骨骼肌肉解剖與病理,sources/112_2/66_Q.pdf,7,7,keyword_candidates_require_tutor_review
112-2-66-33,核子醫學診療原理與技術學,核衰變與核種平衡;癌症與臨床放療,sources/112_2/66_Q.pdf,7,7,keyword_candidates_require_tutor_review
112-2-66-34,核子醫學診療原理與技術學,癌症與臨床放療;神經系統;內分泌與代謝,sources/112_2/66_Q.pdf,7,7,keyword_candidates_require_tutor_review
112-2-66-35,核子醫學診療原理與技術學,放射藥物與核種製備;神經系統;內分泌與代謝,sources/112_2/66_Q.pdf,7,7,keyword_candidates_require_tutor_review
112-2-66-36,核子醫學診療原理與技術學,,sources/112_2/66_Q.pdf,7,8,keyword_candidates_require_tutor_review
112-2-66-37,核子醫學診療原理與技術學,核衰變與核種平衡;核醫PET;骨骼肌肉解剖與病理;心血管系統;消化系統;內分泌與代謝,sources/112_2/66_Q.pdf,8,8,keyword_candidates_require_tutor_review
112-2-66-38,核子醫學診療原理與技術學,MRI原理與技術;放射藥物與核種製備;核醫器官檢查;內分泌與代謝,sources/112_2/66_Q.pdf,8,8,keyword_candidates_require_tutor_review
112-2-66-39,核子醫學診療原理與技術學,核醫SPECT與加馬攝影機;泌尿與生殖系統,sources/112_2/66_Q.pdf,8,8,keyword_candidates_require_tutor_review
112-2-66-40,核子醫學診療原理與技術學,放射藥物與核種製備;攝影擺位與投照;泌尿與生殖系統,sources/112_2/66_Q.pdf,8,8,keyword_candidates_require_tutor_review
112-2-66-41,核子醫學診療原理與技術學,MRI原理與技術;放射藥物與核種製備;神經系統;消化系統;內分泌與代謝,sources/112_2/66_Q.pdf,8,8,keyword_candidates_require_tutor_review
112-2-66-42,核子醫學診療原理與技術學,癌症與臨床放療;內分泌與代謝,sources/112_2/66_Q.pdf,8,9,keyword_candidates_require_tutor_review
112-2-66-43,核子醫學診療原理與技術學,輻射量與劑量學;偵檢器與計數統計;MRI原理與技術;放射藥物與核種製備;內分泌與代謝,sources/112_2/66_Q.pdf,9,9,keyword_candidates_require_tutor_review
112-2-66-44,核子醫學診療原理與技術學,放射藥物與核種製備;攝影擺位與投照;泌尿與生殖系統,sources/112_2/66_Q.pdf,9,9,keyword_candidates_require_tutor_review
112-2-66-45,核子醫學診療原理與技術學,偵檢器與計數統計,sources/112_2/66_Q.pdf,9,9,keyword_candidates_require_tutor_review
112-2-66-46,核子醫學診療原理與技術學,MRI原理與技術;放射藥物與核種製備;消化系統;泌尿與生殖系統,sources/112_2/66_Q.pdf,9,9,keyword_candidates_require_tutor_review
112-2-66-47,核子醫學診療原理與技術學,內分泌與代謝,sources/112_2/66_Q.pdf,9,10,keyword_candidates_require_tutor_review
112-2-66-48,核子醫學診療原理與技術學,放射藥物與核種製備;心血管系統;呼吸系統;血液免疫與一般病理,sources/112_2/66_Q.pdf,10,10,keyword_candidates_require_tutor_review
112-2-66-49,核子醫學診療原理與技術學,偵檢器與計數統計;MRI原理與技術;放射藥物與核種製備;消化系統,sources/112_2/66_Q.pdf,10,10,keyword_candidates_require_tutor_review
112-2-66-50,核子醫學診療原理與技術學,偵檢器與計數統計;消化系統,sources/112_2/66_Q.pdf,10,10,keyword_candidates_require_tutor_review
112-2-66-51,核子醫學診療原理與技術學,放射藥物與核種製備;消化系統,sources/112_2/66_Q.pdf,10,10,keyword_candidates_require_tutor_review
112-2-66-52,核子醫學診療原理與技術學,影像品質與數位影像,sources/112_2/66_Q.pdf,10,11,keyword_candidates_require_tutor_review
112-2-66-53,核子醫學診療原理與技術學,影像品質與數位影像;心血管系統,sources/112_2/66_Q.pdf,11,11,keyword_candidates_require_tutor_review
112-2-66-54,核子醫學診療原理與技術學,影像品質與數位影像;心血管系統,sources/112_2/66_Q.pdf,11,11,keyword_candidates_require_tutor_review
112-2-66-55,核子醫學診療原理與技術學,核衰變與核種平衡;CT原理與技術;核醫PET;放射治療計畫與劑量;神經系統;心血管系統,sources/112_2/66_Q.pdf,11,11,keyword_candidates_require_tutor_review
112-2-66-56,核子醫學診療原理與技術學,MRI原理與技術,sources/112_2/66_Q.pdf,11,11,keyword_candidates_require_tutor_review
112-2-66-57,核子醫學診療原理與技術學,核衰變與核種平衡;核醫PET,sources/112_2/66_Q.pdf,11,12,keyword_candidates_require_tutor_review
112-2-66-58,核子醫學診療原理與技術學,血液免疫與一般病理,sources/112_2/66_Q.pdf,12,12,keyword_candidates_require_tutor_review
112-2-66-59,核子醫學診療原理與技術學,血液免疫與一般病理,sources/112_2/66_Q.pdf,12,13,keyword_candidates_require_tutor_review
112-2-66-60,核子醫學診療原理與技術學,放射生物學;MRI原理與技術;血液免疫與一般病理,sources/112_2/66_Q.pdf,13,13,keyword_candidates_require_tutor_review
112-2-66-61,核子醫學診療原理與技術學,血液免疫與一般病理,sources/112_2/66_Q.pdf,13,13,keyword_candidates_require_tutor_review
112-2-66-62,核子醫學診療原理與技術學,血液免疫與一般病理,sources/112_2/66_Q.pdf,13,13,keyword_candidates_require_tutor_review
112-2-66-63,核子醫學診療原理與技術學,癌症與臨床放療;內分泌與代謝;血液免疫與一般病理,sources/112_2/66_Q.pdf,13,13,keyword_candidates_require_tutor_review
112-2-66-64,核子醫學診療原理與技術學,癌症與臨床放療;骨骼肌肉解剖與病理,sources/112_2/66_Q.pdf,13,13,keyword_candidates_require_tutor_review
112-2-66-65,核子醫學診療原理與技術學,半衰期與活度;癌症與臨床放療;呼吸系統;消化系統;血液免疫與一般病理,sources/112_2/66_Q.pdf,13,14,keyword_candidates_require_tutor_review
112-2-66-66,核子醫學診療原理與技術學,核衰變與核種平衡;半衰期與活度;輻射量與劑量學,sources/112_2/66_Q.pdf,14,14,keyword_candidates_require_tutor_review
112-2-66-67,核子醫學診療原理與技術學,輻射量與劑量學;放射藥物與核種製備;骨骼肌肉解剖與病理;消化系統;泌尿與生殖系統;內分泌與代謝,sources/112_2/66_Q.pdf,14,14,keyword_candidates_require_tutor_review
112-2-66-68,核子醫學診療原理與技術學,核衰變與核種平衡,sources/112_2/66_Q.pdf,14,14,keyword_candidates_require_tutor_review
112-2-66-69,核子醫學診療原理與技術學,X光產生與能譜;輻射量與劑量學;輻射防護與法規,sources/112_2/66_Q.pdf,14,14,keyword_candidates_require_tutor_review
112-2-66-70,核子醫學診療原理與技術學,偵檢器與計數統計;CT原理與技術;核醫SPECT與加馬攝影機;神經系統,sources/112_2/66_Q.pdf,14,15,keyword_candidates_require_tutor_review
112-2-66-71,核子醫學診療原理與技術學,核衰變與核種平衡;呼吸系統,sources/112_2/66_Q.pdf,15,15,keyword_candidates_require_tutor_review
112-2-66-72,核子醫學診療原理與技術學,半衰期與活度,sources/112_2/66_Q.pdf,15,15,keyword_candidates_require_tutor_review
112-2-66-73,核子醫學診療原理與技術學,衰減與屏蔽;輻射量與劑量學;MRI原理與技術;放射藥物與核種製備,sources/112_2/66_Q.pdf,15,15,keyword_candidates_require_tutor_review
112-2-66-74,核子醫學診療原理與技術學,核醫SPECT與加馬攝影機,sources/112_2/66_Q.pdf,15,15,keyword_candidates_require_tutor_review
112-2-66-75,核子醫學診療原理與技術學,半衰期與活度;放療設備與品保,sources/112_2/66_Q.pdf,15,16,keyword_candidates_require_tutor_review
112-2-66-76,核子醫學診療原理與技術學,輻射量與劑量學,sources/112_2/66_Q.pdf,16,16,keyword_candidates_require_tutor_review
112-2-66-77,核子醫學診療原理與技術學,MRI原理與技術,sources/112_2/66_Q.pdf,16,16,keyword_candidates_require_tutor_review
112-2-66-78,核子醫學診療原理與技術學,影像品質與數位影像,sources/112_2/66_Q.pdf,16,16,keyword_candidates_require_tutor_review
112-2-66-79,核子醫學診療原理與技術學,輻射量與劑量學;影像品質與數位影像;核醫SPECT與加馬攝影機,sources/112_2/66_Q.pdf,16,16,keyword_candidates_require_tutor_review
112-2-66-80,核子醫學診療原理與技術學,放療設備與品保,sources/112_2/66_Q.pdf,16,17,keyword_candidates_require_tutor_review
113-1-11-01,基礎醫學（包括解剖學、生理學與病理學）,,sources/113_1/11_Q.pdf,1,1,keyword_candidates_require_tutor_review
113-1-11-02,基礎醫學（包括解剖學、生理學與病理學）,骨骼肌肉解剖與病理;心血管系統,sources/113_1/11_Q.pdf,1,1,keyword_candidates_require_tutor_review
113-1-11-03,基礎醫學（包括解剖學、生理學與病理學）,,sources/113_1/11_Q.pdf,1,1,keyword_candidates_require_tutor_review
113-1-11-04,基礎醫學（包括解剖學、生理學與病理學）,骨骼肌肉解剖與病理,sources/113_1/11_Q.pdf,1,1,keyword_candidates_require_tutor_review
113-1-11-05,基礎醫學（包括解剖學、生理學與病理學）,骨骼肌肉解剖與病理,sources/113_1/11_Q.pdf,1,2,keyword_candidates_require_tutor_review
113-1-11-06,基礎醫學（包括解剖學、生理學與病理學）,放射藥物與核種製備;骨骼肌肉解剖與病理,sources/113_1/11_Q.pdf,2,2,keyword_candidates_require_tutor_review
113-1-11-07,基礎醫學（包括解剖學、生理學與病理學）,骨骼肌肉解剖與病理,sources/113_1/11_Q.pdf,2,2,keyword_candidates_require_tutor_review
113-1-11-08,基礎醫學（包括解剖學、生理學與病理學）,骨骼肌肉解剖與病理,sources/113_1/11_Q.pdf,2,2,keyword_candidates_require_tutor_review
113-1-11-09,基礎醫學（包括解剖學、生理學與病理學）,骨骼肌肉解剖與病理,sources/113_1/11_Q.pdf,2,2,keyword_candidates_require_tutor_review
113-1-11-10,基礎醫學（包括解剖學、生理學與病理學）,骨骼肌肉解剖與病理,sources/113_1/11_Q.pdf,2,2,keyword_candidates_require_tutor_review
113-1-11-11,基礎醫學（包括解剖學、生理學與病理學）,骨骼肌肉解剖與病理,sources/113_1/11_Q.pdf,2,3,keyword_candidates_require_tutor_review
113-1-11-12,基礎醫學（包括解剖學、生理學與病理學）,骨骼肌肉解剖與病理,sources/113_1/11_Q.pdf,3,3,keyword_candidates_require_tutor_review
113-1-11-13,基礎醫學（包括解剖學、生理學與病理學）,骨骼肌肉解剖與病理;神經系統,sources/113_1/11_Q.pdf,3,3,keyword_candidates_require_tutor_review
113-1-11-14,基礎醫學（包括解剖學、生理學與病理學）,神經系統,sources/113_1/11_Q.pdf,3,3,keyword_candidates_require_tutor_review
113-1-11-15,基礎醫學（包括解剖學、生理學與病理學）,神經系統,sources/113_1/11_Q.pdf,3,3,keyword_candidates_require_tutor_review
113-1-11-16,基礎醫學（包括解剖學、生理學與病理學）,骨骼肌肉解剖與病理,sources/113_1/11_Q.pdf,3,3,keyword_candidates_require_tutor_review
113-1-11-17,基礎醫學（包括解剖學、生理學與病理學）,神經系統,sources/113_1/11_Q.pdf,3,4,keyword_candidates_require_tutor_review
113-1-11-18,基礎醫學（包括解剖學、生理學與病理學）,神經系統,sources/113_1/11_Q.pdf,4,4,keyword_candidates_require_tutor_review
113-1-11-19,基礎醫學（包括解剖學、生理學與病理學）,神經系統,sources/113_1/11_Q.pdf,4,4,keyword_candidates_require_tutor_review
113-1-11-20,基礎醫學（包括解剖學、生理學與病理學）,,sources/113_1/11_Q.pdf,4,4,keyword_candidates_require_tutor_review
113-1-11-21,基礎醫學（包括解剖學、生理學與病理學）,神經系統;內分泌與代謝,sources/113_1/11_Q.pdf,4,4,keyword_candidates_require_tutor_review
113-1-11-22,基礎醫學（包括解剖學、生理學與病理學）,,sources/113_1/11_Q.pdf,4,4,keyword_candidates_require_tutor_review
113-1-11-23,基礎醫學（包括解剖學、生理學與病理學）,,sources/113_1/11_Q.pdf,4,4,keyword_candidates_require_tutor_review
113-1-11-24,基礎醫學（包括解剖學、生理學與病理學）,神經系統,sources/113_1/11_Q.pdf,5,5,keyword_candidates_require_tutor_review
113-1-11-25,基礎醫學（包括解剖學、生理學與病理學）,MRI原理與技術;血液免疫與一般病理,sources/113_1/11_Q.pdf,5,5,keyword_candidates_require_tutor_review
113-1-11-26,基礎醫學（包括解剖學、生理學與病理學）,消化系統,sources/113_1/11_Q.pdf,5,5,keyword_candidates_require_tutor_review
113-1-11-27,基礎醫學（包括解剖學、生理學與病理學）,心血管系統,sources/113_1/11_Q.pdf,5,5,keyword_candidates_require_tutor_review
113-1-11-28,基礎醫學（包括解剖學、生理學與病理學）,,sources/113_1/11_Q.pdf,5,5,keyword_candidates_require_tutor_review
113-1-11-29,基礎醫學（包括解剖學、生理學與病理學）,骨骼肌肉解剖與病理;消化系統,sources/113_1/11_Q.pdf,5,6,keyword_candidates_require_tutor_review
113-1-11-30,基礎醫學（包括解剖學、生理學與病理學）,消化系統,sources/113_1/11_Q.pdf,6,6,keyword_candidates_require_tutor_review
113-1-11-31,基礎醫學（包括解剖學、生理學與病理學）,神經系統,sources/113_1/11_Q.pdf,6,6,keyword_candidates_require_tutor_review
113-1-11-32,基礎醫學（包括解剖學、生理學與病理學）,MRI原理與技術,sources/113_1/11_Q.pdf,6,6,keyword_candidates_require_tutor_review
113-1-11-33,基礎醫學（包括解剖學、生理學與病理學）,骨骼肌肉解剖與病理;神經系統;泌尿與生殖系統,sources/113_1/11_Q.pdf,6,6,keyword_candidates_require_tutor_review
113-1-11-34,基礎醫學（包括解剖學、生理學與病理學）,泌尿與生殖系統,sources/113_1/11_Q.pdf,6,6,keyword_candidates_require_tutor_review
113-1-11-35,基礎醫學（包括解剖學、生理學與病理學）,泌尿與生殖系統;內分泌與代謝,sources/113_1/11_Q.pdf,6,7,keyword_candidates_require_tutor_review
113-1-11-36,基礎醫學（包括解剖學、生理學與病理學）,骨骼肌肉解剖與病理;呼吸系統;消化系統,sources/113_1/11_Q.pdf,7,7,keyword_candidates_require_tutor_review
113-1-11-37,基礎醫學（包括解剖學、生理學與病理學）,,sources/113_1/11_Q.pdf,7,7,keyword_candidates_require_tutor_review
113-1-11-38,基礎醫學（包括解剖學、生理學與病理學）,骨骼肌肉解剖與病理;神經系統;心血管系統,sources/113_1/11_Q.pdf,7,7,keyword_candidates_require_tutor_review
113-1-11-39,基礎醫學（包括解剖學、生理學與病理學）,神經系統;心血管系統,sources/113_1/11_Q.pdf,7,7,keyword_candidates_require_tutor_review
113-1-11-40,基礎醫學（包括解剖學、生理學與病理學）,,sources/113_1/11_Q.pdf,7,7,keyword_candidates_require_tutor_review
113-1-11-41,基礎醫學（包括解剖學、生理學與病理學）,MRI原理與技術;骨骼肌肉解剖與病理,sources/113_1/11_Q.pdf,7,8,keyword_candidates_require_tutor_review
113-1-11-42,基礎醫學（包括解剖學、生理學與病理學）,消化系統;泌尿與生殖系統,sources/113_1/11_Q.pdf,8,8,keyword_candidates_require_tutor_review
113-1-11-43,基礎醫學（包括解剖學、生理學與病理學）,骨骼肌肉解剖與病理,sources/113_1/11_Q.pdf,8,8,keyword_candidates_require_tutor_review
113-1-11-44,基礎醫學（包括解剖學、生理學與病理學）,神經系統,sources/113_1/11_Q.pdf,8,8,keyword_candidates_require_tutor_review
113-1-11-45,基礎醫學（包括解剖學、生理學與病理學）,超音波原理與技術;心血管系統,sources/113_1/11_Q.pdf,8,8,keyword_candidates_require_tutor_review
113-1-11-46,基礎醫學（包括解剖學、生理學與病理學）,骨骼肌肉解剖與病理;神經系統;心血管系統,sources/113_1/11_Q.pdf,8,8,keyword_candidates_require_tutor_review
113-1-11-47,基礎醫學（包括解剖學、生理學與病理學）,呼吸系統,sources/113_1/11_Q.pdf,8,9,keyword_candidates_require_tutor_review
113-1-11-48,基礎醫學（包括解剖學、生理學與病理學）,呼吸系統,sources/113_1/11_Q.pdf,9,9,keyword_candidates_require_tutor_review
113-1-11-49,基礎醫學（包括解剖學、生理學與病理學）,呼吸系統;泌尿與生殖系統,sources/113_1/11_Q.pdf,9,9,keyword_candidates_require_tutor_review
113-1-11-50,基礎醫學（包括解剖學、生理學與病理學）,泌尿與生殖系統,sources/113_1/11_Q.pdf,9,9,keyword_candidates_require_tutor_review
113-1-11-51,基礎醫學（包括解剖學、生理學與病理學）,泌尿與生殖系統,sources/113_1/11_Q.pdf,9,9,keyword_candidates_require_tutor_review
113-1-11-52,基礎醫學（包括解剖學、生理學與病理學）,泌尿與生殖系統,sources/113_1/11_Q.pdf,9,9,keyword_candidates_require_tutor_review
113-1-11-53,基礎醫學（包括解剖學、生理學與病理學）,消化系統,sources/113_1/11_Q.pdf,9,10,keyword_candidates_require_tutor_review
113-1-11-54,基礎醫學（包括解剖學、生理學與病理學）,骨骼肌肉解剖與病理;消化系統,sources/113_1/11_Q.pdf,10,10,keyword_candidates_require_tutor_review
113-1-11-55,基礎醫學（包括解剖學、生理學與病理學）,癌症與臨床放療;神經系統,sources/113_1/11_Q.pdf,10,10,keyword_candidates_require_tutor_review
113-1-11-56,基礎醫學（包括解剖學、生理學與病理學）,內分泌與代謝,sources/113_1/11_Q.pdf,10,10,keyword_candidates_require_tutor_review
113-1-11-57,基礎醫學（包括解剖學、生理學與病理學）,,sources/113_1/11_Q.pdf,10,10,keyword_candidates_require_tutor_review
113-1-11-58,基礎醫學（包括解剖學、生理學與病理學）,神經系統;消化系統;泌尿與生殖系統;內分泌與代謝,sources/113_1/11_Q.pdf,10,10,keyword_candidates_require_tutor_review
113-1-11-59,基礎醫學（包括解剖學、生理學與病理學）,,sources/113_1/11_Q.pdf,10,11,keyword_candidates_require_tutor_review
113-1-11-60,基礎醫學（包括解剖學、生理學與病理學）,癌症與臨床放療;血液免疫與一般病理,sources/113_1/11_Q.pdf,11,11,keyword_candidates_require_tutor_review
113-1-11-61,基礎醫學（包括解剖學、生理學與病理學）,心血管系統;消化系統;泌尿與生殖系統,sources/113_1/11_Q.pdf,11,11,keyword_candidates_require_tutor_review
113-1-11-62,基礎醫學（包括解剖學、生理學與病理學）,血液免疫與一般病理,sources/113_1/11_Q.pdf,11,11,keyword_candidates_require_tutor_review
113-1-11-63,基礎醫學（包括解剖學、生理學與病理學）,放射生物學;骨骼肌肉解剖與病理,sources/113_1/11_Q.pdf,11,11,keyword_candidates_require_tutor_review
113-1-11-64,基礎醫學（包括解剖學、生理學與病理學）,放射生物學;放射藥物與核種製備;癌症與臨床放療;消化系統,sources/113_1/11_Q.pdf,11,11,keyword_candidates_require_tutor_review
113-1-11-65,基礎醫學（包括解剖學、生理學與病理學）,癌症與臨床放療;神經系統,sources/113_1/11_Q.pdf,11,12,keyword_candidates_require_tutor_review
113-1-11-66,基礎醫學（包括解剖學、生理學與病理學）,血液免疫與一般病理,sources/113_1/11_Q.pdf,12,12,keyword_candidates_require_tutor_review
113-1-11-67,基礎醫學（包括解剖學、生理學與病理學）,MRI原理與技術;骨骼肌肉解剖與病理,sources/113_1/11_Q.pdf,12,12,keyword_candidates_require_tutor_review
113-1-11-68,基礎醫學（包括解剖學、生理學與病理學）,呼吸系統,sources/113_1/11_Q.pdf,12,12,keyword_candidates_require_tutor_review
113-1-11-69,基礎醫學（包括解剖學、生理學與病理學）,,sources/113_1/11_Q.pdf,12,12,keyword_candidates_require_tutor_review
113-1-11-70,基礎醫學（包括解剖學、生理學與病理學）,神經系統,sources/113_1/11_Q.pdf,12,12,keyword_candidates_require_tutor_review
113-1-11-71,基礎醫學（包括解剖學、生理學與病理學）,放射藥物與核種製備;癌症與臨床放療;消化系統,sources/113_1/11_Q.pdf,12,13,keyword_candidates_require_tutor_review
113-1-11-72,基礎醫學（包括解剖學、生理學與病理學）,放射生物學;神經系統,sources/113_1/11_Q.pdf,13,13,keyword_candidates_require_tutor_review
113-1-11-73,基礎醫學（包括解剖學、生理學與病理學）,,sources/113_1/11_Q.pdf,13,13,keyword_candidates_require_tutor_review
113-1-11-74,基礎醫學（包括解剖學、生理學與病理學）,呼吸系統;血液免疫與一般病理,sources/113_1/11_Q.pdf,13,13,keyword_candidates_require_tutor_review
113-1-11-75,基礎醫學（包括解剖學、生理學與病理學）,泌尿與生殖系統,sources/113_1/11_Q.pdf,13,13,keyword_candidates_require_tutor_review
113-1-11-76,基礎醫學（包括解剖學、生理學與病理學）,,sources/113_1/11_Q.pdf,13,13,keyword_candidates_require_tutor_review
113-1-11-77,基礎醫學（包括解剖學、生理學與病理學）,神經系統,sources/113_1/11_Q.pdf,13,14,keyword_candidates_require_tutor_review
113-1-11-78,基礎醫學（包括解剖學、生理學與病理學）,癌症與臨床放療;心血管系統;內分泌與代謝,sources/113_1/11_Q.pdf,14,14,keyword_candidates_require_tutor_review
113-1-11-79,基礎醫學（包括解剖學、生理學與病理學）,神經系統,sources/113_1/11_Q.pdf,14,14,keyword_candidates_require_tutor_review
113-1-11-80,基礎醫學（包括解剖學、生理學與病理學）,放射生物學;神經系統,sources/113_1/11_Q.pdf,14,14,keyword_candidates_require_tutor_review
113-1-22-01,醫學物理學與輻射安全,核衰變與核種平衡;半衰期與活度,sources/113_1/22_Q.pdf,1,1,keyword_candidates_require_tutor_review
113-1-22-02,醫學物理學與輻射安全,核衰變與核種平衡;半衰期與活度,sources/113_1/22_Q.pdf,1,1,keyword_candidates_require_tutor_review
113-1-22-03,醫學物理學與輻射安全,半衰期與活度,sources/113_1/22_Q.pdf,1,1,keyword_candidates_require_tutor_review
113-1-22-04,醫學物理學與輻射安全,核衰變與核種平衡,sources/113_1/22_Q.pdf,1,1,keyword_candidates_require_tutor_review
113-1-22-05,醫學物理學與輻射安全,X光產生與能譜,sources/113_1/22_Q.pdf,1,2,keyword_candidates_require_tutor_review
113-1-22-06,醫學物理學與輻射安全,,sources/113_1/22_Q.pdf,2,2,keyword_candidates_require_tutor_review
113-1-22-07,醫學物理學與輻射安全,光子與物質交互作用,sources/113_1/22_Q.pdf,2,2,keyword_candidates_require_tutor_review
113-1-22-08,醫學物理學與輻射安全,X光產生與能譜;輻射量與劑量學,sources/113_1/22_Q.pdf,2,2,keyword_candidates_require_tutor_review
113-1-22-09,醫學物理學與輻射安全,核衰變與核種平衡;X光產生與能譜,sources/113_1/22_Q.pdf,2,2,keyword_candidates_require_tutor_review
113-1-22-10,醫學物理學與輻射安全,X光產生與能譜,sources/113_1/22_Q.pdf,2,2,keyword_candidates_require_tutor_review
113-1-22-11,醫學物理學與輻射安全,輻射量與劑量學,sources/113_1/22_Q.pdf,2,3,keyword_candidates_require_tutor_review
113-1-22-12,醫學物理學與輻射安全,X光產生與能譜;輻射量與劑量學;放射治療計畫與劑量;放療設備與品保,sources/113_1/22_Q.pdf,3,3,keyword_candidates_require_tutor_review
113-1-22-13,醫學物理學與輻射安全,輻射量與劑量學;MRI原理與技術,sources/113_1/22_Q.pdf,3,3,keyword_candidates_require_tutor_review
113-1-22-14,醫學物理學與輻射安全,,sources/113_1/22_Q.pdf,3,3,keyword_candidates_require_tutor_review
113-1-22-15,醫學物理學與輻射安全,輻射量與劑量學;MRI原理與技術,sources/113_1/22_Q.pdf,3,3,keyword_candidates_require_tutor_review
113-1-22-16,醫學物理學與輻射安全,影像品質與數位影像,sources/113_1/22_Q.pdf,3,4,keyword_candidates_require_tutor_review
113-1-22-17,醫學物理學與輻射安全,底片與影像接受器,sources/113_1/22_Q.pdf,4,4,keyword_candidates_require_tutor_review
113-1-22-18,醫學物理學與輻射安全,CT原理與技術;影像品質與數位影像;對比劑與特殊攝影;神經系統,sources/113_1/22_Q.pdf,4,4,keyword_candidates_require_tutor_review
113-1-22-19,醫學物理學與輻射安全,偵檢器與計數統計;底片與影像接受器;神經系統,sources/113_1/22_Q.pdf,4,4,keyword_candidates_require_tutor_review
113-1-22-20,醫學物理學與輻射安全,CT原理與技術;影像品質與數位影像;神經系統,sources/113_1/22_Q.pdf,4,4,keyword_candidates_require_tutor_review
113-1-22-21,醫學物理學與輻射安全,,sources/113_1/22_Q.pdf,4,4,keyword_candidates_require_tutor_review
113-1-22-22,醫學物理學與輻射安全,近接與特殊放療;骨骼肌肉解剖與病理,sources/113_1/22_Q.pdf,4,5,keyword_candidates_require_tutor_review
113-1-22-23,醫學物理學與輻射安全,,sources/113_1/22_Q.pdf,5,5,keyword_candidates_require_tutor_review
113-1-22-24,醫學物理學與輻射安全,放射治療計畫與劑量,sources/113_1/22_Q.pdf,5,5,keyword_candidates_require_tutor_review
113-1-22-25,醫學物理學與輻射安全,輻射量與劑量學;偵檢器與計數統計;MRI原理與技術;放射治療計畫與劑量;近接與特殊放療;癌症與臨床放療,sources/113_1/22_Q.pdf,5,5,keyword_candidates_require_tutor_review
113-1-22-26,醫學物理學與輻射安全,偵檢器與計數統計;核醫PET,sources/113_1/22_Q.pdf,5,5,keyword_candidates_require_tutor_review
113-1-22-27,醫學物理學與輻射安全,放射藥物與核種製備,sources/113_1/22_Q.pdf,5,5,keyword_candidates_require_tutor_review
113-1-22-28,醫學物理學與輻射安全,核衰變與核種平衡,sources/113_1/22_Q.pdf,5,6,keyword_candidates_require_tutor_review
113-1-22-29,醫學物理學與輻射安全,衰減與屏蔽;攝影擺位與投照;骨骼肌肉解剖與病理;神經系統;心血管系統;呼吸系統,sources/113_1/22_Q.pdf,6,6,keyword_candidates_require_tutor_review
113-1-22-30,醫學物理學與輻射安全,放射藥物與核種製備,sources/113_1/22_Q.pdf,6,6,keyword_candidates_require_tutor_review
113-1-22-31,醫學物理學與輻射安全,衰減與屏蔽;超音波原理與技術,sources/113_1/22_Q.pdf,6,6,keyword_candidates_require_tutor_review
113-1-22-32,醫學物理學與輻射安全,超音波原理與技術;影像品質與數位影像,sources/113_1/22_Q.pdf,6,6,keyword_candidates_require_tutor_review
113-1-22-33,醫學物理學與輻射安全,超音波原理與技術;影像品質與數位影像,sources/113_1/22_Q.pdf,6,6,keyword_candidates_require_tutor_review
113-1-22-34,醫學物理學與輻射安全,超音波原理與技術,sources/113_1/22_Q.pdf,6,7,keyword_candidates_require_tutor_review
113-1-22-35,醫學物理學與輻射安全,超音波原理與技術;放射藥物與核種製備,sources/113_1/22_Q.pdf,7,7,keyword_candidates_require_tutor_review
113-1-22-36,醫學物理學與輻射安全,MRI原理與技術;神經系統,sources/113_1/22_Q.pdf,7,7,keyword_candidates_require_tutor_review
113-1-22-37,醫學物理學與輻射安全,MRI原理與技術,sources/113_1/22_Q.pdf,7,7,keyword_candidates_require_tutor_review
113-1-22-38,醫學物理學與輻射安全,衰減與屏蔽;MRI原理與技術;影像品質與數位影像,sources/113_1/22_Q.pdf,7,7,keyword_candidates_require_tutor_review
113-1-22-39,醫學物理學與輻射安全,衰減與屏蔽;MRI原理與技術;影像品質與數位影像,sources/113_1/22_Q.pdf,7,8,keyword_candidates_require_tutor_review
113-1-22-40,醫學物理學與輻射安全,MRI原理與技術;放療設備與品保,sources/113_1/22_Q.pdf,8,8,keyword_candidates_require_tutor_review
113-1-22-41,醫學物理學與輻射安全,X光產生與能譜;輻射量與劑量學;輻射防護與法規,sources/113_1/22_Q.pdf,8,8,keyword_candidates_require_tutor_review
113-1-22-42,醫學物理學與輻射安全,輻射量與劑量學,sources/113_1/22_Q.pdf,8,8,keyword_candidates_require_tutor_review
113-1-22-43,醫學物理學與輻射安全,輻射量與劑量學;放射生物學,sources/113_1/22_Q.pdf,8,8,keyword_candidates_require_tutor_review
113-1-22-44,醫學物理學與輻射安全,半衰期與活度,sources/113_1/22_Q.pdf,8,8,keyword_candidates_require_tutor_review
113-1-22-45,醫學物理學與輻射安全,,sources/113_1/22_Q.pdf,8,9,keyword_candidates_require_tutor_review
113-1-22-46,醫學物理學與輻射安全,,sources/113_1/22_Q.pdf,9,9,keyword_candidates_require_tutor_review
113-1-22-47,醫學物理學與輻射安全,核衰變與核種平衡;半衰期與活度;衰減與屏蔽;輻射量與劑量學,sources/113_1/22_Q.pdf,9,9,keyword_candidates_require_tutor_review
113-1-22-48,醫學物理學與輻射安全,,sources/113_1/22_Q.pdf,9,9,keyword_candidates_require_tutor_review
113-1-22-49,醫學物理學與輻射安全,偵檢器與計數統計,sources/113_1/22_Q.pdf,9,9,keyword_candidates_require_tutor_review
113-1-22-50,醫學物理學與輻射安全,,sources/113_1/22_Q.pdf,9,10,keyword_candidates_require_tutor_review
113-1-22-51,醫學物理學與輻射安全,輻射量與劑量學;MRI原理與技術,sources/113_1/22_Q.pdf,10,10,keyword_candidates_require_tutor_review
113-1-22-52,醫學物理學與輻射安全,偵檢器與計數統計,sources/113_1/22_Q.pdf,10,10,keyword_candidates_require_tutor_review
113-1-22-53,醫學物理學與輻射安全,偵檢器與計數統計,sources/113_1/22_Q.pdf,10,10,keyword_candidates_require_tutor_review
113-1-22-54,醫學物理學與輻射安全,輻射量與劑量學,sources/113_1/22_Q.pdf,10,10,keyword_candidates_require_tutor_review
113-1-22-55,醫學物理學與輻射安全,偵檢器與計數統計,sources/113_1/22_Q.pdf,10,10,keyword_candidates_require_tutor_review
113-1-22-56,醫學物理學與輻射安全,偵檢器與計數統計;放射生物學,sources/113_1/22_Q.pdf,10,11,keyword_candidates_require_tutor_review
113-1-22-57,醫學物理學與輻射安全,衰減與屏蔽;放射治療計畫與劑量,sources/113_1/22_Q.pdf,11,11,keyword_candidates_require_tutor_review
113-1-22-58,醫學物理學與輻射安全,衰減與屏蔽,sources/113_1/22_Q.pdf,11,11,keyword_candidates_require_tutor_review
113-1-22-59,醫學物理學與輻射安全,衰減與屏蔽,sources/113_1/22_Q.pdf,11,11,keyword_candidates_require_tutor_review
113-1-22-60,醫學物理學與輻射安全,衰減與屏蔽;放射治療計畫與劑量,sources/113_1/22_Q.pdf,11,12,keyword_candidates_require_tutor_review
113-1-22-61,醫學物理學與輻射安全,衰減與屏蔽,sources/113_1/22_Q.pdf,12,12,keyword_candidates_require_tutor_review
113-1-22-62,醫學物理學與輻射安全,衰減與屏蔽,sources/113_1/22_Q.pdf,12,12,keyword_candidates_require_tutor_review
113-1-22-63,醫學物理學與輻射安全,放射生物學,sources/113_1/22_Q.pdf,12,12,keyword_candidates_require_tutor_review
113-1-22-64,醫學物理學與輻射安全,輻射量與劑量學,sources/113_1/22_Q.pdf,12,12,keyword_candidates_require_tutor_review
113-1-22-65,醫學物理學與輻射安全,放射生物學;底片與影像接受器,sources/113_1/22_Q.pdf,12,12,keyword_candidates_require_tutor_review
113-1-22-66,醫學物理學與輻射安全,輻射量與劑量學;血液免疫與一般病理,sources/113_1/22_Q.pdf,12,13,keyword_candidates_require_tutor_review
113-1-22-67,醫學物理學與輻射安全,輻射量與劑量學;放射生物學;血液免疫與一般病理,sources/113_1/22_Q.pdf,13,13,keyword_candidates_require_tutor_review
113-1-22-68,醫學物理學與輻射安全,輻射防護與法規;放射生物學,sources/113_1/22_Q.pdf,13,13,keyword_candidates_require_tutor_review
113-1-22-69,醫學物理學與輻射安全,衰減與屏蔽,sources/113_1/22_Q.pdf,13,13,keyword_candidates_require_tutor_review
113-1-22-70,醫學物理學與輻射安全,輻射防護與法規,sources/113_1/22_Q.pdf,13,13,keyword_candidates_require_tutor_review
113-1-22-71,醫學物理學與輻射安全,,sources/113_1/22_Q.pdf,13,13,keyword_candidates_require_tutor_review
113-1-22-72,醫學物理學與輻射安全,衰減與屏蔽,sources/113_1/22_Q.pdf,14,14,keyword_candidates_require_tutor_review
113-1-22-73,醫學物理學與輻射安全,,sources/113_1/22_Q.pdf,14,14,keyword_candidates_require_tutor_review
113-1-22-74,醫學物理學與輻射安全,輻射量與劑量學;CT原理與技術;放療設備與品保;神經系統,sources/113_1/22_Q.pdf,14,14,keyword_candidates_require_tutor_review
113-1-22-75,醫學物理學與輻射安全,輻射防護與法規,sources/113_1/22_Q.pdf,14,14,keyword_candidates_require_tutor_review
113-1-22-76,醫學物理學與輻射安全,X光產生與能譜;輻射防護與法規,sources/113_1/22_Q.pdf,14,14,keyword_candidates_require_tutor_review
113-1-22-77,醫學物理學與輻射安全,半衰期與活度;輻射防護與法規,sources/113_1/22_Q.pdf,14,15,keyword_candidates_require_tutor_review
113-1-22-78,醫學物理學與輻射安全,輻射量與劑量學;輻射防護與法規,sources/113_1/22_Q.pdf,15,15,keyword_candidates_require_tutor_review
113-1-22-79,醫學物理學與輻射安全,輻射量與劑量學;輻射防護與法規,sources/113_1/22_Q.pdf,15,15,keyword_candidates_require_tutor_review
113-1-22-80,醫學物理學與輻射安全,輻射量與劑量學;放療設備與品保,sources/113_1/22_Q.pdf,15,15,keyword_candidates_require_tutor_review
113-1-33-01,放射線器材學（包括磁振學與超音波學）,,sources/113_1/33_Q.pdf,1,1,keyword_candidates_require_tutor_review
113-1-33-02,放射線器材學（包括磁振學與超音波學）,X光產生與能譜;對比劑與特殊攝影,sources/113_1/33_Q.pdf,1,1,keyword_candidates_require_tutor_review
113-1-33-03,放射線器材學（包括磁振學與超音波學）,X光產生與能譜,sources/113_1/33_Q.pdf,1,1,keyword_candidates_require_tutor_review
113-1-33-04,放射線器材學（包括磁振學與超音波學）,光子與物質交互作用;輻射量與劑量學;對比劑與特殊攝影;骨骼肌肉解剖與病理,sources/113_1/33_Q.pdf,1,1,keyword_candidates_require_tutor_review
113-1-33-05,放射線器材學（包括磁振學與超音波學）,X光產生與能譜,sources/113_1/33_Q.pdf,1,2,keyword_candidates_require_tutor_review
113-1-33-06,放射線器材學（包括磁振學與超音波學）,影像品質與數位影像;放療設備與品保,sources/113_1/33_Q.pdf,2,3,keyword_candidates_require_tutor_review
113-1-33-07,放射線器材學（包括磁振學與超音波學）,,sources/113_1/33_Q.pdf,3,4,keyword_candidates_require_tutor_review
113-1-33-08,放射線器材學（包括磁振學與超音波學）,輻射量與劑量學;影像品質與數位影像,sources/113_1/33_Q.pdf,4,4,keyword_candidates_require_tutor_review
113-1-33-09,放射線器材學（包括磁振學與超音波學）,CT原理與技術;MRI原理與技術;癌症與臨床放療;骨骼肌肉解剖與病理;神經系統;呼吸系統;泌尿與生殖系統,sources/113_1/33_Q.pdf,4,4,keyword_candidates_require_tutor_review
113-1-33-10,放射線器材學（包括磁振學與超音波學）,X光產生與能譜,sources/113_1/33_Q.pdf,4,4,keyword_candidates_require_tutor_review
113-1-33-11,放射線器材學（包括磁振學與超音波學）,輻射量與劑量學,sources/113_1/33_Q.pdf,4,4,keyword_candidates_require_tutor_review
113-1-33-12,放射線器材學（包括磁振學與超音波學）,影像品質與數位影像;底片與影像接受器;放射治療計畫與劑量;神經系統,sources/113_1/33_Q.pdf,4,4,keyword_candidates_require_tutor_review
113-1-33-13,放射線器材學（包括磁振學與超音波學）,偵檢器與計數統計;影像品質與數位影像;底片與影像接受器;神經系統,sources/113_1/33_Q.pdf,4,5,keyword_candidates_require_tutor_review
113-1-33-14,放射線器材學（包括磁振學與超音波學）,輻射量與劑量學;影像品質與數位影像;底片與影像接受器,sources/113_1/33_Q.pdf,5,5,keyword_candidates_require_tutor_review
113-1-33-15,放射線器材學（包括磁振學與超音波學）,底片與影像接受器,sources/113_1/33_Q.pdf,5,5,keyword_candidates_require_tutor_review
113-1-33-16,放射線器材學（包括磁振學與超音波學）,影像品質與數位影像;底片與影像接受器,sources/113_1/33_Q.pdf,5,5,keyword_candidates_require_tutor_review
113-1-33-17,放射線器材學（包括磁振學與超音波學）,底片與影像接受器;神經系統,sources/113_1/33_Q.pdf,5,5,keyword_candidates_require_tutor_review
113-1-33-18,放射線器材學（包括磁振學與超音波學）,X光產生與能譜,sources/113_1/33_Q.pdf,5,5,keyword_candidates_require_tutor_review
113-1-33-19,放射線器材學（包括磁振學與超音波學）,對比劑與特殊攝影,sources/113_1/33_Q.pdf,5,6,keyword_candidates_require_tutor_review
113-1-33-20,放射線器材學（包括磁振學與超音波學）,對比劑與特殊攝影,sources/113_1/33_Q.pdf,6,6,keyword_candidates_require_tutor_review
113-1-33-21,放射線器材學（包括磁振學與超音波學）,X光產生與能譜;核醫SPECT與加馬攝影機,sources/113_1/33_Q.pdf,6,6,keyword_candidates_require_tutor_review
113-1-33-22,放射線器材學（包括磁振學與超音波學）,影像品質與數位影像,sources/113_1/33_Q.pdf,6,6,keyword_candidates_require_tutor_review
113-1-33-23,放射線器材學（包括磁振學與超音波學）,X光產生與能譜;輻射量與劑量學,sources/113_1/33_Q.pdf,6,6,keyword_candidates_require_tutor_review
113-1-33-24,放射線器材學（包括磁振學與超音波學）,X光產生與能譜,sources/113_1/33_Q.pdf,6,7,keyword_candidates_require_tutor_review
113-1-33-25,放射線器材學（包括磁振學與超音波學）,放射生物學;超音波原理與技術;影像品質與數位影像,sources/113_1/33_Q.pdf,7,7,keyword_candidates_require_tutor_review
113-1-33-26,放射線器材學（包括磁振學與超音波學）,衰減與屏蔽;超音波原理與技術,sources/113_1/33_Q.pdf,7,7,keyword_candidates_require_tutor_review
113-1-33-27,放射線器材學（包括磁振學與超音波學）,超音波原理與技術;影像品質與數位影像,sources/113_1/33_Q.pdf,7,7,keyword_candidates_require_tutor_review
113-1-33-28,放射線器材學（包括磁振學與超音波學）,超音波原理與技術;影像品質與數位影像,sources/113_1/33_Q.pdf,7,7,keyword_candidates_require_tutor_review
113-1-33-29,放射線器材學（包括磁振學與超音波學）,衰減與屏蔽;超音波原理與技術,sources/113_1/33_Q.pdf,7,7,keyword_candidates_require_tutor_review
113-1-33-30,放射線器材學（包括磁振學與超音波學）,超音波原理與技術,sources/113_1/33_Q.pdf,7,8,keyword_candidates_require_tutor_review
113-1-33-31,放射線器材學（包括磁振學與超音波學）,超音波原理與技術;影像品質與數位影像,sources/113_1/33_Q.pdf,8,8,keyword_candidates_require_tutor_review
113-1-33-32,放射線器材學（包括磁振學與超音波學）,超音波原理與技術,sources/113_1/33_Q.pdf,8,8,keyword_candidates_require_tutor_review
113-1-33-33,放射線器材學（包括磁振學與超音波學）,衰減與屏蔽;MRI原理與技術,sources/113_1/33_Q.pdf,8,8,keyword_candidates_require_tutor_review
113-1-33-34,放射線器材學（包括磁振學與超音波學）,MRI原理與技術;影像品質與數位影像,sources/113_1/33_Q.pdf,8,8,keyword_candidates_require_tutor_review
113-1-33-35,放射線器材學（包括磁振學與超音波學）,MRI原理與技術;影像品質與數位影像,sources/113_1/33_Q.pdf,8,8,keyword_candidates_require_tutor_review
113-1-33-36,放射線器材學（包括磁振學與超音波學）,影像品質與數位影像,sources/113_1/33_Q.pdf,8,9,keyword_candidates_require_tutor_review
113-1-33-37,放射線器材學（包括磁振學與超音波學）,放療設備與品保,sources/113_1/33_Q.pdf,9,9,keyword_candidates_require_tutor_review
113-1-33-38,放射線器材學（包括磁振學與超音波學）,衰減與屏蔽;MRI原理與技術,sources/113_1/33_Q.pdf,9,9,keyword_candidates_require_tutor_review
113-1-33-39,放射線器材學（包括磁振學與超音波學）,MRI原理與技術;影像品質與數位影像,sources/113_1/33_Q.pdf,9,9,keyword_candidates_require_tutor_review
113-1-33-40,放射線器材學（包括磁振學與超音波學）,MRI原理與技術;骨骼肌肉解剖與病理,sources/113_1/33_Q.pdf,9,9,keyword_candidates_require_tutor_review
113-1-33-41,放射線器材學（包括磁振學與超音波學）,MRI原理與技術,sources/113_1/33_Q.pdf,9,10,keyword_candidates_require_tutor_review
113-1-33-42,放射線器材學（包括磁振學與超音波學）,MRI原理與技術,sources/113_1/33_Q.pdf,10,10,keyword_candidates_require_tutor_review
113-1-33-43,放射線器材學（包括磁振學與超音波學）,MRI原理與技術,sources/113_1/33_Q.pdf,10,10,keyword_candidates_require_tutor_review
113-1-33-44,放射線器材學（包括磁振學與超音波學）,,sources/113_1/33_Q.pdf,10,10,keyword_candidates_require_tutor_review
113-1-33-45,放射線器材學（包括磁振學與超音波學）,MRI原理與技術,sources/113_1/33_Q.pdf,10,10,keyword_candidates_require_tutor_review
113-1-33-46,放射線器材學（包括磁振學與超音波學）,MRI原理與技術,sources/113_1/33_Q.pdf,10,10,keyword_candidates_require_tutor_review
113-1-33-47,放射線器材學（包括磁振學與超音波學）,MRI原理與技術,sources/113_1/33_Q.pdf,11,11,keyword_candidates_require_tutor_review
113-1-33-48,放射線器材學（包括磁振學與超音波學）,輻射量與劑量學;放射治療計畫與劑量,sources/113_1/33_Q.pdf,11,11,keyword_candidates_require_tutor_review
113-1-33-49,放射線器材學（包括磁振學與超音波學）,輻射量與劑量學;放射治療計畫與劑量,sources/113_1/33_Q.pdf,11,11,keyword_candidates_require_tutor_review
113-1-33-50,放射線器材學（包括磁振學與超音波學）,放療設備與品保,sources/113_1/33_Q.pdf,11,11,keyword_candidates_require_tutor_review
113-1-33-51,放射線器材學（包括磁振學與超音波學）,光子與物質交互作用,sources/113_1/33_Q.pdf,11,12,keyword_candidates_require_tutor_review
113-1-33-52,放射線器材學（包括磁振學與超音波學）,,sources/113_1/33_Q.pdf,12,12,keyword_candidates_require_tutor_review
113-1-33-53,放射線器材學（包括磁振學與超音波學）,放射治療計畫與劑量;呼吸系統,sources/113_1/33_Q.pdf,12,12,keyword_candidates_require_tutor_review
113-1-33-54,放射線器材學（包括磁振學與超音波學）,衰減與屏蔽,sources/113_1/33_Q.pdf,12,12,keyword_candidates_require_tutor_review
113-1-33-55,放射線器材學（包括磁振學與超音波學）,放射治療計畫與劑量,sources/113_1/33_Q.pdf,12,12,keyword_candidates_require_tutor_review
113-1-33-56,放射線器材學（包括磁振學與超音波學）,放射治療計畫與劑量,sources/113_1/33_Q.pdf,12,13,keyword_candidates_require_tutor_review
113-1-33-57,放射線器材學（包括磁振學與超音波學）,放射治療計畫與劑量;癌症與臨床放療,sources/113_1/33_Q.pdf,13,13,keyword_candidates_require_tutor_review
113-1-33-58,放射線器材學（包括磁振學與超音波學）,放射治療計畫與劑量,sources/113_1/33_Q.pdf,13,13,keyword_candidates_require_tutor_review
113-1-33-59,放射線器材學（包括磁振學與超音波學）,放療設備與品保,sources/113_1/33_Q.pdf,13,13,keyword_candidates_require_tutor_review
113-1-33-60,放射線器材學（包括磁振學與超音波學）,,sources/113_1/33_Q.pdf,13,13,keyword_candidates_require_tutor_review
113-1-33-61,放射線器材學（包括磁振學與超音波學）,X光產生與能譜;放射治療計畫與劑量;放療設備與品保,sources/113_1/33_Q.pdf,13,13,keyword_candidates_require_tutor_review
113-1-33-62,放射線器材學（包括磁振學與超音波學）,X光產生與能譜;輻射量與劑量學;放射治療計畫與劑量;放療設備與品保,sources/113_1/33_Q.pdf,13,14,keyword_candidates_require_tutor_review
113-1-33-63,放射線器材學（包括磁振學與超音波學）,,sources/113_1/33_Q.pdf,14,14,keyword_candidates_require_tutor_review
113-1-33-64,放射線器材學（包括磁振學與超音波學）,放射藥物與核種製備;放射治療計畫與劑量,sources/113_1/33_Q.pdf,14,14,keyword_candidates_require_tutor_review
113-1-33-65,放射線器材學（包括磁振學與超音波學）,,sources/113_1/33_Q.pdf,14,14,keyword_candidates_require_tutor_review
113-1-33-66,放射線器材學（包括磁振學與超音波學）,偵檢器與計數統計;影像品質與數位影像,sources/113_1/33_Q.pdf,14,15,keyword_candidates_require_tutor_review
113-1-33-67,放射線器材學（包括磁振學與超音波學）,偵檢器與計數統計;核醫SPECT與加馬攝影機,sources/113_1/33_Q.pdf,15,15,keyword_candidates_require_tutor_review
113-1-33-68,放射線器材學（包括磁振學與超音波學）,偵檢器與計數統計,sources/113_1/33_Q.pdf,15,15,keyword_candidates_require_tutor_review
113-1-33-69,放射線器材學（包括磁振學與超音波學）,X光產生與能譜;偵檢器與計數統計,sources/113_1/33_Q.pdf,15,15,keyword_candidates_require_tutor_review
113-1-33-70,放射線器材學（包括磁振學與超音波學）,核醫SPECT與加馬攝影機;內分泌與代謝,sources/113_1/33_Q.pdf,15,15,keyword_candidates_require_tutor_review
113-1-33-71,放射線器材學（包括磁振學與超音波學）,影像品質與數位影像;核醫SPECT與加馬攝影機,sources/113_1/33_Q.pdf,15,15,keyword_candidates_require_tutor_review
113-1-33-72,放射線器材學（包括磁振學與超音波學）,核醫SPECT與加馬攝影機,sources/113_1/33_Q.pdf,15,16,keyword_candidates_require_tutor_review
113-1-33-73,放射線器材學（包括磁振學與超音波學）,影像品質與數位影像;核醫SPECT與加馬攝影機,sources/113_1/33_Q.pdf,16,16,keyword_candidates_require_tutor_review
113-1-33-74,放射線器材學（包括磁振學與超音波學）,半衰期與活度;偵檢器與計數統計;影像品質與數位影像,sources/113_1/33_Q.pdf,16,16,keyword_candidates_require_tutor_review
113-1-33-75,放射線器材學（包括磁振學與超音波學）,衰減與屏蔽;影像品質與數位影像;核醫PET;核醫SPECT與加馬攝影機;放療設備與品保,sources/113_1/33_Q.pdf,16,17,keyword_candidates_require_tutor_review
113-1-33-76,放射線器材學（包括磁振學與超音波學）,偵檢器與計數統計,sources/113_1/33_Q.pdf,17,17,keyword_candidates_require_tutor_review
113-1-33-77,放射線器材學（包括磁振學與超音波學）,底片與影像接受器,sources/113_1/33_Q.pdf,17,17,keyword_candidates_require_tutor_review
113-1-33-78,放射線器材學（包括磁振學與超音波學）,核衰變與核種平衡,sources/113_1/33_Q.pdf,17,17,keyword_candidates_require_tutor_review
113-1-33-79,放射線器材學（包括磁振學與超音波學）,對比劑與特殊攝影,sources/113_1/33_Q.pdf,17,17,keyword_candidates_require_tutor_review
113-1-33-80,放射線器材學（包括磁振學與超音波學）,衰減與屏蔽,sources/113_1/33_Q.pdf,17,17,keyword_candidates_require_tutor_review
113-1-44-01,放射線診斷原理與技術學,,sources/113_1/44_Q.pdf,1,1,keyword_candidates_require_tutor_review
113-1-44-02,放射線診斷原理與技術學,放射藥物與核種製備;放射治療計畫與劑量,sources/113_1/44_Q.pdf,1,1,keyword_candidates_require_tutor_review
113-1-44-03,放射線診斷原理與技術學,攝影擺位與投照,sources/113_1/44_Q.pdf,1,1,keyword_candidates_require_tutor_review
113-1-44-04,放射線診斷原理與技術學,攝影擺位與投照;骨骼肌肉解剖與病理,sources/113_1/44_Q.pdf,1,1,keyword_candidates_require_tutor_review
113-1-44-05,放射線診斷原理與技術學,對比劑與特殊攝影;骨骼肌肉解剖與病理,sources/113_1/44_Q.pdf,1,2,keyword_candidates_require_tutor_review
113-1-44-06,放射線診斷原理與技術學,,sources/113_1/44_Q.pdf,2,2,keyword_candidates_require_tutor_review
113-1-44-07,放射線診斷原理與技術學,X光產生與能譜,sources/113_1/44_Q.pdf,2,2,keyword_candidates_require_tutor_review
113-1-44-08,放射線診斷原理與技術學,影像品質與數位影像,sources/113_1/44_Q.pdf,2,2,keyword_candidates_require_tutor_review
113-1-44-09,放射線診斷原理與技術學,底片與影像接受器;攝影擺位與投照,sources/113_1/44_Q.pdf,2,2,keyword_candidates_require_tutor_review
113-1-44-10,放射線診斷原理與技術學,骨骼肌肉解剖與病理,sources/113_1/44_Q.pdf,2,2,keyword_candidates_require_tutor_review
113-1-44-11,放射線診斷原理與技術學,,sources/113_1/44_Q.pdf,2,3,keyword_candidates_require_tutor_review
113-1-44-12,放射線診斷原理與技術學,,sources/113_1/44_Q.pdf,3,3,keyword_candidates_require_tutor_review
113-1-44-13,放射線診斷原理與技術學,血液免疫與一般病理,sources/113_1/44_Q.pdf,3,3,keyword_candidates_require_tutor_review
113-1-44-14,放射線診斷原理與技術學,,sources/113_1/44_Q.pdf,3,3,keyword_candidates_require_tutor_review
113-1-44-15,放射線診斷原理與技術學,對比劑與特殊攝影;消化系統,sources/113_1/44_Q.pdf,3,3,keyword_candidates_require_tutor_review
113-1-44-16,放射線診斷原理與技術學,癌症與臨床放療;泌尿與生殖系統,sources/113_1/44_Q.pdf,3,3,keyword_candidates_require_tutor_review
113-1-44-17,放射線診斷原理與技術學,CT原理與技術;核醫器官檢查;對比劑與特殊攝影;神經系統;消化系統,sources/113_1/44_Q.pdf,3,4,keyword_candidates_require_tutor_review
113-1-44-18,放射線診斷原理與技術學,影像品質與數位影像;對比劑與特殊攝影,sources/113_1/44_Q.pdf,4,4,keyword_candidates_require_tutor_review
113-1-44-19,放射線診斷原理與技術學,泌尿與生殖系統,sources/113_1/44_Q.pdf,4,4,keyword_candidates_require_tutor_review
113-1-44-20,放射線診斷原理與技術學,攝影擺位與投照;對比劑與特殊攝影;消化系統,sources/113_1/44_Q.pdf,4,5,keyword_candidates_require_tutor_review
113-1-44-21,放射線診斷原理與技術學,,sources/113_1/44_Q.pdf,5,5,keyword_candidates_require_tutor_review
113-1-44-22,放射線診斷原理與技術學,,sources/113_1/44_Q.pdf,5,5,keyword_candidates_require_tutor_review
113-1-44-23,放射線診斷原理與技術學,MRI原理與技術,sources/113_1/44_Q.pdf,5,5,keyword_candidates_require_tutor_review
113-1-44-24,放射線診斷原理與技術學,攝影擺位與投照;泌尿與生殖系統,sources/113_1/44_Q.pdf,5,6,keyword_candidates_require_tutor_review
113-1-44-25,放射線診斷原理與技術學,對比劑與特殊攝影,sources/113_1/44_Q.pdf,6,6,keyword_candidates_require_tutor_review
113-1-44-26,放射線診斷原理與技術學,放射藥物與核種製備;癌症與臨床放療;消化系統,sources/113_1/44_Q.pdf,6,6,keyword_candidates_require_tutor_review
113-1-44-27,放射線診斷原理與技術學,CT原理與技術;神經系統,sources/113_1/44_Q.pdf,6,6,keyword_candidates_require_tutor_review
113-1-44-28,放射線診斷原理與技術學,CT原理與技術;神經系統,sources/113_1/44_Q.pdf,6,7,keyword_candidates_require_tutor_review
113-1-44-29,放射線診斷原理與技術學,CT原理與技術;神經系統,sources/113_1/44_Q.pdf,7,7,keyword_candidates_require_tutor_review
113-1-44-30,放射線診斷原理與技術學,CT原理與技術;底片與影像接受器;神經系統,sources/113_1/44_Q.pdf,7,8,keyword_candidates_require_tutor_review
113-1-44-31,放射線診斷原理與技術學,CT原理與技術;神經系統,sources/113_1/44_Q.pdf,8,8,keyword_candidates_require_tutor_review
113-1-44-32,放射線診斷原理與技術學,影像品質與數位影像,sources/113_1/44_Q.pdf,8,9,keyword_candidates_require_tutor_review
113-1-44-33,放射線診斷原理與技術學,CT原理與技術;影像品質與數位影像,sources/113_1/44_Q.pdf,9,9,keyword_candidates_require_tutor_review
113-1-44-34,放射線診斷原理與技術學,神經系統,sources/113_1/44_Q.pdf,9,9,keyword_candidates_require_tutor_review
113-1-44-35,放射線診斷原理與技術學,CT原理與技術;放射藥物與核種製備;神經系統,sources/113_1/44_Q.pdf,9,10,keyword_candidates_require_tutor_review
113-1-44-36,放射線診斷原理與技術學,CT原理與技術;影像品質與數位影像,sources/113_1/44_Q.pdf,10,10,keyword_candidates_require_tutor_review
113-1-44-37,放射線診斷原理與技術學,CT原理與技術;影像品質與數位影像;神經系統,sources/113_1/44_Q.pdf,10,10,keyword_candidates_require_tutor_review
113-1-44-38,放射線診斷原理與技術學,偵檢器與計數統計;CT原理與技術;神經系統,sources/113_1/44_Q.pdf,10,10,keyword_candidates_require_tutor_review
113-1-44-39,放射線診斷原理與技術學,CT原理與技術;癌症與臨床放療;神經系統,sources/113_1/44_Q.pdf,10,10,keyword_candidates_require_tutor_review
113-1-44-40,放射線診斷原理與技術學,CT原理與技術;神經系統,sources/113_1/44_Q.pdf,10,10,keyword_candidates_require_tutor_review
113-1-44-41,放射線診斷原理與技術學,衰減與屏蔽;CT原理與技術,sources/113_1/44_Q.pdf,10,11,keyword_candidates_require_tutor_review
113-1-44-42,放射線診斷原理與技術學,CT原理與技術;神經系統,sources/113_1/44_Q.pdf,11,11,keyword_candidates_require_tutor_review
113-1-44-43,放射線診斷原理與技術學,MRI原理與技術;對比劑與特殊攝影,sources/113_1/44_Q.pdf,11,11,keyword_candidates_require_tutor_review
113-1-44-44,放射線診斷原理與技術學,MRI原理與技術,sources/113_1/44_Q.pdf,11,11,keyword_candidates_require_tutor_review
113-1-44-45,放射線診斷原理與技術學,MRI原理與技術;對比劑與特殊攝影;泌尿與生殖系統,sources/113_1/44_Q.pdf,11,11,keyword_candidates_require_tutor_review
113-1-44-46,放射線診斷原理與技術學,MRI原理與技術;核醫SPECT與加馬攝影機,sources/113_1/44_Q.pdf,11,12,keyword_candidates_require_tutor_review
113-1-44-47,放射線診斷原理與技術學,MRI原理與技術;核醫SPECT與加馬攝影機,sources/113_1/44_Q.pdf,12,12,keyword_candidates_require_tutor_review
113-1-44-48,放射線診斷原理與技術學,MRI原理與技術,sources/113_1/44_Q.pdf,12,12,keyword_candidates_require_tutor_review
113-1-44-49,放射線診斷原理與技術學,MRI原理與技術,sources/113_1/44_Q.pdf,12,12,keyword_candidates_require_tutor_review
113-1-44-50,放射線診斷原理與技術學,衰減與屏蔽;MRI原理與技術,sources/113_1/44_Q.pdf,12,12,keyword_candidates_require_tutor_review
113-1-44-51,放射線診斷原理與技術學,MRI原理與技術,sources/113_1/44_Q.pdf,12,12,keyword_candidates_require_tutor_review
113-1-44-52,放射線診斷原理與技術學,MRI原理與技術,sources/113_1/44_Q.pdf,12,13,keyword_candidates_require_tutor_review
113-1-44-53,放射線診斷原理與技術學,MRI原理與技術,sources/113_1/44_Q.pdf,13,13,keyword_candidates_require_tutor_review
113-1-44-54,放射線診斷原理與技術學,MRI原理與技術,sources/113_1/44_Q.pdf,13,13,keyword_candidates_require_tutor_review
113-1-44-55,放射線診斷原理與技術學,,sources/113_1/44_Q.pdf,13,13,keyword_candidates_require_tutor_review
113-1-44-56,放射線診斷原理與技術學,MRI原理與技術;影像品質與數位影像;呼吸系統,sources/113_1/44_Q.pdf,13,14,keyword_candidates_require_tutor_review
113-1-44-57,放射線診斷原理與技術學,MRI原理與技術,sources/113_1/44_Q.pdf,14,14,keyword_candidates_require_tutor_review
113-1-44-58,放射線診斷原理與技術學,MRI原理與技術,sources/113_1/44_Q.pdf,14,14,keyword_candidates_require_tutor_review
113-1-44-59,放射線診斷原理與技術學,,sources/113_1/44_Q.pdf,14,14,keyword_candidates_require_tutor_review
113-1-44-60,放射線診斷原理與技術學,MRI原理與技術,sources/113_1/44_Q.pdf,14,14,keyword_candidates_require_tutor_review
113-1-44-61,放射線診斷原理與技術學,超音波原理與技術;癌症與臨床放療;血液免疫與一般病理,sources/113_1/44_Q.pdf,14,14,keyword_candidates_require_tutor_review
113-1-44-62,放射線診斷原理與技術學,超音波原理與技術;癌症與臨床放療,sources/113_1/44_Q.pdf,14,15,keyword_candidates_require_tutor_review
113-1-44-63,放射線診斷原理與技術學,超音波原理與技術;消化系統,sources/113_1/44_Q.pdf,15,15,keyword_candidates_require_tutor_review
113-1-44-64,放射線診斷原理與技術學,偵檢器與計數統計;超音波原理與技術;影像品質與數位影像;泌尿與生殖系統,sources/113_1/44_Q.pdf,15,15,keyword_candidates_require_tutor_review
113-1-44-65,放射線診斷原理與技術學,超音波原理與技術;消化系統,sources/113_1/44_Q.pdf,15,15,keyword_candidates_require_tutor_review
113-1-44-66,放射線診斷原理與技術學,超音波原理與技術,sources/113_1/44_Q.pdf,15,15,keyword_candidates_require_tutor_review
113-1-44-67,放射線診斷原理與技術學,超音波原理與技術;消化系統,sources/113_1/44_Q.pdf,15,15,keyword_candidates_require_tutor_review
113-1-44-68,放射線診斷原理與技術學,超音波原理與技術,sources/113_1/44_Q.pdf,15,16,keyword_candidates_require_tutor_review
113-1-44-69,放射線診斷原理與技術學,超音波原理與技術;內分泌與代謝,sources/113_1/44_Q.pdf,16,16,keyword_candidates_require_tutor_review
113-1-44-70,放射線診斷原理與技術學,超音波原理與技術;內分泌與代謝,sources/113_1/44_Q.pdf,16,16,keyword_candidates_require_tutor_review
113-1-44-71,放射線診斷原理與技術學,超音波原理與技術;心血管系統,sources/113_1/44_Q.pdf,16,16,keyword_candidates_require_tutor_review
113-1-44-72,放射線診斷原理與技術學,CT原理與技術;MRI原理與技術;超音波原理與技術;對比劑與特殊攝影;神經系統;心血管系統;消化系統,sources/113_1/44_Q.pdf,16,17,keyword_candidates_require_tutor_review
113-1-44-73,放射線診斷原理與技術學,影像品質與數位影像,sources/113_1/44_Q.pdf,17,17,keyword_candidates_require_tutor_review
113-1-44-74,放射線診斷原理與技術學,輻射量與劑量學;底片與影像接受器;對比劑與特殊攝影,sources/113_1/44_Q.pdf,17,17,keyword_candidates_require_tutor_review
113-1-44-75,放射線診斷原理與技術學,影像品質與數位影像,sources/113_1/44_Q.pdf,17,17,keyword_candidates_require_tutor_review
113-1-44-76,放射線診斷原理與技術學,MRI原理與技術;骨骼肌肉解剖與病理;心血管系統,sources/113_1/44_Q.pdf,17,17,keyword_candidates_require_tutor_review
113-1-44-77,放射線診斷原理與技術學,,sources/113_1/44_Q.pdf,17,18,keyword_candidates_require_tutor_review
113-1-44-78,放射線診斷原理與技術學,,sources/113_1/44_Q.pdf,18,19,keyword_candidates_require_tutor_review
113-1-44-79,放射線診斷原理與技術學,輻射量與劑量學,sources/113_1/44_Q.pdf,19,19,keyword_candidates_require_tutor_review
113-1-44-80,放射線診斷原理與技術學,,sources/113_1/44_Q.pdf,19,19,keyword_candidates_require_tutor_review
113-1-55-01,放射線治療原理與技術學,癌症與臨床放療,sources/113_1/55_Q.pdf,1,1,keyword_candidates_require_tutor_review
113-1-55-02,放射線治療原理與技術學,,sources/113_1/55_Q.pdf,1,1,keyword_candidates_require_tutor_review
113-1-55-03,放射線治療原理與技術學,放射生物學;血液免疫與一般病理,sources/113_1/55_Q.pdf,1,1,keyword_candidates_require_tutor_review
113-1-55-04,放射線治療原理與技術學,輻射量與劑量學;輻射防護與法規,sources/113_1/55_Q.pdf,1,1,keyword_candidates_require_tutor_review
113-1-55-05,放射線治療原理與技術學,放射生物學;骨骼肌肉解剖與病理,sources/113_1/55_Q.pdf,1,2,keyword_candidates_require_tutor_review
113-1-55-06,放射線治療原理與技術學,放射生物學;放射治療計畫與劑量;癌症與臨床放療;泌尿與生殖系統,sources/113_1/55_Q.pdf,2,2,keyword_candidates_require_tutor_review
113-1-55-07,放射線治療原理與技術學,心血管系統;呼吸系統;消化系統,sources/113_1/55_Q.pdf,2,2,keyword_candidates_require_tutor_review
113-1-55-08,放射線治療原理與技術學,癌症與臨床放療;血液免疫與一般病理,sources/113_1/55_Q.pdf,2,2,keyword_candidates_require_tutor_review
113-1-55-09,放射線治療原理與技術學,放射生物學,sources/113_1/55_Q.pdf,2,2,keyword_candidates_require_tutor_review
113-1-55-10,放射線治療原理與技術學,MRI原理與技術;癌症與臨床放療,sources/113_1/55_Q.pdf,2,2,keyword_candidates_require_tutor_review
113-1-55-11,放射線治療原理與技術學,輻射防護與法規;近接與特殊放療;癌症與臨床放療,sources/113_1/55_Q.pdf,2,3,keyword_candidates_require_tutor_review
113-1-55-12,放射線治療原理與技術學,放射生物學;癌症與臨床放療,sources/113_1/55_Q.pdf,3,3,keyword_candidates_require_tutor_review
113-1-55-13,放射線治療原理與技術學,放射治療計畫與劑量;放療設備與品保,sources/113_1/55_Q.pdf,3,3,keyword_candidates_require_tutor_review
113-1-55-14,放射線治療原理與技術學,輻射量與劑量學,sources/113_1/55_Q.pdf,3,3,keyword_candidates_require_tutor_review
113-1-55-15,放射線治療原理與技術學,放射治療計畫與劑量,sources/113_1/55_Q.pdf,3,4,keyword_candidates_require_tutor_review
113-1-55-16,放射線治療原理與技術學,近接與特殊放療;骨骼肌肉解剖與病理,sources/113_1/55_Q.pdf,4,4,keyword_candidates_require_tutor_review
113-1-55-17,放射線治療原理與技術學,放射治療計畫與劑量,sources/113_1/55_Q.pdf,4,4,keyword_candidates_require_tutor_review
113-1-55-18,放射線治療原理與技術學,放射治療計畫與劑量,sources/113_1/55_Q.pdf,4,4,keyword_candidates_require_tutor_review
113-1-55-19,放射線治療原理與技術學,放射治療計畫與劑量,sources/113_1/55_Q.pdf,4,4,keyword_candidates_require_tutor_review
113-1-55-20,放射線治療原理與技術學,輻射量與劑量學;放射治療計畫與劑量,sources/113_1/55_Q.pdf,4,4,keyword_candidates_require_tutor_review
113-1-55-21,放射線治療原理與技術學,衰減與屏蔽;X光產生與能譜;輻射量與劑量學,sources/113_1/55_Q.pdf,4,5,keyword_candidates_require_tutor_review
113-1-55-22,放射線治療原理與技術學,放射治療計畫與劑量;癌症與臨床放療;骨骼肌肉解剖與病理;神經系統;消化系統;泌尿與生殖系統,sources/113_1/55_Q.pdf,5,5,keyword_candidates_require_tutor_review
113-1-55-23,放射線治療原理與技術學,放射治療計畫與劑量;癌症與臨床放療;呼吸系統,sources/113_1/55_Q.pdf,5,5,keyword_candidates_require_tutor_review
113-1-55-24,放射線治療原理與技術學,輻射量與劑量學,sources/113_1/55_Q.pdf,5,5,keyword_candidates_require_tutor_review
113-1-55-25,放射線治療原理與技術學,輻射量與劑量學;放射治療計畫與劑量;癌症與臨床放療;神經系統,sources/113_1/55_Q.pdf,5,5,keyword_candidates_require_tutor_review
113-1-55-26,放射線治療原理與技術學,癌症與臨床放療,sources/113_1/55_Q.pdf,5,5,keyword_candidates_require_tutor_review
113-1-55-27,放射線治療原理與技術學,CT原理與技術;MRI原理與技術;放射治療計畫與劑量;癌症與臨床放療,sources/113_1/55_Q.pdf,6,6,keyword_candidates_require_tutor_review
113-1-55-28,放射線治療原理與技術學,癌症與臨床放療;呼吸系統,sources/113_1/55_Q.pdf,6,6,keyword_candidates_require_tutor_review
113-1-55-29,放射線治療原理與技術學,衰減與屏蔽;放射治療計畫與劑量;癌症與臨床放療,sources/113_1/55_Q.pdf,6,7,keyword_candidates_require_tutor_review
113-1-55-30,放射線治療原理與技術學,放射治療計畫與劑量,sources/113_1/55_Q.pdf,7,7,keyword_candidates_require_tutor_review
113-1-55-31,放射線治療原理與技術學,放射治療計畫與劑量,sources/113_1/55_Q.pdf,7,7,keyword_candidates_require_tutor_review
113-1-55-32,放射線治療原理與技術學,放射治療計畫與劑量,sources/113_1/55_Q.pdf,7,7,keyword_candidates_require_tutor_review
113-1-55-33,放射線治療原理與技術學,放射治療計畫與劑量,sources/113_1/55_Q.pdf,7,7,keyword_candidates_require_tutor_review
113-1-55-34,放射線治療原理與技術學,輻射量與劑量學;放射治療計畫與劑量;放療設備與品保;癌症與臨床放療,sources/113_1/55_Q.pdf,7,7,keyword_candidates_require_tutor_review
113-1-55-35,放射線治療原理與技術學,放療設備與品保,sources/113_1/55_Q.pdf,7,8,keyword_candidates_require_tutor_review
113-1-55-36,放射線治療原理與技術學,輻射量與劑量學;MRI原理與技術;放射治療計畫與劑量,sources/113_1/55_Q.pdf,8,8,keyword_candidates_require_tutor_review
113-1-55-37,放射線治療原理與技術學,核衰變與核種平衡;近接與特殊放療,sources/113_1/55_Q.pdf,8,8,keyword_candidates_require_tutor_review
113-1-55-38,放射線治療原理與技術學,半衰期與活度;衰減與屏蔽;輻射量與劑量學;近接與特殊放療,sources/113_1/55_Q.pdf,8,8,keyword_candidates_require_tutor_review
113-1-55-39,放射線治療原理與技術學,衰減與屏蔽;放射藥物與核種製備;近接與特殊放療;癌症與臨床放療,sources/113_1/55_Q.pdf,8,8,keyword_candidates_require_tutor_review
113-1-55-40,放射線治療原理與技術學,輻射量與劑量學;近接與特殊放療;癌症與臨床放療;對比劑與特殊攝影;骨骼肌肉解剖與病理;泌尿與生殖系統,sources/113_1/55_Q.pdf,8,9,keyword_candidates_require_tutor_review
113-1-55-41,放射線治療原理與技術學,近接與特殊放療;癌症與臨床放療;泌尿與生殖系統,sources/113_1/55_Q.pdf,9,9,keyword_candidates_require_tutor_review
113-1-55-42,放射線治療原理與技術學,癌症與臨床放療;泌尿與生殖系統,sources/113_1/55_Q.pdf,9,9,keyword_candidates_require_tutor_review
113-1-55-43,放射線治療原理與技術學,近接與特殊放療;血液免疫與一般病理,sources/113_1/55_Q.pdf,9,9,keyword_candidates_require_tutor_review
113-1-55-44,放射線治療原理與技術學,近接與特殊放療;癌症與臨床放療;泌尿與生殖系統,sources/113_1/55_Q.pdf,9,9,keyword_candidates_require_tutor_review
113-1-55-45,放射線治療原理與技術學,半衰期與活度;輻射量與劑量學;MRI原理與技術;近接與特殊放療,sources/113_1/55_Q.pdf,9,9,keyword_candidates_require_tutor_review
113-1-55-46,放射線治療原理與技術學,,sources/113_1/55_Q.pdf,9,10,keyword_candidates_require_tutor_review
113-1-55-47,放射線治療原理與技術學,半衰期與活度;放射治療計畫與劑量;近接與特殊放療,sources/113_1/55_Q.pdf,10,10,keyword_candidates_require_tutor_review
113-1-55-48,放射線治療原理與技術學,衰減與屏蔽;近接與特殊放療,sources/113_1/55_Q.pdf,10,10,keyword_candidates_require_tutor_review
113-1-55-49,放射線治療原理與技術學,癌症與臨床放療;呼吸系統;血液免疫與一般病理,sources/113_1/55_Q.pdf,10,10,keyword_candidates_require_tutor_review
113-1-55-50,放射線治療原理與技術學,輻射量與劑量學;底片與影像接受器;近接與特殊放療,sources/113_1/55_Q.pdf,10,10,keyword_candidates_require_tutor_review
113-1-55-51,放射線治療原理與技術學,癌症與臨床放療;神經系統;內分泌與代謝,sources/113_1/55_Q.pdf,10,10,keyword_candidates_require_tutor_review
113-1-55-52,放射線治療原理與技術學,衰減與屏蔽;輻射量與劑量學;放射治療計畫與劑量,sources/113_1/55_Q.pdf,10,11,keyword_candidates_require_tutor_review
113-1-55-53,放射線治療原理與技術學,輻射量與劑量學;MRI原理與技術;放射治療計畫與劑量;近接與特殊放療,sources/113_1/55_Q.pdf,11,11,keyword_candidates_require_tutor_review
113-1-55-54,放射線治療原理與技術學,,sources/113_1/55_Q.pdf,11,11,keyword_candidates_require_tutor_review
113-1-55-55,放射線治療原理與技術學,核衰變與核種平衡;衰減與屏蔽;輻射防護與法規;CT原理與技術;MRI原理與技術;超音波原理與技術;核醫PET;癌症與臨床放療;泌尿與生殖系統,sources/113_1/55_Q.pdf,11,11,keyword_candidates_require_tutor_review
113-1-55-56,放射線治療原理與技術學,,sources/113_1/55_Q.pdf,11,11,keyword_candidates_require_tutor_review
113-1-55-57,放射線治療原理與技術學,MRI原理與技術;近接與特殊放療;癌症與臨床放療,sources/113_1/55_Q.pdf,11,12,keyword_candidates_require_tutor_review
113-1-55-58,放射線治療原理與技術學,輻射量與劑量學;癌症與臨床放療;神經系統,sources/113_1/55_Q.pdf,12,12,keyword_candidates_require_tutor_review
113-1-55-59,放射線治療原理與技術學,放射治療計畫與劑量;癌症與臨床放療,sources/113_1/55_Q.pdf,12,12,keyword_candidates_require_tutor_review
113-1-55-60,放射線治療原理與技術學,輻射量與劑量學;放射治療計畫與劑量,sources/113_1/55_Q.pdf,12,12,keyword_candidates_require_tutor_review
113-1-55-61,放射線治療原理與技術學,CT原理與技術;核醫SPECT與加馬攝影機;放射治療計畫與劑量;放療設備與品保,sources/113_1/55_Q.pdf,12,12,keyword_candidates_require_tutor_review
113-1-55-62,放射線治療原理與技術學,癌症與臨床放療;呼吸系統;消化系統;泌尿與生殖系統,sources/113_1/55_Q.pdf,12,13,keyword_candidates_require_tutor_review
113-1-55-63,放射線治療原理與技術學,放療設備與品保;近接與特殊放療;癌症與臨床放療;神經系統,sources/113_1/55_Q.pdf,13,13,keyword_candidates_require_tutor_review
113-1-55-64,放射線治療原理與技術學,放射治療計畫與劑量;攝影擺位與投照,sources/113_1/55_Q.pdf,13,13,keyword_candidates_require_tutor_review
113-1-55-65,放射線治療原理與技術學,放射治療計畫與劑量,sources/113_1/55_Q.pdf,13,13,keyword_candidates_require_tutor_review
113-1-55-66,放射線治療原理與技術學,放射治療計畫與劑量,sources/113_1/55_Q.pdf,13,13,keyword_candidates_require_tutor_review
113-1-55-67,放射線治療原理與技術學,輻射量與劑量學;輻射防護與法規;MRI原理與技術;癌症與臨床放療,sources/113_1/55_Q.pdf,13,13,keyword_candidates_require_tutor_review
113-1-55-68,放射線治療原理與技術學,核醫SPECT與加馬攝影機;放射治療計畫與劑量;攝影擺位與投照,sources/113_1/55_Q.pdf,13,14,keyword_candidates_require_tutor_review
113-1-55-69,放射線治療原理與技術學,輻射防護與法規;核醫SPECT與加馬攝影機;放療設備與品保,sources/113_1/55_Q.pdf,14,14,keyword_candidates_require_tutor_review
113-1-55-70,放射線治療原理與技術學,放射治療計畫與劑量;放療設備與品保,sources/113_1/55_Q.pdf,14,14,keyword_candidates_require_tutor_review
113-1-55-71,放射線治療原理與技術學,輻射量與劑量學;放射治療計畫與劑量,sources/113_1/55_Q.pdf,14,14,keyword_candidates_require_tutor_review
113-1-55-72,放射線治療原理與技術學,輻射量與劑量學;偵檢器與計數統計,sources/113_1/55_Q.pdf,14,14,keyword_candidates_require_tutor_review
113-1-55-73,放射線治療原理與技術學,輻射量與劑量學;輻射防護與法規;放療設備與品保,sources/113_1/55_Q.pdf,14,14,keyword_candidates_require_tutor_review
113-1-55-74,放射線治療原理與技術學,輻射防護與法規;近接與特殊放療,sources/113_1/55_Q.pdf,14,15,keyword_candidates_require_tutor_review
113-1-55-75,放射線治療原理與技術學,輻射量與劑量學;近接與特殊放療,sources/113_1/55_Q.pdf,15,15,keyword_candidates_require_tutor_review
113-1-55-76,放射線治療原理與技術學,輻射量與劑量學;偵檢器與計數統計;底片與影像接受器;放射治療計畫與劑量,sources/113_1/55_Q.pdf,15,15,keyword_candidates_require_tutor_review
113-1-55-77,放射線治療原理與技術學,放療設備與品保;癌症與臨床放療,sources/113_1/55_Q.pdf,15,15,keyword_candidates_require_tutor_review
113-1-55-78,放射線治療原理與技術學,輻射防護與法規;核醫SPECT與加馬攝影機;放療設備與品保,sources/113_1/55_Q.pdf,15,15,keyword_candidates_require_tutor_review
113-1-55-79,放射線治療原理與技術學,輻射量與劑量學;偵檢器與計數統計,sources/113_1/55_Q.pdf,15,15,keyword_candidates_require_tutor_review
113-1-55-80,放射線治療原理與技術學,輻射防護與法規;放療設備與品保,sources/113_1/55_Q.pdf,16,16,keyword_candidates_require_tutor_review
113-1-66-01,核子醫學診療原理與技術學,半衰期與活度;核醫PET;核醫SPECT與加馬攝影機;放射藥物與核種製備;攝影擺位與投照,sources/113_1/66_Q.pdf,1,1,keyword_candidates_require_tutor_review
113-1-66-02,核子醫學診療原理與技術學,核醫PET;癌症與臨床放療;神經系統,sources/113_1/66_Q.pdf,1,1,keyword_candidates_require_tutor_review
113-1-66-03,核子醫學診療原理與技術學,核衰變與核種平衡,sources/113_1/66_Q.pdf,1,1,keyword_candidates_require_tutor_review
113-1-66-04,核子醫學診療原理與技術學,核衰變與核種平衡;癌症與臨床放療;血液免疫與一般病理,sources/113_1/66_Q.pdf,1,1,keyword_candidates_require_tutor_review
113-1-66-05,核子醫學診療原理與技術學,放射藥物與核種製備,sources/113_1/66_Q.pdf,1,2,keyword_candidates_require_tutor_review
113-1-66-06,核子醫學診療原理與技術學,核衰變與核種平衡,sources/113_1/66_Q.pdf,2,2,keyword_candidates_require_tutor_review
113-1-66-07,核子醫學診療原理與技術學,核醫PET;核醫器官檢查;骨骼肌肉解剖與病理;神經系統;呼吸系統,sources/113_1/66_Q.pdf,2,2,keyword_candidates_require_tutor_review
113-1-66-08,核子醫學診療原理與技術學,半衰期與活度,sources/113_1/66_Q.pdf,2,2,keyword_candidates_require_tutor_review
113-1-66-09,核子醫學診療原理與技術學,放射藥物與核種製備,sources/113_1/66_Q.pdf,2,2,keyword_candidates_require_tutor_review
113-1-66-10,核子醫學診療原理與技術學,核衰變與核種平衡;半衰期與活度;骨骼肌肉解剖與病理,sources/113_1/66_Q.pdf,2,2,keyword_candidates_require_tutor_review
113-1-66-11,核子醫學診療原理與技術學,核醫SPECT與加馬攝影機;放射藥物與核種製備;核醫器官檢查;心血管系統,sources/113_1/66_Q.pdf,2,3,keyword_candidates_require_tutor_review
113-1-66-12,核子醫學診療原理與技術學,核衰變與核種平衡,sources/113_1/66_Q.pdf,3,3,keyword_candidates_require_tutor_review
113-1-66-13,核子醫學診療原理與技術學,半衰期與活度;MRI原理與技術;血液免疫與一般病理,sources/113_1/66_Q.pdf,3,3,keyword_candidates_require_tutor_review
113-1-66-14,核子醫學診療原理與技術學,放射生物學,sources/113_1/66_Q.pdf,3,3,keyword_candidates_require_tutor_review
113-1-66-15,核子醫學診療原理與技術學,放射生物學;癌症與臨床放療,sources/113_1/66_Q.pdf,3,3,keyword_candidates_require_tutor_review
113-1-66-16,核子醫學診療原理與技術學,放射藥物與核種製備;核醫器官檢查;呼吸系統,sources/113_1/66_Q.pdf,3,4,keyword_candidates_require_tutor_review
113-1-66-17,核子醫學診療原理與技術學,核衰變與核種平衡;核醫PET,sources/113_1/66_Q.pdf,4,4,keyword_candidates_require_tutor_review
113-1-66-18,核子醫學診療原理與技術學,心血管系統,sources/113_1/66_Q.pdf,4,4,keyword_candidates_require_tutor_review
113-1-66-19,核子醫學診療原理與技術學,核醫器官檢查;心血管系統,sources/113_1/66_Q.pdf,4,4,keyword_candidates_require_tutor_review
113-1-66-20,核子醫學診療原理與技術學,MRI原理與技術;放射藥物與核種製備;心血管系統,sources/113_1/66_Q.pdf,4,4,keyword_candidates_require_tutor_review
113-1-66-21,核子醫學診療原理與技術學,MRI原理與技術;放射藥物與核種製備;攝影擺位與投照,sources/113_1/66_Q.pdf,4,4,keyword_candidates_require_tutor_review
113-1-66-22,核子醫學診療原理與技術學,核醫PET;神經系統,sources/113_1/66_Q.pdf,4,5,keyword_candidates_require_tutor_review
113-1-66-23,核子醫學診療原理與技術學,核衰變與核種平衡;核醫PET;放射藥物與核種製備;攝影擺位與投照;神經系統,sources/113_1/66_Q.pdf,5,5,keyword_candidates_require_tutor_review
113-1-66-24,核子醫學診療原理與技術學,MRI原理與技術;核醫SPECT與加馬攝影機;神經系統,sources/113_1/66_Q.pdf,5,5,keyword_candidates_require_tutor_review
113-1-66-25,核子醫學診療原理與技術學,心血管系統,sources/113_1/66_Q.pdf,5,5,keyword_candidates_require_tutor_review
113-1-66-26,核子醫學診療原理與技術學,神經系統;心血管系統,sources/113_1/66_Q.pdf,5,5,keyword_candidates_require_tutor_review
113-1-66-27,核子醫學診療原理與技術學,MRI原理與技術;底片與影像接受器;核醫PET;放射藥物與核種製備;心血管系統;血液免疫與一般病理,sources/113_1/66_Q.pdf,5,5,keyword_candidates_require_tutor_review
113-1-66-28,核子醫學診療原理與技術學,放射藥物與核種製備;骨骼肌肉解剖與病理;消化系統,sources/113_1/66_Q.pdf,5,6,keyword_candidates_require_tutor_review
113-1-66-29,核子醫學診療原理與技術學,核衰變與核種平衡;MRI原理與技術;放射藥物與核種製備;核醫器官檢查;骨骼肌肉解剖與病理;泌尿與生殖系統,sources/113_1/66_Q.pdf,6,6,keyword_candidates_require_tutor_review
113-1-66-30,核子醫學診療原理與技術學,核醫PET;放射藥物與核種製備;癌症與臨床放療;骨骼肌肉解剖與病理,sources/113_1/66_Q.pdf,6,6,keyword_candidates_require_tutor_review
113-1-66-31,核子醫學診療原理與技術學,核醫PET;骨骼肌肉解剖與病理;內分泌與代謝,sources/113_1/66_Q.pdf,6,6,keyword_candidates_require_tutor_review
113-1-66-32,核子醫學診療原理與技術學,MRI原理與技術;癌症與臨床放療;呼吸系統,sources/113_1/66_Q.pdf,6,6,keyword_candidates_require_tutor_review
113-1-66-33,核子醫學診療原理與技術學,核衰變與核種平衡;MRI原理與技術,sources/113_1/66_Q.pdf,6,7,keyword_candidates_require_tutor_review
113-1-66-34,核子醫學診療原理與技術學,核醫PET;神經系統;消化系統;內分泌與代謝,sources/113_1/66_Q.pdf,7,7,keyword_candidates_require_tutor_review
113-1-66-35,核子醫學診療原理與技術學,核醫PET;癌症與臨床放療;消化系統,sources/113_1/66_Q.pdf,7,7,keyword_candidates_require_tutor_review
113-1-66-36,核子醫學診療原理與技術學,偵檢器與計數統計;MRI原理與技術;超音波原理與技術;核醫PET;放射藥物與核種製備;癌症與臨床放療;內分泌與代謝,sources/113_1/66_Q.pdf,7,7,keyword_candidates_require_tutor_review
113-1-66-37,核子醫學診療原理與技術學,核醫PET;血液免疫與一般病理,sources/113_1/66_Q.pdf,7,7,keyword_candidates_require_tutor_review
113-1-66-38,核子醫學診療原理與技術學,放射藥物與核種製備;攝影擺位與投照;泌尿與生殖系統,sources/113_1/66_Q.pdf,7,7,keyword_candidates_require_tutor_review
113-1-66-39,核子醫學診療原理與技術學,MRI原理與技術;攝影擺位與投照,sources/113_1/66_Q.pdf,7,8,keyword_candidates_require_tutor_review
113-1-66-40,核子醫學診療原理與技術學,放射藥物與核種製備;泌尿與生殖系統,sources/113_1/66_Q.pdf,8,8,keyword_candidates_require_tutor_review
113-1-66-41,核子醫學診療原理與技術學,放射藥物與核種製備;泌尿與生殖系統,sources/113_1/66_Q.pdf,8,9,keyword_candidates_require_tutor_review
113-1-66-42,核子醫學診療原理與技術學,偵檢器與計數統計;放射藥物與核種製備;內分泌與代謝,sources/113_1/66_Q.pdf,9,9,keyword_candidates_require_tutor_review
113-1-66-43,核子醫學診療原理與技術學,癌症與臨床放療;內分泌與代謝,sources/113_1/66_Q.pdf,9,10,keyword_candidates_require_tutor_review
113-1-66-44,核子醫學診療原理與技術學,癌症與臨床放療;對比劑與特殊攝影;神經系統;消化系統;內分泌與代謝,sources/113_1/66_Q.pdf,10,10,keyword_candidates_require_tutor_review
113-1-66-45,核子醫學診療原理與技術學,核醫SPECT與加馬攝影機;癌症與臨床放療;呼吸系統;內分泌與代謝;血液免疫與一般病理,sources/113_1/66_Q.pdf,10,11,keyword_candidates_require_tutor_review
113-1-66-46,核子醫學診療原理與技術學,偵檢器與計數統計,sources/113_1/66_Q.pdf,11,11,keyword_candidates_require_tutor_review
113-1-66-47,核子醫學診療原理與技術學,MRI原理與技術;內分泌與代謝,sources/113_1/66_Q.pdf,11,11,keyword_candidates_require_tutor_review
113-1-66-48,核子醫學診療原理與技術學,半衰期與活度;核醫PET,sources/113_1/66_Q.pdf,11,12,keyword_candidates_require_tutor_review
113-1-66-49,核子醫學診療原理與技術學,偵檢器與計數統計;核醫器官檢查;骨骼肌肉解剖與病理;泌尿與生殖系統,sources/113_1/66_Q.pdf,12,12,keyword_candidates_require_tutor_review
113-1-66-50,核子醫學診療原理與技術學,偵檢器與計數統計;放射藥物與核種製備;癌症與臨床放療,sources/113_1/66_Q.pdf,12,12,keyword_candidates_require_tutor_review
113-1-66-51,核子醫學診療原理與技術學,放射藥物與核種製備;核醫器官檢查;呼吸系統,sources/113_1/66_Q.pdf,12,12,keyword_candidates_require_tutor_review
113-1-66-52,核子醫學診療原理與技術學,放射藥物與核種製備;消化系統,sources/113_1/66_Q.pdf,12,12,keyword_candidates_require_tutor_review
113-1-66-53,核子醫學診療原理與技術學,放射藥物與核種製備;消化系統;泌尿與生殖系統,sources/113_1/66_Q.pdf,12,12,keyword_candidates_require_tutor_review
113-1-66-54,核子醫學診療原理與技術學,偵檢器與計數統計;放射藥物與核種製備;血液免疫與一般病理,sources/113_1/66_Q.pdf,12,13,keyword_candidates_require_tutor_review
113-1-66-55,核子醫學診療原理與技術學,偵檢器與計數統計;影像品質與數位影像;放射藥物與核種製備,sources/113_1/66_Q.pdf,13,13,keyword_candidates_require_tutor_review
113-1-66-56,核子醫學診療原理與技術學,核衰變與核種平衡;影像品質與數位影像;核醫PET;核醫SPECT與加馬攝影機,sources/113_1/66_Q.pdf,13,13,keyword_candidates_require_tutor_review
113-1-66-57,核子醫學診療原理與技術學,偵檢器與計數統計;放射藥物與核種製備;泌尿與生殖系統,sources/113_1/66_Q.pdf,13,13,keyword_candidates_require_tutor_review
113-1-66-58,核子醫學診療原理與技術學,血液免疫與一般病理,sources/113_1/66_Q.pdf,13,13,keyword_candidates_require_tutor_review
113-1-66-59,核子醫學診療原理與技術學,,sources/113_1/66_Q.pdf,13,13,keyword_candidates_require_tutor_review
113-1-66-60,核子醫學診療原理與技術學,,sources/113_1/66_Q.pdf,13,14,keyword_candidates_require_tutor_review
113-1-66-61,核子醫學診療原理與技術學,血液免疫與一般病理,sources/113_1/66_Q.pdf,14,14,keyword_candidates_require_tutor_review
113-1-66-62,核子醫學診療原理與技術學,血液免疫與一般病理,sources/113_1/66_Q.pdf,14,14,keyword_candidates_require_tutor_review
113-1-66-63,核子醫學診療原理與技術學,衰減與屏蔽,sources/113_1/66_Q.pdf,14,14,keyword_candidates_require_tutor_review
113-1-66-64,核子醫學診療原理與技術學,半衰期與活度,sources/113_1/66_Q.pdf,14,14,keyword_candidates_require_tutor_review
113-1-66-65,核子醫學診療原理與技術學,衰減與屏蔽;輻射量與劑量學;癌症與臨床放療;骨骼肌肉解剖與病理;泌尿與生殖系統,sources/113_1/66_Q.pdf,14,15,keyword_candidates_require_tutor_review
113-1-66-66,核子醫學診療原理與技術學,癌症與臨床放療;消化系統;內分泌與代謝,sources/113_1/66_Q.pdf,15,15,keyword_candidates_require_tutor_review
113-1-66-67,核子醫學診療原理與技術學,核衰變與核種平衡;MRI原理與技術;核醫PET;放射藥物與核種製備;癌症與臨床放療;內分泌與代謝,sources/113_1/66_Q.pdf,15,15,keyword_candidates_require_tutor_review
113-1-66-68,核子醫學診療原理與技術學,半衰期與活度;內分泌與代謝,sources/113_1/66_Q.pdf,15,15,keyword_candidates_require_tutor_review
113-1-66-69,核子醫學診療原理與技術學,影像品質與數位影像,sources/113_1/66_Q.pdf,15,15,keyword_candidates_require_tutor_review
113-1-66-70,核子醫學診療原理與技術學,CT原理與技術;影像品質與數位影像;核醫SPECT與加馬攝影機;放療設備與品保;神經系統,sources/113_1/66_Q.pdf,15,15,keyword_candidates_require_tutor_review
113-1-66-71,核子醫學診療原理與技術學,CT原理與技術;核醫PET,sources/113_1/66_Q.pdf,15,16,keyword_candidates_require_tutor_review
113-1-66-72,核子醫學診療原理與技術學,,sources/113_1/66_Q.pdf,16,16,keyword_candidates_require_tutor_review
113-1-66-73,核子醫學診療原理與技術學,輻射量與劑量學;偵檢器與計數統計,sources/113_1/66_Q.pdf,16,16,keyword_candidates_require_tutor_review
113-1-66-74,核子醫學診療原理與技術學,放射治療計畫與劑量,sources/113_1/66_Q.pdf,16,16,keyword_candidates_require_tutor_review
113-1-66-75,核子醫學診療原理與技術學,輻射量與劑量學,sources/113_1/66_Q.pdf,16,17,keyword_candidates_require_tutor_review
113-1-66-76,核子醫學診療原理與技術學,輻射量與劑量學;偵檢器與計數統計,sources/113_1/66_Q.pdf,17,17,keyword_candidates_require_tutor_review
113-1-66-77,核子醫學診療原理與技術學,核衰變與核種平衡,sources/113_1/66_Q.pdf,17,17,keyword_candidates_require_tutor_review
113-1-66-78,核子醫學診療原理與技術學,放射藥物與核種製備,sources/113_1/66_Q.pdf,17,17,keyword_candidates_require_tutor_review
113-1-66-79,核子醫學診療原理與技術學,核衰變與核種平衡;半衰期與活度;偵檢器與計數統計;放射藥物與核種製備,sources/113_1/66_Q.pdf,17,18,keyword_candidates_require_tutor_review
113-1-66-80,核子醫學診療原理與技術學,CT原理與技術;影像品質與數位影像;神經系統,sources/113_1/66_Q.pdf,18,18,keyword_candidates_require_tutor_review
113-2-11-01,基礎醫學（包括解剖學、生理學與病理學）,MRI原理與技術;神經系統,sources/113_2/11_Q.pdf,1,1,keyword_candidates_require_tutor_review
113-2-11-02,基礎醫學（包括解剖學、生理學與病理學）,MRI原理與技術;神經系統,sources/113_2/11_Q.pdf,1,1,keyword_candidates_require_tutor_review
113-2-11-03,基礎醫學（包括解剖學、生理學與病理學）,,sources/113_2/11_Q.pdf,1,1,keyword_candidates_require_tutor_review
113-2-11-04,基礎醫學（包括解剖學、生理學與病理學）,骨骼肌肉解剖與病理,sources/113_2/11_Q.pdf,1,1,keyword_candidates_require_tutor_review
113-2-11-05,基礎醫學（包括解剖學、生理學與病理學）,骨骼肌肉解剖與病理,sources/113_2/11_Q.pdf,1,2,keyword_candidates_require_tutor_review
113-2-11-06,基礎醫學（包括解剖學、生理學與病理學）,放射生物學;骨骼肌肉解剖與病理,sources/113_2/11_Q.pdf,2,2,keyword_candidates_require_tutor_review
113-2-11-07,基礎醫學（包括解剖學、生理學與病理學）,,sources/113_2/11_Q.pdf,2,2,keyword_candidates_require_tutor_review
113-2-11-08,基礎醫學（包括解剖學、生理學與病理學）,骨骼肌肉解剖與病理,sources/113_2/11_Q.pdf,2,2,keyword_candidates_require_tutor_review
113-2-11-09,基礎醫學（包括解剖學、生理學與病理學）,骨骼肌肉解剖與病理,sources/113_2/11_Q.pdf,2,2,keyword_candidates_require_tutor_review
113-2-11-10,基礎醫學（包括解剖學、生理學與病理學）,骨骼肌肉解剖與病理,sources/113_2/11_Q.pdf,2,2,keyword_candidates_require_tutor_review
113-2-11-11,基礎醫學（包括解剖學、生理學與病理學）,骨骼肌肉解剖與病理,sources/113_2/11_Q.pdf,2,3,keyword_candidates_require_tutor_review
113-2-11-12,基礎醫學（包括解剖學、生理學與病理學）,骨骼肌肉解剖與病理,sources/113_2/11_Q.pdf,3,3,keyword_candidates_require_tutor_review
113-2-11-13,基礎醫學（包括解剖學、生理學與病理學）,骨骼肌肉解剖與病理,sources/113_2/11_Q.pdf,3,3,keyword_candidates_require_tutor_review
113-2-11-14,基礎醫學（包括解剖學、生理學與病理學）,神經系統,sources/113_2/11_Q.pdf,3,3,keyword_candidates_require_tutor_review
113-2-11-15,基礎醫學（包括解剖學、生理學與病理學）,骨骼肌肉解剖與病理;神經系統,sources/113_2/11_Q.pdf,3,3,keyword_candidates_require_tutor_review
113-2-11-16,基礎醫學（包括解剖學、生理學與病理學）,神經系統,sources/113_2/11_Q.pdf,3,3,keyword_candidates_require_tutor_review
113-2-11-17,基礎醫學（包括解剖學、生理學與病理學）,骨骼肌肉解剖與病理;神經系統,sources/113_2/11_Q.pdf,3,4,keyword_candidates_require_tutor_review
113-2-11-18,基礎醫學（包括解剖學、生理學與病理學）,神經系統,sources/113_2/11_Q.pdf,4,4,keyword_candidates_require_tutor_review
113-2-11-19,基礎醫學（包括解剖學、生理學與病理學）,神經系統,sources/113_2/11_Q.pdf,4,4,keyword_candidates_require_tutor_review
113-2-11-20,基礎醫學（包括解剖學、生理學與病理學）,,sources/113_2/11_Q.pdf,4,4,keyword_candidates_require_tutor_review
113-2-11-21,基礎醫學（包括解剖學、生理學與病理學）,內分泌與代謝,sources/113_2/11_Q.pdf,4,4,keyword_candidates_require_tutor_review
113-2-11-22,基礎醫學（包括解剖學、生理學與病理學）,,sources/113_2/11_Q.pdf,4,4,keyword_candidates_require_tutor_review
113-2-11-23,基礎醫學（包括解剖學、生理學與病理學）,骨骼肌肉解剖與病理;呼吸系統,sources/113_2/11_Q.pdf,4,5,keyword_candidates_require_tutor_review
113-2-11-24,基礎醫學（包括解剖學、生理學與病理學）,骨骼肌肉解剖與病理;心血管系統,sources/113_2/11_Q.pdf,5,5,keyword_candidates_require_tutor_review
113-2-11-25,基礎醫學（包括解剖學、生理學與病理學）,,sources/113_2/11_Q.pdf,5,5,keyword_candidates_require_tutor_review
113-2-11-26,基礎醫學（包括解剖學、生理學與病理學）,神經系統,sources/113_2/11_Q.pdf,5,5,keyword_candidates_require_tutor_review
113-2-11-27,基礎醫學（包括解剖學、生理學與病理學）,心血管系統,sources/113_2/11_Q.pdf,5,5,keyword_candidates_require_tutor_review
113-2-11-28,基礎醫學（包括解剖學、生理學與病理學）,骨骼肌肉解剖與病理;心血管系統,sources/113_2/11_Q.pdf,5,5,keyword_candidates_require_tutor_review
113-2-11-29,基礎醫學（包括解剖學、生理學與病理學）,消化系統,sources/113_2/11_Q.pdf,5,6,keyword_candidates_require_tutor_review
113-2-11-30,基礎醫學（包括解剖學、生理學與病理學）,骨骼肌肉解剖與病理,sources/113_2/11_Q.pdf,6,6,keyword_candidates_require_tutor_review
113-2-11-31,基礎醫學（包括解剖學、生理學與病理學）,,sources/113_2/11_Q.pdf,6,6,keyword_candidates_require_tutor_review
113-2-11-32,基礎醫學（包括解剖學、生理學與病理學）,,sources/113_2/11_Q.pdf,6,6,keyword_candidates_require_tutor_review
113-2-11-33,基礎醫學（包括解剖學、生理學與病理學）,MRI原理與技術;泌尿與生殖系統,sources/113_2/11_Q.pdf,6,6,keyword_candidates_require_tutor_review
113-2-11-34,基礎醫學（包括解剖學、生理學與病理學）,,sources/113_2/11_Q.pdf,6,6,keyword_candidates_require_tutor_review
113-2-11-35,基礎醫學（包括解剖學、生理學與病理學）,,sources/113_2/11_Q.pdf,6,7,keyword_candidates_require_tutor_review
113-2-11-36,基礎醫學（包括解剖學、生理學與病理學）,,sources/113_2/11_Q.pdf,7,7,keyword_candidates_require_tutor_review
113-2-11-37,基礎醫學（包括解剖學、生理學與病理學）,,sources/113_2/11_Q.pdf,7,7,keyword_candidates_require_tutor_review
113-2-11-38,基礎醫學（包括解剖學、生理學與病理學）,神經系統,sources/113_2/11_Q.pdf,7,7,keyword_candidates_require_tutor_review
113-2-11-39,基礎醫學（包括解剖學、生理學與病理學）,神經系統,sources/113_2/11_Q.pdf,7,7,keyword_candidates_require_tutor_review
113-2-11-40,基礎醫學（包括解剖學、生理學與病理學）,神經系統;內分泌與代謝,sources/113_2/11_Q.pdf,7,7,keyword_candidates_require_tutor_review
113-2-11-41,基礎醫學（包括解剖學、生理學與病理學）,,sources/113_2/11_Q.pdf,7,8,keyword_candidates_require_tutor_review
113-2-11-42,基礎醫學（包括解剖學、生理學與病理學）,,sources/113_2/11_Q.pdf,8,8,keyword_candidates_require_tutor_review
113-2-11-43,基礎醫學（包括解剖學、生理學與病理學）,,sources/113_2/11_Q.pdf,8,8,keyword_candidates_require_tutor_review
113-2-11-44,基礎醫學（包括解剖學、生理學與病理學）,MRI原理與技術;心血管系統,sources/113_2/11_Q.pdf,8,8,keyword_candidates_require_tutor_review
113-2-11-45,基礎醫學（包括解剖學、生理學與病理學）,,sources/113_2/11_Q.pdf,8,8,keyword_candidates_require_tutor_review
113-2-11-46,基礎醫學（包括解剖學、生理學與病理學）,心血管系統;呼吸系統,sources/113_2/11_Q.pdf,8,8,keyword_candidates_require_tutor_review
113-2-11-47,基礎醫學（包括解剖學、生理學與病理學）,呼吸系統,sources/113_2/11_Q.pdf,8,9,keyword_candidates_require_tutor_review
113-2-11-48,基礎醫學（包括解剖學、生理學與病理學）,呼吸系統,sources/113_2/11_Q.pdf,9,9,keyword_candidates_require_tutor_review
113-2-11-49,基礎醫學（包括解剖學、生理學與病理學）,呼吸系統,sources/113_2/11_Q.pdf,9,9,keyword_candidates_require_tutor_review
113-2-11-50,基礎醫學（包括解剖學、生理學與病理學）,心血管系統;泌尿與生殖系統;血液免疫與一般病理,sources/113_2/11_Q.pdf,9,9,keyword_candidates_require_tutor_review
113-2-11-51,基礎醫學（包括解剖學、生理學與病理學）,泌尿與生殖系統,sources/113_2/11_Q.pdf,9,9,keyword_candidates_require_tutor_review
113-2-11-52,基礎醫學（包括解剖學、生理學與病理學）,泌尿與生殖系統,sources/113_2/11_Q.pdf,9,9,keyword_candidates_require_tutor_review
113-2-11-53,基礎醫學（包括解剖學、生理學與病理學）,消化系統,sources/113_2/11_Q.pdf,9,10,keyword_candidates_require_tutor_review
113-2-11-54,基礎醫學（包括解剖學、生理學與病理學）,消化系統,sources/113_2/11_Q.pdf,10,10,keyword_candidates_require_tutor_review
113-2-11-55,基礎醫學（包括解剖學、生理學與病理學）,骨骼肌肉解剖與病理;內分泌與代謝,sources/113_2/11_Q.pdf,10,10,keyword_candidates_require_tutor_review
113-2-11-56,基礎醫學（包括解剖學、生理學與病理學）,攝影擺位與投照;泌尿與生殖系統;內分泌與代謝,sources/113_2/11_Q.pdf,10,10,keyword_candidates_require_tutor_review
113-2-11-57,基礎醫學（包括解剖學、生理學與病理學）,內分泌與代謝,sources/113_2/11_Q.pdf,10,10,keyword_candidates_require_tutor_review
113-2-11-58,基礎醫學（包括解剖學、生理學與病理學）,消化系統;內分泌與代謝,sources/113_2/11_Q.pdf,10,10,keyword_candidates_require_tutor_review
113-2-11-59,基礎醫學（包括解剖學、生理學與病理學）,血液免疫與一般病理,sources/113_2/11_Q.pdf,10,11,keyword_candidates_require_tutor_review
113-2-11-60,基礎醫學（包括解剖學、生理學與病理學）,骨骼肌肉解剖與病理;內分泌與代謝,sources/113_2/11_Q.pdf,11,11,keyword_candidates_require_tutor_review
113-2-11-61,基礎醫學（包括解剖學、生理學與病理學）,MRI原理與技術;神經系統;心血管系統,sources/113_2/11_Q.pdf,11,11,keyword_candidates_require_tutor_review
113-2-11-62,基礎醫學（包括解剖學、生理學與病理學）,核醫PET,sources/113_2/11_Q.pdf,11,11,keyword_candidates_require_tutor_review
113-2-11-63,基礎醫學（包括解剖學、生理學與病理學）,MRI原理與技術;癌症與臨床放療;神經系統,sources/113_2/11_Q.pdf,11,11,keyword_candidates_require_tutor_review
113-2-11-64,基礎醫學（包括解剖學、生理學與病理學）,癌症與臨床放療,sources/113_2/11_Q.pdf,11,11,keyword_candidates_require_tutor_review
113-2-11-65,基礎醫學（包括解剖學、生理學與病理學）,呼吸系統,sources/113_2/11_Q.pdf,11,12,keyword_candidates_require_tutor_review
113-2-11-66,基礎醫學（包括解剖學、生理學與病理學）,MRI原理與技術;癌症與臨床放療;呼吸系統;血液免疫與一般病理,sources/113_2/11_Q.pdf,12,12,keyword_candidates_require_tutor_review
113-2-11-67,基礎醫學（包括解剖學、生理學與病理學）,呼吸系統,sources/113_2/11_Q.pdf,12,12,keyword_candidates_require_tutor_review
113-2-11-68,基礎醫學（包括解剖學、生理學與病理學）,,sources/113_2/11_Q.pdf,12,12,keyword_candidates_require_tutor_review
113-2-11-69,基礎醫學（包括解剖學、生理學與病理學）,,sources/113_2/11_Q.pdf,12,12,keyword_candidates_require_tutor_review
113-2-11-70,基礎醫學（包括解剖學、生理學與病理學）,癌症與臨床放療;消化系統;血液免疫與一般病理,sources/113_2/11_Q.pdf,12,12,keyword_candidates_require_tutor_review
113-2-11-71,基礎醫學（包括解剖學、生理學與病理學）,呼吸系統;消化系統,sources/113_2/11_Q.pdf,12,13,keyword_candidates_require_tutor_review
113-2-11-72,基礎醫學（包括解剖學、生理學與病理學）,,sources/113_2/11_Q.pdf,13,13,keyword_candidates_require_tutor_review
113-2-11-73,基礎醫學（包括解剖學、生理學與病理學）,,sources/113_2/11_Q.pdf,13,13,keyword_candidates_require_tutor_review
113-2-11-74,基礎醫學（包括解剖學、生理學與病理學）,MRI原理與技術;骨骼肌肉解剖與病理;內分泌與代謝,sources/113_2/11_Q.pdf,13,13,keyword_candidates_require_tutor_review
113-2-11-75,基礎醫學（包括解剖學、生理學與病理學）,癌症與臨床放療,sources/113_2/11_Q.pdf,13,13,keyword_candidates_require_tutor_review
113-2-11-76,基礎醫學（包括解剖學、生理學與病理學）,血液免疫與一般病理,sources/113_2/11_Q.pdf,13,13,keyword_candidates_require_tutor_review
113-2-11-77,基礎醫學（包括解剖學、生理學與病理學）,神經系統;血液免疫與一般病理,sources/113_2/11_Q.pdf,13,14,keyword_candidates_require_tutor_review
113-2-11-78,基礎醫學（包括解剖學、生理學與病理學）,內分泌與代謝;血液免疫與一般病理,sources/113_2/11_Q.pdf,14,14,keyword_candidates_require_tutor_review
113-2-11-79,基礎醫學（包括解剖學、生理學與病理學）,,sources/113_2/11_Q.pdf,14,14,keyword_candidates_require_tutor_review
113-2-11-80,基礎醫學（包括解剖學、生理學與病理學）,神經系統,sources/113_2/11_Q.pdf,14,14,keyword_candidates_require_tutor_review
113-2-22-01,醫學物理學與輻射安全,半衰期與活度;MRI原理與技術,sources/113_2/22_Q.pdf,1,1,keyword_candidates_require_tutor_review
113-2-22-02,醫學物理學與輻射安全,核衰變與核種平衡;半衰期與活度,sources/113_2/22_Q.pdf,1,1,keyword_candidates_require_tutor_review
113-2-22-03,醫學物理學與輻射安全,,sources/113_2/22_Q.pdf,1,1,keyword_candidates_require_tutor_review
113-2-22-04,醫學物理學與輻射安全,,sources/113_2/22_Q.pdf,1,1,keyword_candidates_require_tutor_review
113-2-22-05,醫學物理學與輻射安全,半衰期與活度;衰減與屏蔽,sources/113_2/22_Q.pdf,1,2,keyword_candidates_require_tutor_review
113-2-22-06,醫學物理學與輻射安全,X光產生與能譜;放射治療計畫與劑量,sources/113_2/22_Q.pdf,2,2,keyword_candidates_require_tutor_review
113-2-22-07,醫學物理學與輻射安全,X光產生與能譜,sources/113_2/22_Q.pdf,2,2,keyword_candidates_require_tutor_review
113-2-22-08,醫學物理學與輻射安全,對比劑與特殊攝影,sources/113_2/22_Q.pdf,2,2,keyword_candidates_require_tutor_review
113-2-22-09,醫學物理學與輻射安全,X光產生與能譜,sources/113_2/22_Q.pdf,2,2,keyword_candidates_require_tutor_review
113-2-22-10,醫學物理學與輻射安全,X光產生與能譜,sources/113_2/22_Q.pdf,2,2,keyword_candidates_require_tutor_review
113-2-22-11,醫學物理學與輻射安全,X光產生與能譜;偵檢器與計數統計,sources/113_2/22_Q.pdf,2,3,keyword_candidates_require_tutor_review
113-2-22-12,醫學物理學與輻射安全,輻射量與劑量學;影像品質與數位影像,sources/113_2/22_Q.pdf,3,3,keyword_candidates_require_tutor_review
113-2-22-13,醫學物理學與輻射安全,X光產生與能譜,sources/113_2/22_Q.pdf,3,3,keyword_candidates_require_tutor_review
113-2-22-14,醫學物理學與輻射安全,輻射量與劑量學;MRI原理與技術;放射治療計畫與劑量,sources/113_2/22_Q.pdf,3,3,keyword_candidates_require_tutor_review
113-2-22-15,醫學物理學與輻射安全,輻射量與劑量學;放療設備與品保,sources/113_2/22_Q.pdf,3,3,keyword_candidates_require_tutor_review
113-2-22-16,醫學物理學與輻射安全,底片與影像接受器;對比劑與特殊攝影,sources/113_2/22_Q.pdf,3,4,keyword_candidates_require_tutor_review
113-2-22-17,醫學物理學與輻射安全,影像品質與數位影像;底片與影像接受器,sources/113_2/22_Q.pdf,4,4,keyword_candidates_require_tutor_review
113-2-22-18,醫學物理學與輻射安全,影像品質與數位影像;對比劑與特殊攝影,sources/113_2/22_Q.pdf,4,4,keyword_candidates_require_tutor_review
113-2-22-19,醫學物理學與輻射安全,衰減與屏蔽;CT原理與技術,sources/113_2/22_Q.pdf,4,4,keyword_candidates_require_tutor_review
113-2-22-20,醫學物理學與輻射安全,影像品質與數位影像;底片與影像接受器;神經系統,sources/113_2/22_Q.pdf,4,4,keyword_candidates_require_tutor_review
113-2-22-21,醫學物理學與輻射安全,輻射量與劑量學;放射治療計畫與劑量,sources/113_2/22_Q.pdf,4,4,keyword_candidates_require_tutor_review
113-2-22-22,醫學物理學與輻射安全,輻射量與劑量學;放射治療計畫與劑量;放療設備與品保,sources/113_2/22_Q.pdf,4,5,keyword_candidates_require_tutor_review
113-2-22-23,醫學物理學與輻射安全,光子與物質交互作用;放射治療計畫與劑量,sources/113_2/22_Q.pdf,5,5,keyword_candidates_require_tutor_review
113-2-22-24,醫學物理學與輻射安全,放射治療計畫與劑量;呼吸系統,sources/113_2/22_Q.pdf,5,5,keyword_candidates_require_tutor_review
113-2-22-25,醫學物理學與輻射安全,近接與特殊放療,sources/113_2/22_Q.pdf,5,5,keyword_candidates_require_tutor_review
113-2-22-26,醫學物理學與輻射安全,,sources/113_2/22_Q.pdf,5,6,keyword_candidates_require_tutor_review
113-2-22-27,醫學物理學與輻射安全,核衰變與核種平衡;半衰期與活度,sources/113_2/22_Q.pdf,6,6,keyword_candidates_require_tutor_review
113-2-22-28,醫學物理學與輻射安全,放療設備與品保,sources/113_2/22_Q.pdf,6,6,keyword_candidates_require_tutor_review
113-2-22-29,醫學物理學與輻射安全,,sources/113_2/22_Q.pdf,6,6,keyword_candidates_require_tutor_review
113-2-22-30,醫學物理學與輻射安全,輻射量與劑量學,sources/113_2/22_Q.pdf,6,6,keyword_candidates_require_tutor_review
113-2-22-31,醫學物理學與輻射安全,超音波原理與技術,sources/113_2/22_Q.pdf,6,6,keyword_candidates_require_tutor_review
113-2-22-32,醫學物理學與輻射安全,超音波原理與技術,sources/113_2/22_Q.pdf,6,7,keyword_candidates_require_tutor_review
113-2-22-33,醫學物理學與輻射安全,超音波原理與技術;影像品質與數位影像,sources/113_2/22_Q.pdf,7,7,keyword_candidates_require_tutor_review
113-2-22-34,醫學物理學與輻射安全,放射藥物與核種製備,sources/113_2/22_Q.pdf,7,7,keyword_candidates_require_tutor_review
113-2-22-35,醫學物理學與輻射安全,超音波原理與技術,sources/113_2/22_Q.pdf,7,7,keyword_candidates_require_tutor_review
113-2-22-36,醫學物理學與輻射安全,MRI原理與技術;影像品質與數位影像,sources/113_2/22_Q.pdf,7,7,keyword_candidates_require_tutor_review
113-2-22-37,醫學物理學與輻射安全,MRI原理與技術,sources/113_2/22_Q.pdf,7,7,keyword_candidates_require_tutor_review
113-2-22-38,醫學物理學與輻射安全,核衰變與核種平衡;光子與物質交互作用;MRI原理與技術,sources/113_2/22_Q.pdf,7,8,keyword_candidates_require_tutor_review
113-2-22-39,醫學物理學與輻射安全,MRI原理與技術,sources/113_2/22_Q.pdf,8,8,keyword_candidates_require_tutor_review
113-2-22-40,醫學物理學與輻射安全,MRI原理與技術,sources/113_2/22_Q.pdf,8,8,keyword_candidates_require_tutor_review
113-2-22-41,醫學物理學與輻射安全,X光產生與能譜;輻射量與劑量學,sources/113_2/22_Q.pdf,8,8,keyword_candidates_require_tutor_review
113-2-22-42,醫學物理學與輻射安全,輻射防護與法規;呼吸系統,sources/113_2/22_Q.pdf,8,8,keyword_candidates_require_tutor_review
113-2-22-43,醫學物理學與輻射安全,X光產生與能譜;輻射量與劑量學;輻射防護與法規,sources/113_2/22_Q.pdf,8,9,keyword_candidates_require_tutor_review
113-2-22-44,醫學物理學與輻射安全,輻射量與劑量學,sources/113_2/22_Q.pdf,9,9,keyword_candidates_require_tutor_review
113-2-22-45,醫學物理學與輻射安全,,sources/113_2/22_Q.pdf,9,9,keyword_candidates_require_tutor_review
113-2-22-46,醫學物理學與輻射安全,輻射量與劑量學;輻射防護與法規;影像品質與數位影像,sources/113_2/22_Q.pdf,9,9,keyword_candidates_require_tutor_review
113-2-22-47,醫學物理學與輻射安全,,sources/113_2/22_Q.pdf,9,9,keyword_candidates_require_tutor_review
113-2-22-48,醫學物理學與輻射安全,輻射量與劑量學,sources/113_2/22_Q.pdf,9,9,keyword_candidates_require_tutor_review
113-2-22-49,醫學物理學與輻射安全,輻射量與劑量學;輻射防護與法規,sources/113_2/22_Q.pdf,9,10,keyword_candidates_require_tutor_review
113-2-22-50,醫學物理學與輻射安全,輻射量與劑量學,sources/113_2/22_Q.pdf,10,10,keyword_candidates_require_tutor_review
113-2-22-51,醫學物理學與輻射安全,輻射量與劑量學;MRI原理與技術,sources/113_2/22_Q.pdf,10,10,keyword_candidates_require_tutor_review
113-2-22-52,醫學物理學與輻射安全,偵檢器與計數統計,sources/113_2/22_Q.pdf,10,10,keyword_candidates_require_tutor_review
113-2-22-53,醫學物理學與輻射安全,光子與物質交互作用;衰減與屏蔽;輻射量與劑量學,sources/113_2/22_Q.pdf,10,11,keyword_candidates_require_tutor_review
113-2-22-54,醫學物理學與輻射安全,輻射量與劑量學,sources/113_2/22_Q.pdf,11,11,keyword_candidates_require_tutor_review
113-2-22-55,醫學物理學與輻射安全,輻射量與劑量學;偵檢器與計數統計,sources/113_2/22_Q.pdf,11,11,keyword_candidates_require_tutor_review
113-2-22-56,醫學物理學與輻射安全,輻射量與劑量學;偵檢器與計數統計,sources/113_2/22_Q.pdf,11,11,keyword_candidates_require_tutor_review
113-2-22-57,醫學物理學與輻射安全,衰減與屏蔽;偵檢器與計數統計;放射治療計畫與劑量,sources/113_2/22_Q.pdf,11,11,keyword_candidates_require_tutor_review
113-2-22-58,醫學物理學與輻射安全,衰減與屏蔽;輻射量與劑量學,sources/113_2/22_Q.pdf,11,11,keyword_candidates_require_tutor_review
113-2-22-59,醫學物理學與輻射安全,衰減與屏蔽;輻射防護與法規,sources/113_2/22_Q.pdf,11,12,keyword_candidates_require_tutor_review
113-2-22-60,醫學物理學與輻射安全,衰減與屏蔽,sources/113_2/22_Q.pdf,12,12,keyword_candidates_require_tutor_review
113-2-22-61,醫學物理學與輻射安全,衰減與屏蔽,sources/113_2/22_Q.pdf,12,12,keyword_candidates_require_tutor_review
113-2-22-62,醫學物理學與輻射安全,X光產生與能譜,sources/113_2/22_Q.pdf,12,12,keyword_candidates_require_tutor_review
113-2-22-63,醫學物理學與輻射安全,放射生物學,sources/113_2/22_Q.pdf,12,12,keyword_candidates_require_tutor_review
113-2-22-64,醫學物理學與輻射安全,癌症與臨床放療,sources/113_2/22_Q.pdf,12,13,keyword_candidates_require_tutor_review
113-2-22-65,醫學物理學與輻射安全,放射生物學,sources/113_2/22_Q.pdf,13,13,keyword_candidates_require_tutor_review
113-2-22-66,醫學物理學與輻射安全,核醫PET;癌症與臨床放療,sources/113_2/22_Q.pdf,13,13,keyword_candidates_require_tutor_review
113-2-22-67,醫學物理學與輻射安全,,sources/113_2/22_Q.pdf,13,13,keyword_candidates_require_tutor_review
113-2-22-68,醫學物理學與輻射安全,,sources/113_2/22_Q.pdf,13,13,keyword_candidates_require_tutor_review
113-2-22-69,醫學物理學與輻射安全,衰減與屏蔽,sources/113_2/22_Q.pdf,13,13,keyword_candidates_require_tutor_review
113-2-22-70,醫學物理學與輻射安全,輻射防護與法規,sources/113_2/22_Q.pdf,13,14,keyword_candidates_require_tutor_review
113-2-22-71,醫學物理學與輻射安全,輻射量與劑量學;輻射防護與法規,sources/113_2/22_Q.pdf,14,14,keyword_candidates_require_tutor_review
113-2-22-72,醫學物理學與輻射安全,半衰期與活度;呼吸系統,sources/113_2/22_Q.pdf,14,14,keyword_candidates_require_tutor_review
113-2-22-73,醫學物理學與輻射安全,輻射防護與法規,sources/113_2/22_Q.pdf,14,14,keyword_candidates_require_tutor_review
113-2-22-74,醫學物理學與輻射安全,衰減與屏蔽;放射治療計畫與劑量,sources/113_2/22_Q.pdf,14,14,keyword_candidates_require_tutor_review
113-2-22-75,醫學物理學與輻射安全,輻射防護與法規;放射藥物與核種製備,sources/113_2/22_Q.pdf,14,14,keyword_candidates_require_tutor_review
113-2-22-76,醫學物理學與輻射安全,輻射防護與法規,sources/113_2/22_Q.pdf,14,15,keyword_candidates_require_tutor_review
113-2-22-77,醫學物理學與輻射安全,輻射量與劑量學;輻射防護與法規;CT原理與技術;放療設備與品保;對比劑與特殊攝影;神經系統,sources/113_2/22_Q.pdf,15,15,keyword_candidates_require_tutor_review
113-2-22-78,醫學物理學與輻射安全,輻射防護與法規;放療設備與品保,sources/113_2/22_Q.pdf,15,15,keyword_candidates_require_tutor_review
113-2-22-79,醫學物理學與輻射安全,輻射防護與法規,sources/113_2/22_Q.pdf,15,15,keyword_candidates_require_tutor_review
113-2-22-80,醫學物理學與輻射安全,輻射防護與法規,sources/113_2/22_Q.pdf,15,15,keyword_candidates_require_tutor_review
113-2-33-01,放射線器材學（包括磁振學與超音波學）,影像品質與數位影像;對比劑與特殊攝影,sources/113_2/33_Q.pdf,1,1,keyword_candidates_require_tutor_review
113-2-33-02,放射線器材學（包括磁振學與超音波學）,影像品質與數位影像;對比劑與特殊攝影,sources/113_2/33_Q.pdf,1,1,keyword_candidates_require_tutor_review
113-2-33-03,放射線器材學（包括磁振學與超音波學）,衰減與屏蔽;輻射量與劑量學;影像品質與數位影像;放療設備與品保;對比劑與特殊攝影,sources/113_2/33_Q.pdf,1,1,keyword_candidates_require_tutor_review
113-2-33-04,放射線器材學（包括磁振學與超音波學）,X光產生與能譜;對比劑與特殊攝影,sources/113_2/33_Q.pdf,1,1,keyword_candidates_require_tutor_review
113-2-33-05,放射線器材學（包括磁振學與超音波學）,X光產生與能譜,sources/113_2/33_Q.pdf,2,2,keyword_candidates_require_tutor_review
113-2-33-06,放射線器材學（包括磁振學與超音波學）,CT原理與技術;MRI原理與技術;放療設備與品保;對比劑與特殊攝影;神經系統,sources/113_2/33_Q.pdf,2,2,keyword_candidates_require_tutor_review
113-2-33-07,放射線器材學（包括磁振學與超音波學）,衰減與屏蔽;X光產生與能譜;影像品質與數位影像;對比劑與特殊攝影,sources/113_2/33_Q.pdf,2,2,keyword_candidates_require_tutor_review
113-2-33-08,放射線器材學（包括磁振學與超音波學）,影像品質與數位影像,sources/113_2/33_Q.pdf,2,3,keyword_candidates_require_tutor_review
113-2-33-09,放射線器材學（包括磁振學與超音波學）,,sources/113_2/33_Q.pdf,3,3,keyword_candidates_require_tutor_review
113-2-33-10,放射線器材學（包括磁振學與超音波學）,影像品質與數位影像,sources/113_2/33_Q.pdf,3,3,keyword_candidates_require_tutor_review
113-2-33-11,放射線器材學（包括磁振學與超音波學）,偵檢器與計數統計;CT原理與技術;影像品質與數位影像;癌症與臨床放療;神經系統;呼吸系統,sources/113_2/33_Q.pdf,3,3,keyword_candidates_require_tutor_review
113-2-33-12,放射線器材學（包括磁振學與超音波學）,CT原理與技術,sources/113_2/33_Q.pdf,3,3,keyword_candidates_require_tutor_review
113-2-33-13,放射線器材學（包括磁振學與超音波學）,底片與影像接受器,sources/113_2/33_Q.pdf,3,4,keyword_candidates_require_tutor_review
113-2-33-14,放射線器材學（包括磁振學與超音波學）,影像品質與數位影像;底片與影像接受器;神經系統,sources/113_2/33_Q.pdf,4,4,keyword_candidates_require_tutor_review
113-2-33-15,放射線器材學（包括磁振學與超音波學）,影像品質與數位影像;底片與影像接受器;神經系統,sources/113_2/33_Q.pdf,4,4,keyword_candidates_require_tutor_review
113-2-33-16,放射線器材學（包括磁振學與超音波學）,影像品質與數位影像;核醫SPECT與加馬攝影機,sources/113_2/33_Q.pdf,4,4,keyword_candidates_require_tutor_review
113-2-33-17,放射線器材學（包括磁振學與超音波學）,偵檢器與計數統計;底片與影像接受器,sources/113_2/33_Q.pdf,4,4,keyword_candidates_require_tutor_review
113-2-33-18,放射線器材學（包括磁振學與超音波學）,底片與影像接受器;核醫PET;神經系統,sources/113_2/33_Q.pdf,4,4,keyword_candidates_require_tutor_review
113-2-33-19,放射線器材學（包括磁振學與超音波學）,影像品質與數位影像,sources/113_2/33_Q.pdf,5,5,keyword_candidates_require_tutor_review
113-2-33-20,放射線器材學（包括磁振學與超音波學）,放射生物學;癌症與臨床放療;對比劑與特殊攝影,sources/113_2/33_Q.pdf,5,5,keyword_candidates_require_tutor_review
113-2-33-21,放射線器材學（包括磁振學與超音波學）,光子與物質交互作用;影像品質與數位影像;放療設備與品保,sources/113_2/33_Q.pdf,5,5,keyword_candidates_require_tutor_review
113-2-33-22,放射線器材學（包括磁振學與超音波學）,X光產生與能譜;影像品質與數位影像;對比劑與特殊攝影,sources/113_2/33_Q.pdf,5,5,keyword_candidates_require_tutor_review
113-2-33-23,放射線器材學（包括磁振學與超音波學）,,sources/113_2/33_Q.pdf,5,6,keyword_candidates_require_tutor_review
113-2-33-24,放射線器材學（包括磁振學與超音波學）,CT原理與技術;放射藥物與核種製備;放射治療計畫與劑量;神經系統,sources/113_2/33_Q.pdf,6,6,keyword_candidates_require_tutor_review
113-2-33-25,放射線器材學（包括磁振學與超音波學）,超音波原理與技術;影像品質與數位影像,sources/113_2/33_Q.pdf,6,6,keyword_candidates_require_tutor_review
113-2-33-26,放射線器材學（包括磁振學與超音波學）,超音波原理與技術;影像品質與數位影像,sources/113_2/33_Q.pdf,6,6,keyword_candidates_require_tutor_review
113-2-33-27,放射線器材學（包括磁振學與超音波學）,超音波原理與技術,sources/113_2/33_Q.pdf,6,6,keyword_candidates_require_tutor_review
113-2-33-28,放射線器材學（包括磁振學與超音波學）,超音波原理與技術;影像品質與數位影像;核醫SPECT與加馬攝影機,sources/113_2/33_Q.pdf,6,7,keyword_candidates_require_tutor_review
113-2-33-29,放射線器材學（包括磁振學與超音波學）,超音波原理與技術,sources/113_2/33_Q.pdf,7,7,keyword_candidates_require_tutor_review
113-2-33-30,放射線器材學（包括磁振學與超音波學）,超音波原理與技術,sources/113_2/33_Q.pdf,7,7,keyword_candidates_require_tutor_review
113-2-33-31,放射線器材學（包括磁振學與超音波學）,超音波原理與技術,sources/113_2/33_Q.pdf,7,7,keyword_candidates_require_tutor_review
113-2-33-32,放射線器材學（包括磁振學與超音波學）,MRI原理與技術;超音波原理與技術,sources/113_2/33_Q.pdf,7,8,keyword_candidates_require_tutor_review
113-2-33-33,放射線器材學（包括磁振學與超音波學）,衰減與屏蔽;MRI原理與技術;影像品質與數位影像,sources/113_2/33_Q.pdf,8,8,keyword_candidates_require_tutor_review
113-2-33-34,放射線器材學（包括磁振學與超音波學）,MRI原理與技術;影像品質與數位影像;底片與影像接受器;對比劑與特殊攝影,sources/113_2/33_Q.pdf,8,8,keyword_candidates_require_tutor_review
113-2-33-35,放射線器材學（包括磁振學與超音波學）,衰減與屏蔽;MRI原理與技術;影像品質與數位影像,sources/113_2/33_Q.pdf,8,8,keyword_candidates_require_tutor_review
113-2-33-36,放射線器材學（包括磁振學與超音波學）,MRI原理與技術,sources/113_2/33_Q.pdf,8,8,keyword_candidates_require_tutor_review
113-2-33-37,放射線器材學（包括磁振學與超音波學）,MRI原理與技術,sources/113_2/33_Q.pdf,8,8,keyword_candidates_require_tutor_review
113-2-33-38,放射線器材學（包括磁振學與超音波學）,MRI原理與技術;影像品質與數位影像,sources/113_2/33_Q.pdf,8,9,keyword_candidates_require_tutor_review
113-2-33-39,放射線器材學（包括磁振學與超音波學）,MRI原理與技術,sources/113_2/33_Q.pdf,9,9,keyword_candidates_require_tutor_review
113-2-33-40,放射線器材學（包括磁振學與超音波學）,偵檢器與計數統計;MRI原理與技術;放射藥物與核種製備,sources/113_2/33_Q.pdf,9,9,keyword_candidates_require_tutor_review
113-2-33-41,放射線器材學（包括磁振學與超音波學）,MRI原理與技術,sources/113_2/33_Q.pdf,9,9,keyword_candidates_require_tutor_review
113-2-33-42,放射線器材學（包括磁振學與超音波學）,MRI原理與技術,sources/113_2/33_Q.pdf,9,10,keyword_candidates_require_tutor_review
113-2-33-43,放射線器材學（包括磁振學與超音波學）,MRI原理與技術,sources/113_2/33_Q.pdf,10,10,keyword_candidates_require_tutor_review
113-2-33-44,放射線器材學（包括磁振學與超音波學）,MRI原理與技術,sources/113_2/33_Q.pdf,10,10,keyword_candidates_require_tutor_review
113-2-33-45,放射線器材學（包括磁振學與超音波學）,MRI原理與技術;影像品質與數位影像,sources/113_2/33_Q.pdf,10,10,keyword_candidates_require_tutor_review
113-2-33-46,放射線器材學（包括磁振學與超音波學）,MRI原理與技術,sources/113_2/33_Q.pdf,10,10,keyword_candidates_require_tutor_review
113-2-33-47,放射線器材學（包括磁振學與超音波學）,MRI原理與技術;神經系統,sources/113_2/33_Q.pdf,10,10,keyword_candidates_require_tutor_review
113-2-33-48,放射線器材學（包括磁振學與超音波學）,輻射量與劑量學,sources/113_2/33_Q.pdf,10,11,keyword_candidates_require_tutor_review
113-2-33-49,放射線器材學（包括磁振學與超音波學）,底片與影像接受器,sources/113_2/33_Q.pdf,11,11,keyword_candidates_require_tutor_review
113-2-33-50,放射線器材學（包括磁振學與超音波學）,輻射量與劑量學;放射治療計畫與劑量,sources/113_2/33_Q.pdf,11,11,keyword_candidates_require_tutor_review
113-2-33-51,放射線器材學（包括磁振學與超音波學）,放射治療計畫與劑量,sources/113_2/33_Q.pdf,11,11,keyword_candidates_require_tutor_review
113-2-33-52,放射線器材學（包括磁振學與超音波學）,放射治療計畫與劑量,sources/113_2/33_Q.pdf,11,11,keyword_candidates_require_tutor_review
113-2-33-53,放射線器材學（包括磁振學與超音波學）,衰減與屏蔽;X光產生與能譜,sources/113_2/33_Q.pdf,11,11,keyword_candidates_require_tutor_review
113-2-33-54,放射線器材學（包括磁振學與超音波學）,放射治療計畫與劑量,sources/113_2/33_Q.pdf,12,12,keyword_candidates_require_tutor_review
113-2-33-55,放射線器材學（包括磁振學與超音波學）,半衰期與活度;衰減與屏蔽,sources/113_2/33_Q.pdf,12,12,keyword_candidates_require_tutor_review
113-2-33-56,放射線器材學（包括磁振學與超音波學）,超音波原理與技術;泌尿與生殖系統,sources/113_2/33_Q.pdf,12,12,keyword_candidates_require_tutor_review
113-2-33-57,放射線器材學（包括磁振學與超音波學）,,sources/113_2/33_Q.pdf,12,12,keyword_candidates_require_tutor_review
113-2-33-58,放射線器材學（包括磁振學與超音波學）,,sources/113_2/33_Q.pdf,12,12,keyword_candidates_require_tutor_review
113-2-33-59,放射線器材學（包括磁振學與超音波學）,輻射量與劑量學;核醫SPECT與加馬攝影機;放射治療計畫與劑量;放療設備與品保,sources/113_2/33_Q.pdf,12,13,keyword_candidates_require_tutor_review
113-2-33-60,放射線器材學（包括磁振學與超音波學）,核醫SPECT與加馬攝影機,sources/113_2/33_Q.pdf,13,13,keyword_candidates_require_tutor_review
113-2-33-61,放射線器材學（包括磁振學與超音波學）,放射治療計畫與劑量;放療設備與品保,sources/113_2/33_Q.pdf,13,13,keyword_candidates_require_tutor_review
113-2-33-62,放射線器材學（包括磁振學與超音波學）,放射治療計畫與劑量;放療設備與品保,sources/113_2/33_Q.pdf,13,13,keyword_candidates_require_tutor_review
113-2-33-63,放射線器材學（包括磁振學與超音波學）,輻射量與劑量學;核醫SPECT與加馬攝影機;放療設備與品保,sources/113_2/33_Q.pdf,13,13,keyword_candidates_require_tutor_review
113-2-33-64,放射線器材學（包括磁振學與超音波學）,放療設備與品保,sources/113_2/33_Q.pdf,13,13,keyword_candidates_require_tutor_review
113-2-33-65,放射線器材學（包括磁振學與超音波學）,底片與影像接受器,sources/113_2/33_Q.pdf,13,14,keyword_candidates_require_tutor_review
113-2-33-66,放射線器材學（包括磁振學與超音波學）,偵檢器與計數統計;影像品質與數位影像;核醫SPECT與加馬攝影機,sources/113_2/33_Q.pdf,14,14,keyword_candidates_require_tutor_review
113-2-33-67,放射線器材學（包括磁振學與超音波學）,半衰期與活度;輻射量與劑量學;偵檢器與計數統計;影像品質與數位影像,sources/113_2/33_Q.pdf,14,14,keyword_candidates_require_tutor_review
113-2-33-68,放射線器材學（包括磁振學與超音波學）,偵檢器與計數統計,sources/113_2/33_Q.pdf,14,14,keyword_candidates_require_tutor_review
113-2-33-69,放射線器材學（包括磁振學與超音波學）,影像品質與數位影像;核醫SPECT與加馬攝影機,sources/113_2/33_Q.pdf,14,14,keyword_candidates_require_tutor_review
113-2-33-70,放射線器材學（包括磁振學與超音波學）,半衰期與活度;影像品質與數位影像;核醫SPECT與加馬攝影機,sources/113_2/33_Q.pdf,14,15,keyword_candidates_require_tutor_review
113-2-33-71,放射線器材學（包括磁振學與超音波學）,衰減與屏蔽;輻射防護與法規,sources/113_2/33_Q.pdf,15,15,keyword_candidates_require_tutor_review
113-2-33-72,放射線器材學（包括磁振學與超音波學）,核衰變與核種平衡,sources/113_2/33_Q.pdf,15,15,keyword_candidates_require_tutor_review
113-2-33-73,放射線器材學（包括磁振學與超音波學）,核衰變與核種平衡;衰減與屏蔽;核醫SPECT與加馬攝影機;放療設備與品保,sources/113_2/33_Q.pdf,15,15,keyword_candidates_require_tutor_review
113-2-33-74,放射線器材學（包括磁振學與超音波學）,偵檢器與計數統計;核醫PET,sources/113_2/33_Q.pdf,15,15,keyword_candidates_require_tutor_review
113-2-33-75,放射線器材學（包括磁振學與超音波學）,核衰變與核種平衡;衰減與屏蔽;影像品質與數位影像,sources/113_2/33_Q.pdf,15,15,keyword_candidates_require_tutor_review
113-2-33-76,放射線器材學（包括磁振學與超音波學）,影像品質與數位影像;核醫SPECT與加馬攝影機,sources/113_2/33_Q.pdf,15,16,keyword_candidates_require_tutor_review
113-2-33-77,放射線器材學（包括磁振學與超音波學）,衰減與屏蔽;CT原理與技術;核醫PET;放療設備與品保;神經系統,sources/113_2/33_Q.pdf,17,17,keyword_candidates_require_tutor_review
113-2-33-78,放射線器材學（包括磁振學與超音波學）,核衰變與核種平衡;衰減與屏蔽;偵檢器與計數統計;CT原理與技術;放療設備與品保;神經系統,sources/113_2/33_Q.pdf,17,17,keyword_candidates_require_tutor_review
113-2-33-79,放射線器材學（包括磁振學與超音波學）,衰減與屏蔽;偵檢器與計數統計;放療設備與品保,sources/113_2/33_Q.pdf,17,17,keyword_candidates_require_tutor_review
113-2-33-80,放射線器材學（包括磁振學與超音波學）,偵檢器與計數統計,sources/113_2/33_Q.pdf,17,17,keyword_candidates_require_tutor_review
113-2-44-01,放射線診斷原理與技術學,光子與物質交互作用,sources/113_2/44_Q.pdf,1,1,keyword_candidates_require_tutor_review
113-2-44-02,放射線診斷原理與技術學,,sources/113_2/44_Q.pdf,1,1,keyword_candidates_require_tutor_review
113-2-44-03,放射線診斷原理與技術學,X光產生與能譜,sources/113_2/44_Q.pdf,1,1,keyword_candidates_require_tutor_review
113-2-44-04,放射線診斷原理與技術學,影像品質與數位影像;底片與影像接受器,sources/113_2/44_Q.pdf,1,1,keyword_candidates_require_tutor_review
113-2-44-05,放射線診斷原理與技術學,光子與物質交互作用,sources/113_2/44_Q.pdf,1,2,keyword_candidates_require_tutor_review
113-2-44-06,放射線診斷原理與技術學,,sources/113_2/44_Q.pdf,2,2,keyword_candidates_require_tutor_review
113-2-44-07,放射線診斷原理與技術學,攝影擺位與投照;骨骼肌肉解剖與病理,sources/113_2/44_Q.pdf,2,2,keyword_candidates_require_tutor_review
113-2-44-08,放射線診斷原理與技術學,骨骼肌肉解剖與病理,sources/113_2/44_Q.pdf,2,2,keyword_candidates_require_tutor_review
113-2-44-09,放射線診斷原理與技術學,CT原理與技術;神經系統,sources/113_2/44_Q.pdf,2,2,keyword_candidates_require_tutor_review
113-2-44-10,放射線診斷原理與技術學,骨骼肌肉解剖與病理,sources/113_2/44_Q.pdf,2,2,keyword_candidates_require_tutor_review
113-2-44-11,放射線診斷原理與技術學,骨骼肌肉解剖與病理,sources/113_2/44_Q.pdf,2,3,keyword_candidates_require_tutor_review
113-2-44-12,放射線診斷原理與技術學,呼吸系統,sources/113_2/44_Q.pdf,3,3,keyword_candidates_require_tutor_review
113-2-44-13,放射線診斷原理與技術學,衰減與屏蔽;對比劑與特殊攝影,sources/113_2/44_Q.pdf,3,3,keyword_candidates_require_tutor_review
113-2-44-14,放射線診斷原理與技術學,心血管系統;呼吸系統;消化系統,sources/113_2/44_Q.pdf,3,3,keyword_candidates_require_tutor_review
113-2-44-15,放射線診斷原理與技術學,消化系統,sources/113_2/44_Q.pdf,3,3,keyword_candidates_require_tutor_review
113-2-44-16,放射線診斷原理與技術學,,sources/113_2/44_Q.pdf,3,3,keyword_candidates_require_tutor_review
113-2-44-17,放射線診斷原理與技術學,攝影擺位與投照;泌尿與生殖系統,sources/113_2/44_Q.pdf,3,4,keyword_candidates_require_tutor_review
113-2-44-18,放射線診斷原理與技術學,衰減與屏蔽;CT原理與技術;超音波原理與技術;骨骼肌肉解剖與病理;神經系統,sources/113_2/44_Q.pdf,4,4,keyword_candidates_require_tutor_review
113-2-44-19,放射線診斷原理與技術學,對比劑與特殊攝影,sources/113_2/44_Q.pdf,4,4,keyword_candidates_require_tutor_review
113-2-44-20,放射線診斷原理與技術學,對比劑與特殊攝影,sources/113_2/44_Q.pdf,4,4,keyword_candidates_require_tutor_review
113-2-44-21,放射線診斷原理與技術學,對比劑與特殊攝影;骨骼肌肉解剖與病理;神經系統;心血管系統,sources/113_2/44_Q.pdf,4,4,keyword_candidates_require_tutor_review
113-2-44-22,放射線診斷原理與技術學,超音波原理與技術;癌症與臨床放療,sources/113_2/44_Q.pdf,4,4,keyword_candidates_require_tutor_review
113-2-44-23,放射線診斷原理與技術學,心血管系統;泌尿與生殖系統,sources/113_2/44_Q.pdf,4,5,keyword_candidates_require_tutor_review
113-2-44-24,放射線診斷原理與技術學,泌尿與生殖系統,sources/113_2/44_Q.pdf,5,5,keyword_candidates_require_tutor_review
113-2-44-25,放射線診斷原理與技術學,對比劑與特殊攝影;骨骼肌肉解剖與病理,sources/113_2/44_Q.pdf,5,5,keyword_candidates_require_tutor_review
113-2-44-26,放射線診斷原理與技術學,癌症與臨床放療;消化系統;泌尿與生殖系統,sources/113_2/44_Q.pdf,5,5,keyword_candidates_require_tutor_review
113-2-44-27,放射線診斷原理與技術學,CT原理與技術;放射藥物與核種製備,sources/113_2/44_Q.pdf,5,5,keyword_candidates_require_tutor_review
113-2-44-28,放射線診斷原理與技術學,輻射量與劑量學;CT原理與技術;放射藥物與核種製備,sources/113_2/44_Q.pdf,5,5,keyword_candidates_require_tutor_review
113-2-44-29,放射線診斷原理與技術學,,sources/113_2/44_Q.pdf,5,6,keyword_candidates_require_tutor_review
113-2-44-30,放射線診斷原理與技術學,輻射量與劑量學;CT原理與技術;對比劑與特殊攝影;骨骼肌肉解剖與病理;神經系統,sources/113_2/44_Q.pdf,6,6,keyword_candidates_require_tutor_review
113-2-44-31,放射線診斷原理與技術學,CT原理與技術;放射藥物與核種製備,sources/113_2/44_Q.pdf,6,6,keyword_candidates_require_tutor_review
113-2-44-32,放射線診斷原理與技術學,CT原理與技術;對比劑與特殊攝影;神經系統,sources/113_2/44_Q.pdf,6,6,keyword_candidates_require_tutor_review
113-2-44-33,放射線診斷原理與技術學,CT原理與技術;癌症與臨床放療;神經系統,sources/113_2/44_Q.pdf,6,6,keyword_candidates_require_tutor_review
113-2-44-34,放射線診斷原理與技術學,CT原理與技術;影像品質與數位影像;核醫SPECT與加馬攝影機;神經系統,sources/113_2/44_Q.pdf,6,6,keyword_candidates_require_tutor_review
113-2-44-35,放射線診斷原理與技術學,偵檢器與計數統計;CT原理與技術;影像品質與數位影像;神經系統,sources/113_2/44_Q.pdf,6,7,keyword_candidates_require_tutor_review
113-2-44-36,放射線診斷原理與技術學,,sources/113_2/44_Q.pdf,7,7,keyword_candidates_require_tutor_review
113-2-44-37,放射線診斷原理與技術學,CT原理與技術;MRI原理與技術,sources/113_2/44_Q.pdf,7,7,keyword_candidates_require_tutor_review
113-2-44-38,放射線診斷原理與技術學,泌尿與生殖系統;內分泌與代謝,sources/113_2/44_Q.pdf,7,7,keyword_candidates_require_tutor_review
113-2-44-39,放射線診斷原理與技術學,CT原理與技術;影像品質與數位影像;放療設備與品保;神經系統,sources/113_2/44_Q.pdf,7,7,keyword_candidates_require_tutor_review
113-2-44-40,放射線診斷原理與技術學,CT原理與技術;放療設備與品保;神經系統,sources/113_2/44_Q.pdf,8,8,keyword_candidates_require_tutor_review
113-2-44-41,放射線診斷原理與技術學,CT原理與技術;神經系統;消化系統,sources/113_2/44_Q.pdf,8,8,keyword_candidates_require_tutor_review
113-2-44-42,放射線診斷原理與技術學,影像品質與數位影像,sources/113_2/44_Q.pdf,8,8,keyword_candidates_require_tutor_review
113-2-44-43,放射線診斷原理與技術學,MRI原理與技術,sources/113_2/44_Q.pdf,8,8,keyword_candidates_require_tutor_review
113-2-44-44,放射線診斷原理與技術學,神經系統,sources/113_2/44_Q.pdf,8,9,keyword_candidates_require_tutor_review
113-2-44-45,放射線診斷原理與技術學,MRI原理與技術,sources/113_2/44_Q.pdf,9,9,keyword_candidates_require_tutor_review
113-2-44-46,放射線診斷原理與技術學,MRI原理與技術;影像品質與數位影像,sources/113_2/44_Q.pdf,9,9,keyword_candidates_require_tutor_review
113-2-44-47,放射線診斷原理與技術學,MRI原理與技術,sources/113_2/44_Q.pdf,9,9,keyword_candidates_require_tutor_review
113-2-44-48,放射線診斷原理與技術學,MRI原理與技術,sources/113_2/44_Q.pdf,9,10,keyword_candidates_require_tutor_review
113-2-44-49,放射線診斷原理與技術學,MRI原理與技術,sources/113_2/44_Q.pdf,10,10,keyword_candidates_require_tutor_review
113-2-44-50,放射線診斷原理與技術學,MRI原理與技術;底片與影像接受器;對比劑與特殊攝影;神經系統,sources/113_2/44_Q.pdf,10,10,keyword_candidates_require_tutor_review
113-2-44-51,放射線診斷原理與技術學,MRI原理與技術,sources/113_2/44_Q.pdf,10,10,keyword_candidates_require_tutor_review
113-2-44-52,放射線診斷原理與技術學,MRI原理與技術;神經系統,sources/113_2/44_Q.pdf,10,10,keyword_candidates_require_tutor_review
113-2-44-53,放射線診斷原理與技術學,輻射量與劑量學;底片與影像接受器,sources/113_2/44_Q.pdf,10,11,keyword_candidates_require_tutor_review
113-2-44-54,放射線診斷原理與技術學,衰減與屏蔽,sources/113_2/44_Q.pdf,11,11,keyword_candidates_require_tutor_review
113-2-44-55,放射線診斷原理與技術學,MRI原理與技術,sources/113_2/44_Q.pdf,11,11,keyword_candidates_require_tutor_review
113-2-44-56,放射線診斷原理與技術學,MRI原理與技術,sources/113_2/44_Q.pdf,11,11,keyword_candidates_require_tutor_review
113-2-44-57,放射線診斷原理與技術學,MRI原理與技術,sources/113_2/44_Q.pdf,11,11,keyword_candidates_require_tutor_review
113-2-44-58,放射線診斷原理與技術學,MRI原理與技術;影像品質與數位影像,sources/113_2/44_Q.pdf,11,11,keyword_candidates_require_tutor_review
113-2-44-59,放射線診斷原理與技術學,MRI原理與技術,sources/113_2/44_Q.pdf,11,12,keyword_candidates_require_tutor_review
113-2-44-60,放射線診斷原理與技術學,MRI原理與技術,sources/113_2/44_Q.pdf,12,12,keyword_candidates_require_tutor_review
113-2-44-61,放射線診斷原理與技術學,放射生物學;超音波原理與技術;消化系統,sources/113_2/44_Q.pdf,12,12,keyword_candidates_require_tutor_review
113-2-44-62,放射線診斷原理與技術學,超音波原理與技術;癌症與臨床放療;消化系統;內分泌與代謝,sources/113_2/44_Q.pdf,12,13,keyword_candidates_require_tutor_review
113-2-44-63,放射線診斷原理與技術學,超音波原理與技術;心血管系統,sources/113_2/44_Q.pdf,13,13,keyword_candidates_require_tutor_review
113-2-44-64,放射線診斷原理與技術學,超音波原理與技術;骨骼肌肉解剖與病理;心血管系統,sources/113_2/44_Q.pdf,13,13,keyword_candidates_require_tutor_review
113-2-44-65,放射線診斷原理與技術學,超音波原理與技術;影像品質與數位影像;泌尿與生殖系統,sources/113_2/44_Q.pdf,13,14,keyword_candidates_require_tutor_review
113-2-44-66,放射線診斷原理與技術學,超音波原理與技術;癌症與臨床放療;消化系統,sources/113_2/44_Q.pdf,14,14,keyword_candidates_require_tutor_review
113-2-44-67,放射線診斷原理與技術學,衰減與屏蔽,sources/113_2/44_Q.pdf,14,14,keyword_candidates_require_tutor_review
113-2-44-68,放射線診斷原理與技術學,光子與物質交互作用;超音波原理與技術,sources/113_2/44_Q.pdf,14,14,keyword_candidates_require_tutor_review
113-2-44-69,放射線診斷原理與技術學,衰減與屏蔽;超音波原理與技術,sources/113_2/44_Q.pdf,14,14,keyword_candidates_require_tutor_review
113-2-44-70,放射線診斷原理與技術學,,sources/113_2/44_Q.pdf,14,14,keyword_candidates_require_tutor_review
113-2-44-71,放射線診斷原理與技術學,,sources/113_2/44_Q.pdf,14,15,keyword_candidates_require_tutor_review
113-2-44-72,放射線診斷原理與技術學,衰減與屏蔽;超音波原理與技術;影像品質與數位影像,sources/113_2/44_Q.pdf,15,15,keyword_candidates_require_tutor_review
113-2-44-73,放射線診斷原理與技術學,底片與影像接受器;攝影擺位與投照,sources/113_2/44_Q.pdf,15,15,keyword_candidates_require_tutor_review
113-2-44-74,放射線診斷原理與技術學,MRI原理與技術;底片與影像接受器;對比劑與特殊攝影,sources/113_2/44_Q.pdf,15,15,keyword_candidates_require_tutor_review
113-2-44-75,放射線診斷原理與技術學,底片與影像接受器;對比劑與特殊攝影,sources/113_2/44_Q.pdf,15,15,keyword_candidates_require_tutor_review
113-2-44-76,放射線診斷原理與技術學,影像品質與數位影像,sources/113_2/44_Q.pdf,15,16,keyword_candidates_require_tutor_review
113-2-44-77,放射線診斷原理與技術學,,sources/113_2/44_Q.pdf,16,16,keyword_candidates_require_tutor_review
113-2-44-78,放射線診斷原理與技術學,影像品質與數位影像,sources/113_2/44_Q.pdf,16,17,keyword_candidates_require_tutor_review
113-2-44-79,放射線診斷原理與技術學,影像品質與數位影像,sources/113_2/44_Q.pdf,17,17,keyword_candidates_require_tutor_review
113-2-44-80,放射線診斷原理與技術學,,sources/113_2/44_Q.pdf,17,17,keyword_candidates_require_tutor_review
113-2-55-01,放射線治療原理與技術學,放射藥物與核種製備;癌症與臨床放療,sources/113_2/55_Q.pdf,1,1,keyword_candidates_require_tutor_review
113-2-55-02,放射線治療原理與技術學,放射生物學,sources/113_2/55_Q.pdf,1,1,keyword_candidates_require_tutor_review
113-2-55-03,放射線治療原理與技術學,放射生物學,sources/113_2/55_Q.pdf,1,2,keyword_candidates_require_tutor_review
113-2-55-04,放射線治療原理與技術學,放射生物學,sources/113_2/55_Q.pdf,2,2,keyword_candidates_require_tutor_review
113-2-55-05,放射線治療原理與技術學,輻射防護與法規;放射生物學,sources/113_2/55_Q.pdf,2,2,keyword_candidates_require_tutor_review
113-2-55-06,放射線治療原理與技術學,輻射量與劑量學;放射生物學;癌症與臨床放療,sources/113_2/55_Q.pdf,2,3,keyword_candidates_require_tutor_review
113-2-55-07,放射線治療原理與技術學,放射生物學,sources/113_2/55_Q.pdf,3,3,keyword_candidates_require_tutor_review
113-2-55-08,放射線治療原理與技術學,放射生物學,sources/113_2/55_Q.pdf,3,3,keyword_candidates_require_tutor_review
113-2-55-09,放射線治療原理與技術學,放射生物學;攝影擺位與投照,sources/113_2/55_Q.pdf,3,3,keyword_candidates_require_tutor_review
113-2-55-10,放射線治療原理與技術學,放射生物學;底片與影像接受器;血液免疫與一般病理,sources/113_2/55_Q.pdf,3,3,keyword_candidates_require_tutor_review
113-2-55-11,放射線治療原理與技術學,放射生物學,sources/113_2/55_Q.pdf,3,4,keyword_candidates_require_tutor_review
113-2-55-12,放射線治療原理與技術學,,sources/113_2/55_Q.pdf,4,4,keyword_candidates_require_tutor_review
113-2-55-13,放射線治療原理與技術學,X光產生與能譜;放射治療計畫與劑量,sources/113_2/55_Q.pdf,4,4,keyword_candidates_require_tutor_review
113-2-55-14,放射線治療原理與技術學,輻射量與劑量學,sources/113_2/55_Q.pdf,4,4,keyword_candidates_require_tutor_review
113-2-55-15,放射線治療原理與技術學,衰減與屏蔽;放射治療計畫與劑量;近接與特殊放療;攝影擺位與投照,sources/113_2/55_Q.pdf,4,4,keyword_candidates_require_tutor_review
113-2-55-16,放射線治療原理與技術學,核醫SPECT與加馬攝影機;放射治療計畫與劑量,sources/113_2/55_Q.pdf,4,4,keyword_candidates_require_tutor_review
113-2-55-17,放射線治療原理與技術學,,sources/113_2/55_Q.pdf,4,5,keyword_candidates_require_tutor_review
113-2-55-18,放射線治療原理與技術學,放射治療計畫與劑量,sources/113_2/55_Q.pdf,5,5,keyword_candidates_require_tutor_review
113-2-55-19,放射線治療原理與技術學,CT原理與技術;呼吸系統,sources/113_2/55_Q.pdf,5,5,keyword_candidates_require_tutor_review
113-2-55-20,放射線治療原理與技術學,放射治療計畫與劑量,sources/113_2/55_Q.pdf,5,5,keyword_candidates_require_tutor_review
113-2-55-21,放射線治療原理與技術學,衰減與屏蔽;放射治療計畫與劑量,sources/113_2/55_Q.pdf,5,5,keyword_candidates_require_tutor_review
113-2-55-22,放射線治療原理與技術學,衰減與屏蔽;X光產生與能譜;放射治療計畫與劑量,sources/113_2/55_Q.pdf,5,5,keyword_candidates_require_tutor_review
113-2-55-23,放射線治療原理與技術學,攝影擺位與投照,sources/113_2/55_Q.pdf,5,6,keyword_candidates_require_tutor_review
113-2-55-24,放射線治療原理與技術學,放射治療計畫與劑量,sources/113_2/55_Q.pdf,6,6,keyword_candidates_require_tutor_review
113-2-55-25,放射線治療原理與技術學,近接與特殊放療,sources/113_2/55_Q.pdf,6,6,keyword_candidates_require_tutor_review
113-2-55-26,放射線治療原理與技術學,放射治療計畫與劑量;近接與特殊放療;癌症與臨床放療,sources/113_2/55_Q.pdf,6,6,keyword_candidates_require_tutor_review
113-2-55-27,放射線治療原理與技術學,放射治療計畫與劑量,sources/113_2/55_Q.pdf,6,7,keyword_candidates_require_tutor_review
113-2-55-28,放射線治療原理與技術學,輻射量與劑量學;放射治療計畫與劑量;放療設備與品保;癌症與臨床放療,sources/113_2/55_Q.pdf,7,7,keyword_candidates_require_tutor_review
113-2-55-29,放射線治療原理與技術學,放射治療計畫與劑量,sources/113_2/55_Q.pdf,7,7,keyword_candidates_require_tutor_review
113-2-55-30,放射線治療原理與技術學,輻射量與劑量學;MRI原理與技術;放射治療計畫與劑量;攝影擺位與投照;神經系統,sources/113_2/55_Q.pdf,7,8,keyword_candidates_require_tutor_review
113-2-55-31,放射線治療原理與技術學,放射治療計畫與劑量;癌症與臨床放療,sources/113_2/55_Q.pdf,8,8,keyword_candidates_require_tutor_review
113-2-55-32,放射線治療原理與技術學,,sources/113_2/55_Q.pdf,8,8,keyword_candidates_require_tutor_review
113-2-55-33,放射線治療原理與技術學,核醫SPECT與加馬攝影機,sources/113_2/55_Q.pdf,8,8,keyword_candidates_require_tutor_review
113-2-55-34,放射線治療原理與技術學,近接與特殊放療,sources/113_2/55_Q.pdf,8,8,keyword_candidates_require_tutor_review
113-2-55-35,放射線治療原理與技術學,X光產生與能譜,sources/113_2/55_Q.pdf,8,8,keyword_candidates_require_tutor_review
113-2-55-36,放射線治療原理與技術學,放射治療計畫與劑量,sources/113_2/55_Q.pdf,8,9,keyword_candidates_require_tutor_review
113-2-55-37,放射線治療原理與技術學,輻射量與劑量學;MRI原理與技術;近接與特殊放療,sources/113_2/55_Q.pdf,9,9,keyword_candidates_require_tutor_review
113-2-55-38,放射線治療原理與技術學,近接與特殊放療;癌症與臨床放療;泌尿與生殖系統,sources/113_2/55_Q.pdf,9,9,keyword_candidates_require_tutor_review
113-2-55-39,放射線治療原理與技術學,放射治療計畫與劑量;近接與特殊放療;癌症與臨床放療;泌尿與生殖系統,sources/113_2/55_Q.pdf,9,9,keyword_candidates_require_tutor_review
113-2-55-40,放射線治療原理與技術學,近接與特殊放療,sources/113_2/55_Q.pdf,9,9,keyword_candidates_require_tutor_review
113-2-55-41,放射線治療原理與技術學,近接與特殊放療;癌症與臨床放療;泌尿與生殖系統,sources/113_2/55_Q.pdf,9,10,keyword_candidates_require_tutor_review
113-2-55-42,放射線治療原理與技術學,近接與特殊放療,sources/113_2/55_Q.pdf,10,10,keyword_candidates_require_tutor_review
113-2-55-43,放射線治療原理與技術學,癌症與臨床放療;泌尿與生殖系統,sources/113_2/55_Q.pdf,10,10,keyword_candidates_require_tutor_review
113-2-55-44,放射線治療原理與技術學,放射治療計畫與劑量;近接與特殊放療,sources/113_2/55_Q.pdf,10,10,keyword_candidates_require_tutor_review
113-2-55-45,放射線治療原理與技術學,放射治療計畫與劑量,sources/113_2/55_Q.pdf,10,10,keyword_candidates_require_tutor_review
113-2-55-46,放射線治療原理與技術學,輻射量與劑量學;放射治療計畫與劑量;癌症與臨床放療,sources/113_2/55_Q.pdf,10,10,keyword_candidates_require_tutor_review
113-2-55-47,放射線治療原理與技術學,光子與物質交互作用;輻射量與劑量學;CT原理與技術;放射治療計畫與劑量,sources/113_2/55_Q.pdf,10,11,keyword_candidates_require_tutor_review
113-2-55-48,放射線治療原理與技術學,半衰期與活度;衰減與屏蔽;底片與影像接受器;近接與特殊放療,sources/113_2/55_Q.pdf,11,11,keyword_candidates_require_tutor_review
113-2-55-49,放射線治療原理與技術學,放射生物學;MRI原理與技術;放射藥物與核種製備;近接與特殊放療;癌症與臨床放療;泌尿與生殖系統,sources/113_2/55_Q.pdf,11,11,keyword_candidates_require_tutor_review
113-2-55-50,放射線治療原理與技術學,神經系統,sources/113_2/55_Q.pdf,11,11,keyword_candidates_require_tutor_review
113-2-55-51,放射線治療原理與技術學,核醫SPECT與加馬攝影機,sources/113_2/55_Q.pdf,11,11,keyword_candidates_require_tutor_review
113-2-55-52,放射線治療原理與技術學,,sources/113_2/55_Q.pdf,11,11,keyword_candidates_require_tutor_review
113-2-55-53,放射線治療原理與技術學,核衰變與核種平衡;CT原理與技術;MRI原理與技術;超音波原理與技術;近接與特殊放療;癌症與臨床放療;神經系統;泌尿與生殖系統,sources/113_2/55_Q.pdf,11,12,keyword_candidates_require_tutor_review
113-2-55-54,放射線治療原理與技術學,輻射量與劑量學;底片與影像接受器;近接與特殊放療;骨骼肌肉解剖與病理,sources/113_2/55_Q.pdf,12,12,keyword_candidates_require_tutor_review
113-2-55-55,放射線治療原理與技術學,,sources/113_2/55_Q.pdf,12,12,keyword_candidates_require_tutor_review
113-2-55-56,放射線治療原理與技術學,放射治療計畫與劑量;癌症與臨床放療,sources/113_2/55_Q.pdf,12,12,keyword_candidates_require_tutor_review
113-2-55-57,放射線治療原理與技術學,,sources/113_2/55_Q.pdf,12,12,keyword_candidates_require_tutor_review
113-2-55-58,放射線治療原理與技術學,核醫SPECT與加馬攝影機;放射治療計畫與劑量,sources/113_2/55_Q.pdf,12,12,keyword_candidates_require_tutor_review
113-2-55-59,放射線治療原理與技術學,輻射量與劑量學;放射治療計畫與劑量;癌症與臨床放療,sources/113_2/55_Q.pdf,12,13,keyword_candidates_require_tutor_review
113-2-55-60,放射線治療原理與技術學,底片與影像接受器;放射治療計畫與劑量;放療設備與品保;癌症與臨床放療;神經系統,sources/113_2/55_Q.pdf,13,13,keyword_candidates_require_tutor_review
113-2-55-61,放射線治療原理與技術學,X光產生與能譜;輻射防護與法規;放射治療計畫與劑量;放療設備與品保,sources/113_2/55_Q.pdf,13,13,keyword_candidates_require_tutor_review
113-2-55-62,放射線治療原理與技術學,超音波原理與技術;癌症與臨床放療;骨骼肌肉解剖與病理;泌尿與生殖系統,sources/113_2/55_Q.pdf,13,13,keyword_candidates_require_tutor_review
113-2-55-63,放射線治療原理與技術學,CT原理與技術;影像品質與數位影像;神經系統,sources/113_2/55_Q.pdf,13,13,keyword_candidates_require_tutor_review
113-2-55-64,放射線治療原理與技術學,放射藥物與核種製備,sources/113_2/55_Q.pdf,13,14,keyword_candidates_require_tutor_review
113-2-55-65,放射線治療原理與技術學,超音波原理與技術;放射治療計畫與劑量;癌症與臨床放療;泌尿與生殖系統,sources/113_2/55_Q.pdf,14,14,keyword_candidates_require_tutor_review
113-2-55-66,放射線治療原理與技術學,CT原理與技術;放射治療計畫與劑量;神經系統,sources/113_2/55_Q.pdf,14,14,keyword_candidates_require_tutor_review
113-2-55-67,放射線治療原理與技術學,攝影擺位與投照,sources/113_2/55_Q.pdf,14,14,keyword_candidates_require_tutor_review
113-2-55-68,放射線治療原理與技術學,近接與特殊放療,sources/113_2/55_Q.pdf,14,14,keyword_candidates_require_tutor_review
113-2-55-69,放射線治療原理與技術學,放射治療計畫與劑量;放療設備與品保,sources/113_2/55_Q.pdf,14,14,keyword_candidates_require_tutor_review
113-2-55-70,放射線治療原理與技術學,輻射量與劑量學;放射治療計畫與劑量;放療設備與品保,sources/113_2/55_Q.pdf,14,15,keyword_candidates_require_tutor_review
113-2-55-71,放射線治療原理與技術學,放療設備與品保,sources/113_2/55_Q.pdf,15,15,keyword_candidates_require_tutor_review
113-2-55-72,放射線治療原理與技術學,半衰期與活度;輻射防護與法規;放療設備與品保;近接與特殊放療,sources/113_2/55_Q.pdf,15,15,keyword_candidates_require_tutor_review
113-2-55-73,放射線治療原理與技術學,底片與影像接受器;放射藥物與核種製備;近接與特殊放療,sources/113_2/55_Q.pdf,15,15,keyword_candidates_require_tutor_review
113-2-55-74,放射線治療原理與技術學,輻射防護與法規;CT原理與技術;神經系統,sources/113_2/55_Q.pdf,15,15,keyword_candidates_require_tutor_review
113-2-55-75,放射線治療原理與技術學,輻射量與劑量學;放射治療計畫與劑量;放療設備與品保,sources/113_2/55_Q.pdf,15,15,keyword_candidates_require_tutor_review
113-2-55-76,放射線治療原理與技術學,半衰期與活度;輻射量與劑量學;偵檢器與計數統計;底片與影像接受器;放療設備與品保,sources/113_2/55_Q.pdf,16,16,keyword_candidates_require_tutor_review
113-2-55-77,放射線治療原理與技術學,癌症與臨床放療;骨骼肌肉解剖與病理;消化系統;泌尿與生殖系統,sources/113_2/55_Q.pdf,16,16,keyword_candidates_require_tutor_review
113-2-55-78,放射線治療原理與技術學,輻射防護與法規;放療設備與品保,sources/113_2/55_Q.pdf,16,16,keyword_candidates_require_tutor_review
113-2-55-79,放射線治療原理與技術學,輻射防護與法規;放療設備與品保;近接與特殊放療,sources/113_2/55_Q.pdf,16,16,keyword_candidates_require_tutor_review
113-2-55-80,放射線治療原理與技術學,輻射防護與法規;放療設備與品保,sources/113_2/55_Q.pdf,16,16,keyword_candidates_require_tutor_review
113-2-66-01,核子醫學診療原理與技術學,半衰期與活度;核醫器官檢查;癌症與臨床放療;神經系統;心血管系統;內分泌與代謝,sources/113_2/66_Q.pdf,1,1,keyword_candidates_require_tutor_review
113-2-66-02,核子醫學診療原理與技術學,放射藥物與核種製備;消化系統;泌尿與生殖系統,sources/113_2/66_Q.pdf,1,1,keyword_candidates_require_tutor_review
113-2-66-03,核子醫學診療原理與技術學,血液免疫與一般病理,sources/113_2/66_Q.pdf,1,1,keyword_candidates_require_tutor_review
113-2-66-04,核子醫學診療原理與技術學,放射藥物與核種製備,sources/113_2/66_Q.pdf,1,1,keyword_candidates_require_tutor_review
113-2-66-05,核子醫學診療原理與技術學,核衰變與核種平衡;放射藥物與核種製備,sources/113_2/66_Q.pdf,1,2,keyword_candidates_require_tutor_review
113-2-66-06,核子醫學診療原理與技術學,放射生物學;癌症與臨床放療,sources/113_2/66_Q.pdf,2,2,keyword_candidates_require_tutor_review
113-2-66-07,核子醫學診療原理與技術學,MRI原理與技術;神經系統;內分泌與代謝,sources/113_2/66_Q.pdf,2,2,keyword_candidates_require_tutor_review
113-2-66-08,核子醫學診療原理與技術學,MRI原理與技術;核醫PET;放射藥物與核種製備;心血管系統,sources/113_2/66_Q.pdf,2,2,keyword_candidates_require_tutor_review
113-2-66-09,核子醫學診療原理與技術學,核衰變與核種平衡;半衰期與活度,sources/113_2/66_Q.pdf,2,2,keyword_candidates_require_tutor_review
113-2-66-10,核子醫學診療原理與技術學,半衰期與活度;放射藥物與核種製備;癌症與臨床放療;血液免疫與一般病理,sources/113_2/66_Q.pdf,2,3,keyword_candidates_require_tutor_review
113-2-66-11,核子醫學診療原理與技術學,攝影擺位與投照,sources/113_2/66_Q.pdf,3,3,keyword_candidates_require_tutor_review
113-2-66-12,核子醫學診療原理與技術學,放射藥物與核種製備;心血管系統,sources/113_2/66_Q.pdf,3,3,keyword_candidates_require_tutor_review
113-2-66-13,核子醫學診療原理與技術學,癌症與臨床放療,sources/113_2/66_Q.pdf,3,3,keyword_candidates_require_tutor_review
113-2-66-14,核子醫學診療原理與技術學,核衰變與核種平衡,sources/113_2/66_Q.pdf,3,3,keyword_candidates_require_tutor_review
113-2-66-15,核子醫學診療原理與技術學,,sources/113_2/66_Q.pdf,3,4,keyword_candidates_require_tutor_review
113-2-66-16,核子醫學診療原理與技術學,核衰變與核種平衡;半衰期與活度;衰減與屏蔽;放射藥物與核種製備,sources/113_2/66_Q.pdf,4,4,keyword_candidates_require_tutor_review
113-2-66-17,核子醫學診療原理與技術學,心血管系統,sources/113_2/66_Q.pdf,4,4,keyword_candidates_require_tutor_review
113-2-66-18,核子醫學診療原理與技術學,衰減與屏蔽;影像品質與數位影像;放射藥物與核種製備;核醫器官檢查;心血管系統,sources/113_2/66_Q.pdf,4,4,keyword_candidates_require_tutor_review
113-2-66-19,核子醫學診療原理與技術學,放射藥物與核種製備;神經系統;泌尿與生殖系統,sources/113_2/66_Q.pdf,4,4,keyword_candidates_require_tutor_review
113-2-66-20,核子醫學診療原理與技術學,放射藥物與核種製備;神經系統,sources/113_2/66_Q.pdf,4,5,keyword_candidates_require_tutor_review
113-2-66-21,核子醫學診療原理與技術學,MRI原理與技術;核醫SPECT與加馬攝影機;神經系統,sources/113_2/66_Q.pdf,5,5,keyword_candidates_require_tutor_review
113-2-66-22,核子醫學診療原理與技術學,神經系統,sources/113_2/66_Q.pdf,5,5,keyword_candidates_require_tutor_review
113-2-66-23,核子醫學診療原理與技術學,神經系統,sources/113_2/66_Q.pdf,5,5,keyword_candidates_require_tutor_review
113-2-66-24,核子醫學診療原理與技術學,心血管系統,sources/113_2/66_Q.pdf,5,5,keyword_candidates_require_tutor_review
113-2-66-25,核子醫學診療原理與技術學,心血管系統;呼吸系統,sources/113_2/66_Q.pdf,5,5,keyword_candidates_require_tutor_review
113-2-66-26,核子醫學診療原理與技術學,核醫器官檢查;心血管系統,sources/113_2/66_Q.pdf,5,6,keyword_candidates_require_tutor_review
113-2-66-27,核子醫學診療原理與技術學,放射藥物與核種製備;核醫器官檢查;心血管系統,sources/113_2/66_Q.pdf,6,6,keyword_candidates_require_tutor_review
113-2-66-28,核子醫學診療原理與技術學,核衰變與核種平衡;核醫PET;癌症與臨床放療,sources/113_2/66_Q.pdf,6,6,keyword_candidates_require_tutor_review
113-2-66-29,核子醫學診療原理與技術學,癌症與臨床放療;神經系統;呼吸系統;消化系統;內分泌與代謝,sources/113_2/66_Q.pdf,6,6,keyword_candidates_require_tutor_review
113-2-66-30,核子醫學診療原理與技術學,放射藥物與核種製備;癌症與臨床放療;骨骼肌肉解剖與病理;內分泌與代謝,sources/113_2/66_Q.pdf,6,6,keyword_candidates_require_tutor_review
113-2-66-31,核子醫學診療原理與技術學,核醫SPECT與加馬攝影機,sources/113_2/66_Q.pdf,6,7,keyword_candidates_require_tutor_review
113-2-66-32,核子醫學診療原理與技術學,攝影擺位與投照;神經系統;內分泌與代謝,sources/113_2/66_Q.pdf,7,7,keyword_candidates_require_tutor_review
113-2-66-33,核子醫學診療原理與技術學,MRI原理與技術;癌症與臨床放療,sources/113_2/66_Q.pdf,7,7,keyword_candidates_require_tutor_review
113-2-66-34,核子醫學診療原理與技術學,核衰變與核種平衡;核醫PET;癌症與臨床放療;消化系統;內分泌與代謝,sources/113_2/66_Q.pdf,7,7,keyword_candidates_require_tutor_review
113-2-66-35,核子醫學診療原理與技術學,核衰變與核種平衡;衰減與屏蔽;底片與影像接受器;核醫PET;放療設備與品保;對比劑與特殊攝影,sources/113_2/66_Q.pdf,7,7,keyword_candidates_require_tutor_review
113-2-66-36,核子醫學診療原理與技術學,放射藥物與核種製備;骨骼肌肉解剖與病理,sources/113_2/66_Q.pdf,7,7,keyword_candidates_require_tutor_review
113-2-66-37,核子醫學診療原理與技術學,核醫PET;癌症與臨床放療;神經系統;泌尿與生殖系統;血液免疫與一般病理,sources/113_2/66_Q.pdf,7,8,keyword_candidates_require_tutor_review
113-2-66-38,核子醫學診療原理與技術學,MRI原理與技術;放射藥物與核種製備;攝影擺位與投照;泌尿與生殖系統,sources/113_2/66_Q.pdf,8,8,keyword_candidates_require_tutor_review
113-2-66-39,核子醫學診療原理與技術學,核醫器官檢查;泌尿與生殖系統,sources/113_2/66_Q.pdf,8,8,keyword_candidates_require_tutor_review
113-2-66-40,核子醫學診療原理與技術學,偵檢器與計數統計;MRI原理與技術;放射藥物與核種製備;內分泌與代謝,sources/113_2/66_Q.pdf,8,8,keyword_candidates_require_tutor_review
113-2-66-41,核子醫學診療原理與技術學,偵檢器與計數統計;MRI原理與技術;放射藥物與核種製備;內分泌與代謝,sources/113_2/66_Q.pdf,8,9,keyword_candidates_require_tutor_review
113-2-66-42,核子醫學診療原理與技術學,泌尿與生殖系統,sources/113_2/66_Q.pdf,9,9,keyword_candidates_require_tutor_review
113-2-66-43,核子醫學診療原理與技術學,呼吸系統;消化系統;內分泌與代謝,sources/113_2/66_Q.pdf,9,10,keyword_candidates_require_tutor_review
113-2-66-44,核子醫學診療原理與技術學,核醫PET;癌症與臨床放療;神經系統;內分泌與代謝,sources/113_2/66_Q.pdf,10,10,keyword_candidates_require_tutor_review
113-2-66-45,核子醫學診療原理與技術學,偵檢器與計數統計;放射藥物與核種製備;內分泌與代謝,sources/113_2/66_Q.pdf,10,11,keyword_candidates_require_tutor_review
113-2-66-46,核子醫學診療原理與技術學,半衰期與活度;偵檢器與計數統計;內分泌與代謝,sources/113_2/66_Q.pdf,11,11,keyword_candidates_require_tutor_review
113-2-66-47,核子醫學診療原理與技術學,放射藥物與核種製備;消化系統;內分泌與代謝,sources/113_2/66_Q.pdf,11,11,keyword_candidates_require_tutor_review
113-2-66-48,核子醫學診療原理與技術學,MRI原理與技術;核醫PET;放射藥物與核種製備;血液免疫與一般病理,sources/113_2/66_Q.pdf,11,11,keyword_candidates_require_tutor_review
113-2-66-49,核子醫學診療原理與技術學,放射藥物與核種製備;消化系統,sources/113_2/66_Q.pdf,11,11,keyword_candidates_require_tutor_review
113-2-66-50,核子醫學診療原理與技術學,MRI原理與技術;放射藥物與核種製備;攝影擺位與投照;消化系統;血液免疫與一般病理,sources/113_2/66_Q.pdf,11,11,keyword_candidates_require_tutor_review
113-2-66-51,核子醫學診療原理與技術學,偵檢器與計數統計;影像品質與數位影像,sources/113_2/66_Q.pdf,11,12,keyword_candidates_require_tutor_review
113-2-66-52,核子醫學診療原理與技術學,放射藥物與核種製備;心血管系統;消化系統;血液免疫與一般病理,sources/113_2/66_Q.pdf,12,12,keyword_candidates_require_tutor_review
113-2-66-53,核子醫學診療原理與技術學,放射藥物與核種製備;核醫器官檢查,sources/113_2/66_Q.pdf,12,12,keyword_candidates_require_tutor_review
113-2-66-54,核子醫學診療原理與技術學,核醫器官檢查;骨骼肌肉解剖與病理,sources/113_2/66_Q.pdf,12,12,keyword_candidates_require_tutor_review
113-2-66-55,核子醫學診療原理與技術學,MRI原理與技術;放射藥物與核種製備,sources/113_2/66_Q.pdf,12,12,keyword_candidates_require_tutor_review
113-2-66-56,核子醫學診療原理與技術學,放射生物學;放射藥物與核種製備;消化系統,sources/113_2/66_Q.pdf,12,12,keyword_candidates_require_tutor_review
113-2-66-57,核子醫學診療原理與技術學,半衰期與活度,sources/113_2/66_Q.pdf,13,13,keyword_candidates_require_tutor_review
113-2-66-58,核子醫學診療原理與技術學,,sources/113_2/66_Q.pdf,13,13,keyword_candidates_require_tutor_review
113-2-66-59,核子醫學診療原理與技術學,血液免疫與一般病理,sources/113_2/66_Q.pdf,13,13,keyword_candidates_require_tutor_review
113-2-66-60,核子醫學診療原理與技術學,偵檢器與計數統計;血液免疫與一般病理,sources/113_2/66_Q.pdf,13,13,keyword_candidates_require_tutor_review
113-2-66-61,核子醫學診療原理與技術學,,sources/113_2/66_Q.pdf,13,13,keyword_candidates_require_tutor_review
113-2-66-62,核子醫學診療原理與技術學,癌症與臨床放療;神經系統;內分泌與代謝,sources/113_2/66_Q.pdf,13,14,keyword_candidates_require_tutor_review
113-2-66-63,核子醫學診療原理與技術學,衰減與屏蔽,sources/113_2/66_Q.pdf,14,14,keyword_candidates_require_tutor_review
113-2-66-64,核子醫學診療原理與技術學,衰減與屏蔽;放射藥物與核種製備,sources/113_2/66_Q.pdf,14,14,keyword_candidates_require_tutor_review
113-2-66-65,核子醫學診療原理與技術學,衰減與屏蔽;輻射量與劑量學;偵檢器與計數統計;輻射防護與法規;癌症與臨床放療;骨骼肌肉解剖與病理,sources/113_2/66_Q.pdf,14,14,keyword_candidates_require_tutor_review
113-2-66-66,核子醫學診療原理與技術學,癌症與臨床放療;內分泌與代謝,sources/113_2/66_Q.pdf,14,14,keyword_candidates_require_tutor_review
113-2-66-67,核子醫學診療原理與技術學,骨骼肌肉解剖與病理,sources/113_2/66_Q.pdf,14,14,keyword_candidates_require_tutor_review
113-2-66-68,核子醫學診療原理與技術學,,sources/113_2/66_Q.pdf,14,15,keyword_candidates_require_tutor_review
113-2-66-69,核子醫學診療原理與技術學,半衰期與活度;偵檢器與計數統計;放射藥物與核種製備,sources/113_2/66_Q.pdf,15,15,keyword_candidates_require_tutor_review
113-2-66-70,核子醫學診療原理與技術學,影像品質與數位影像,sources/113_2/66_Q.pdf,15,15,keyword_candidates_require_tutor_review
113-2-66-71,核子醫學診療原理與技術學,影像品質與數位影像;癌症與臨床放療;骨骼肌肉解剖與病理,sources/113_2/66_Q.pdf,15,15,keyword_candidates_require_tutor_review
113-2-66-72,核子醫學診療原理與技術學,,sources/113_2/66_Q.pdf,15,15,keyword_candidates_require_tutor_review
113-2-66-73,核子醫學診療原理與技術學,核醫PET;對比劑與特殊攝影;消化系統,sources/113_2/66_Q.pdf,15,16,keyword_candidates_require_tutor_review
113-2-66-74,核子醫學診療原理與技術學,偵檢器與計數統計;MRI原理與技術;底片與影像接受器;放療設備與品保,sources/113_2/66_Q.pdf,16,16,keyword_candidates_require_tutor_review
113-2-66-75,核子醫學診療原理與技術學,偵檢器與計數統計,sources/113_2/66_Q.pdf,16,16,keyword_candidates_require_tutor_review
113-2-66-76,核子醫學診療原理與技術學,偵檢器與計數統計,sources/113_2/66_Q.pdf,16,16,keyword_candidates_require_tutor_review
113-2-66-77,核子醫學診療原理與技術學,,sources/113_2/66_Q.pdf,16,16,keyword_candidates_require_tutor_review
113-2-66-78,核子醫學診療原理與技術學,偵檢器與計數統計,sources/113_2/66_Q.pdf,16,16,keyword_candidates_require_tutor_review
113-2-66-79,核子醫學診療原理與技術學,半衰期與活度,sources/113_2/66_Q.pdf,16,17,keyword_candidates_require_tutor_review
113-2-66-80,核子醫學診療原理與技術學,MRI原理與技術;放射藥物與核種製備,sources/113_2/66_Q.pdf,17,17,keyword_candidates_require_tutor_review
114-1-0108-01,基礎醫學（包括解剖學、生理學與病理學）,,sources/114_1/0108_Q.pdf,1,1,keyword_candidates_require_tutor_review
114-1-0108-02,基礎醫學（包括解剖學、生理學與病理學）,放射生物學;骨骼肌肉解剖與病理;呼吸系統;消化系統,sources/114_1/0108_Q.pdf,1,1,keyword_candidates_require_tutor_review
114-1-0108-03,基礎醫學（包括解剖學、生理學與病理學）,MRI原理與技術;神經系統,sources/114_1/0108_Q.pdf,1,1,keyword_candidates_require_tutor_review
114-1-0108-04,基礎醫學（包括解剖學、生理學與病理學）,骨骼肌肉解剖與病理,sources/114_1/0108_Q.pdf,1,1,keyword_candidates_require_tutor_review
114-1-0108-05,基礎醫學（包括解剖學、生理學與病理學）,骨骼肌肉解剖與病理,sources/114_1/0108_Q.pdf,1,2,keyword_candidates_require_tutor_review
114-1-0108-06,基礎醫學（包括解剖學、生理學與病理學）,骨骼肌肉解剖與病理;神經系統,sources/114_1/0108_Q.pdf,2,2,keyword_candidates_require_tutor_review
114-1-0108-07,基礎醫學（包括解剖學、生理學與病理學）,骨骼肌肉解剖與病理;神經系統,sources/114_1/0108_Q.pdf,2,2,keyword_candidates_require_tutor_review
114-1-0108-08,基礎醫學（包括解剖學、生理學與病理學）,,sources/114_1/0108_Q.pdf,2,2,keyword_candidates_require_tutor_review
114-1-0108-09,基礎醫學（包括解剖學、生理學與病理學）,骨骼肌肉解剖與病理,sources/114_1/0108_Q.pdf,2,2,keyword_candidates_require_tutor_review
114-1-0108-10,基礎醫學（包括解剖學、生理學與病理學）,骨骼肌肉解剖與病理,sources/114_1/0108_Q.pdf,2,2,keyword_candidates_require_tutor_review
114-1-0108-11,基礎醫學（包括解剖學、生理學與病理學）,神經系統,sources/114_1/0108_Q.pdf,2,3,keyword_candidates_require_tutor_review
114-1-0108-12,基礎醫學（包括解剖學、生理學與病理學）,,sources/114_1/0108_Q.pdf,3,3,keyword_candidates_require_tutor_review
114-1-0108-13,基礎醫學（包括解剖學、生理學與病理學）,骨骼肌肉解剖與病理;神經系統,sources/114_1/0108_Q.pdf,3,3,keyword_candidates_require_tutor_review
114-1-0108-14,基礎醫學（包括解剖學、生理學與病理學）,神經系統,sources/114_1/0108_Q.pdf,3,3,keyword_candidates_require_tutor_review
114-1-0108-15,基礎醫學（包括解剖學、生理學與病理學）,骨骼肌肉解剖與病理;神經系統,sources/114_1/0108_Q.pdf,3,3,keyword_candidates_require_tutor_review
114-1-0108-16,基礎醫學（包括解剖學、生理學與病理學）,神經系統,sources/114_1/0108_Q.pdf,3,3,keyword_candidates_require_tutor_review
114-1-0108-17,基礎醫學（包括解剖學、生理學與病理學）,神經系統,sources/114_1/0108_Q.pdf,3,4,keyword_candidates_require_tutor_review
114-1-0108-18,基礎醫學（包括解剖學、生理學與病理學）,神經系統,sources/114_1/0108_Q.pdf,4,4,keyword_candidates_require_tutor_review
114-1-0108-19,基礎醫學（包括解剖學、生理學與病理學）,神經系統,sources/114_1/0108_Q.pdf,4,4,keyword_candidates_require_tutor_review
114-1-0108-20,基礎醫學（包括解剖學、生理學與病理學）,神經系統,sources/114_1/0108_Q.pdf,4,4,keyword_candidates_require_tutor_review
114-1-0108-21,基礎醫學（包括解剖學、生理學與病理學）,神經系統;內分泌與代謝,sources/114_1/0108_Q.pdf,4,4,keyword_candidates_require_tutor_review
114-1-0108-22,基礎醫學（包括解剖學、生理學與病理學）,MRI原理與技術;骨骼肌肉解剖與病理,sources/114_1/0108_Q.pdf,4,4,keyword_candidates_require_tutor_review
114-1-0108-23,基礎醫學（包括解剖學、生理學與病理學）,MRI原理與技術;血液免疫與一般病理,sources/114_1/0108_Q.pdf,4,5,keyword_candidates_require_tutor_review
114-1-0108-24,基礎醫學（包括解剖學、生理學與病理學）,MRI原理與技術;血液免疫與一般病理,sources/114_1/0108_Q.pdf,5,5,keyword_candidates_require_tutor_review
114-1-0108-25,基礎醫學（包括解剖學、生理學與病理學）,骨骼肌肉解剖與病理,sources/114_1/0108_Q.pdf,5,5,keyword_candidates_require_tutor_review
114-1-0108-26,基礎醫學（包括解剖學、生理學與病理學）,,sources/114_1/0108_Q.pdf,5,5,keyword_candidates_require_tutor_review
114-1-0108-27,基礎醫學（包括解剖學、生理學與病理學）,神經系統;心血管系統,sources/114_1/0108_Q.pdf,5,5,keyword_candidates_require_tutor_review
114-1-0108-28,基礎醫學（包括解剖學、生理學與病理學）,神經系統;心血管系統,sources/114_1/0108_Q.pdf,5,5,keyword_candidates_require_tutor_review
114-1-0108-29,基礎醫學（包括解剖學、生理學與病理學）,,sources/114_1/0108_Q.pdf,5,6,keyword_candidates_require_tutor_review
114-1-0108-30,基礎醫學（包括解剖學、生理學與病理學）,消化系統,sources/114_1/0108_Q.pdf,6,6,keyword_candidates_require_tutor_review
114-1-0108-31,基礎醫學（包括解剖學、生理學與病理學）,骨骼肌肉解剖與病理,sources/114_1/0108_Q.pdf,6,6,keyword_candidates_require_tutor_review
114-1-0108-32,基礎醫學（包括解剖學、生理學與病理學）,骨骼肌肉解剖與病理;泌尿與生殖系統,sources/114_1/0108_Q.pdf,6,6,keyword_candidates_require_tutor_review
114-1-0108-33,基礎醫學（包括解剖學、生理學與病理學）,泌尿與生殖系統,sources/114_1/0108_Q.pdf,6,6,keyword_candidates_require_tutor_review
114-1-0108-34,基礎醫學（包括解剖學、生理學與病理學）,MRI原理與技術;泌尿與生殖系統,sources/114_1/0108_Q.pdf,6,7,keyword_candidates_require_tutor_review
114-1-0108-35,基礎醫學（包括解剖學、生理學與病理學）,,sources/114_1/0108_Q.pdf,7,7,keyword_candidates_require_tutor_review
114-1-0108-36,基礎醫學（包括解剖學、生理學與病理學）,MRI原理與技術;骨骼肌肉解剖與病理;消化系統,sources/114_1/0108_Q.pdf,7,7,keyword_candidates_require_tutor_review
114-1-0108-37,基礎醫學（包括解剖學、生理學與病理學）,骨骼肌肉解剖與病理;神經系統,sources/114_1/0108_Q.pdf,7,7,keyword_candidates_require_tutor_review
114-1-0108-38,基礎醫學（包括解剖學、生理學與病理學）,,sources/114_1/0108_Q.pdf,7,7,keyword_candidates_require_tutor_review
114-1-0108-39,基礎醫學（包括解剖學、生理學與病理學）,MRI原理與技術;攝影擺位與投照;內分泌與代謝,sources/114_1/0108_Q.pdf,7,7,keyword_candidates_require_tutor_review
114-1-0108-40,基礎醫學（包括解剖學、生理學與病理學）,神經系統;呼吸系統,sources/114_1/0108_Q.pdf,7,8,keyword_candidates_require_tutor_review
114-1-0108-41,基礎醫學（包括解剖學、生理學與病理學）,神經系統,sources/114_1/0108_Q.pdf,8,8,keyword_candidates_require_tutor_review
114-1-0108-42,基礎醫學（包括解剖學、生理學與病理學）,骨骼肌肉解剖與病理,sources/114_1/0108_Q.pdf,8,8,keyword_candidates_require_tutor_review
114-1-0108-43,基礎醫學（包括解剖學、生理學與病理學）,骨骼肌肉解剖與病理,sources/114_1/0108_Q.pdf,8,8,keyword_candidates_require_tutor_review
114-1-0108-44,基礎醫學（包括解剖學、生理學與病理學）,骨骼肌肉解剖與病理;神經系統,sources/114_1/0108_Q.pdf,8,8,keyword_candidates_require_tutor_review
114-1-0108-45,基礎醫學（包括解剖學、生理學與病理學）,心血管系統,sources/114_1/0108_Q.pdf,8,8,keyword_candidates_require_tutor_review
114-1-0108-46,基礎醫學（包括解剖學、生理學與病理學）,,sources/114_1/0108_Q.pdf,8,9,keyword_candidates_require_tutor_review
114-1-0108-47,基礎醫學（包括解剖學、生理學與病理學）,,sources/114_1/0108_Q.pdf,9,9,keyword_candidates_require_tutor_review
114-1-0108-48,基礎醫學（包括解剖學、生理學與病理學）,呼吸系統,sources/114_1/0108_Q.pdf,9,9,keyword_candidates_require_tutor_review
114-1-0108-49,基礎醫學（包括解剖學、生理學與病理學）,MRI原理與技術,sources/114_1/0108_Q.pdf,9,9,keyword_candidates_require_tutor_review
114-1-0108-50,基礎醫學（包括解剖學、生理學與病理學）,泌尿與生殖系統,sources/114_1/0108_Q.pdf,9,9,keyword_candidates_require_tutor_review
114-1-0108-51,基礎醫學（包括解剖學、生理學與病理學）,泌尿與生殖系統,sources/114_1/0108_Q.pdf,9,9,keyword_candidates_require_tutor_review
114-1-0108-52,基礎醫學（包括解剖學、生理學與病理學）,癌症與臨床放療;消化系統,sources/114_1/0108_Q.pdf,9,10,keyword_candidates_require_tutor_review
114-1-0108-53,基礎醫學（包括解剖學、生理學與病理學）,,sources/114_1/0108_Q.pdf,10,10,keyword_candidates_require_tutor_review
114-1-0108-54,基礎醫學（包括解剖學、生理學與病理學）,消化系統,sources/114_1/0108_Q.pdf,10,10,keyword_candidates_require_tutor_review
114-1-0108-55,基礎醫學（包括解剖學、生理學與病理學）,內分泌與代謝,sources/114_1/0108_Q.pdf,10,10,keyword_candidates_require_tutor_review
114-1-0108-56,基礎醫學（包括解剖學、生理學與病理學）,消化系統;內分泌與代謝,sources/114_1/0108_Q.pdf,10,10,keyword_candidates_require_tutor_review
114-1-0108-57,基礎醫學（包括解剖學、生理學與病理學）,內分泌與代謝,sources/114_1/0108_Q.pdf,10,10,keyword_candidates_require_tutor_review
114-1-0108-58,基礎醫學（包括解剖學、生理學與病理學）,癌症與臨床放療;神經系統;泌尿與生殖系統;內分泌與代謝,sources/114_1/0108_Q.pdf,10,11,keyword_candidates_require_tutor_review
114-1-0108-59,基礎醫學（包括解剖學、生理學與病理學）,癌症與臨床放療;血液免疫與一般病理,sources/114_1/0108_Q.pdf,11,11,keyword_candidates_require_tutor_review
114-1-0108-60,基礎醫學（包括解剖學、生理學與病理學）,,sources/114_1/0108_Q.pdf,11,11,keyword_candidates_require_tutor_review
114-1-0108-61,基礎醫學（包括解剖學、生理學與病理學）,血液免疫與一般病理,sources/114_1/0108_Q.pdf,11,11,keyword_candidates_require_tutor_review
114-1-0108-62,基礎醫學（包括解剖學、生理學與病理學）,MRI原理與技術;血液免疫與一般病理,sources/114_1/0108_Q.pdf,11,11,keyword_candidates_require_tutor_review
114-1-0108-63,基礎醫學（包括解剖學、生理學與病理學）,,sources/114_1/0108_Q.pdf,11,12,keyword_candidates_require_tutor_review
114-1-0108-64,基礎醫學（包括解剖學、生理學與病理學）,放射生物學;癌症與臨床放療,sources/114_1/0108_Q.pdf,12,12,keyword_candidates_require_tutor_review
114-1-0108-65,基礎醫學（包括解剖學、生理學與病理學）,MRI原理與技術;放射藥物與核種製備;癌症與臨床放療;呼吸系統;消化系統,sources/114_1/0108_Q.pdf,12,12,keyword_candidates_require_tutor_review
114-1-0108-66,基礎醫學（包括解剖學、生理學與病理學）,輻射量與劑量學;心血管系統;呼吸系統,sources/114_1/0108_Q.pdf,12,12,keyword_candidates_require_tutor_review
114-1-0108-67,基礎醫學（包括解剖學、生理學與病理學）,,sources/114_1/0108_Q.pdf,12,12,keyword_candidates_require_tutor_review
114-1-0108-68,基礎醫學（包括解剖學、生理學與病理學）,血液免疫與一般病理,sources/114_1/0108_Q.pdf,12,12,keyword_candidates_require_tutor_review
114-1-0108-69,基礎醫學（包括解剖學、生理學與病理學）,,sources/114_1/0108_Q.pdf,12,13,keyword_candidates_require_tutor_review
114-1-0108-70,基礎醫學（包括解剖學、生理學與病理學）,癌症與臨床放療,sources/114_1/0108_Q.pdf,13,13,keyword_candidates_require_tutor_review
114-1-0108-71,基礎醫學（包括解剖學、生理學與病理學）,神經系統,sources/114_1/0108_Q.pdf,13,13,keyword_candidates_require_tutor_review
114-1-0108-72,基礎醫學（包括解剖學、生理學與病理學）,神經系統,sources/114_1/0108_Q.pdf,13,13,keyword_candidates_require_tutor_review
114-1-0108-73,基礎醫學（包括解剖學、生理學與病理學）,,sources/114_1/0108_Q.pdf,13,13,keyword_candidates_require_tutor_review
114-1-0108-74,基礎醫學（包括解剖學、生理學與病理學）,MRI原理與技術;血液免疫與一般病理,sources/114_1/0108_Q.pdf,13,13,keyword_candidates_require_tutor_review
114-1-0108-75,基礎醫學（包括解剖學、生理學與病理學）,癌症與臨床放療;泌尿與生殖系統,sources/114_1/0108_Q.pdf,13,14,keyword_candidates_require_tutor_review
114-1-0108-76,基礎醫學（包括解剖學、生理學與病理學）,癌症與臨床放療;泌尿與生殖系統,sources/114_1/0108_Q.pdf,14,14,keyword_candidates_require_tutor_review
114-1-0108-77,基礎醫學（包括解剖學、生理學與病理學）,放射藥物與核種製備;癌症與臨床放療;內分泌與代謝,sources/114_1/0108_Q.pdf,14,14,keyword_candidates_require_tutor_review
114-1-0108-78,基礎醫學（包括解剖學、生理學與病理學）,心血管系統;內分泌與代謝,sources/114_1/0108_Q.pdf,14,14,keyword_candidates_require_tutor_review
114-1-0108-79,基礎醫學（包括解剖學、生理學與病理學）,放射藥物與核種製備;神經系統,sources/114_1/0108_Q.pdf,14,14,keyword_candidates_require_tutor_review
114-1-0108-80,基礎醫學（包括解剖學、生理學與病理學）,神經系統,sources/114_1/0108_Q.pdf,14,14,keyword_candidates_require_tutor_review
114-1-0601-01,醫學物理學與輻射安全,半衰期與活度,sources/114_1/0601_Q.pdf,1,1,keyword_candidates_require_tutor_review
114-1-0601-02,醫學物理學與輻射安全,核衰變與核種平衡;半衰期與活度;MRI原理與技術,sources/114_1/0601_Q.pdf,1,1,keyword_candidates_require_tutor_review
114-1-0601-03,醫學物理學與輻射安全,核衰變與核種平衡;半衰期與活度,sources/114_1/0601_Q.pdf,1,1,keyword_candidates_require_tutor_review
114-1-0601-04,醫學物理學與輻射安全,核衰變與核種平衡,sources/114_1/0601_Q.pdf,1,1,keyword_candidates_require_tutor_review
114-1-0601-05,醫學物理學與輻射安全,,sources/114_1/0601_Q.pdf,1,2,keyword_candidates_require_tutor_review
114-1-0601-06,醫學物理學與輻射安全,,sources/114_1/0601_Q.pdf,2,2,keyword_candidates_require_tutor_review
114-1-0601-07,醫學物理學與輻射安全,,sources/114_1/0601_Q.pdf,2,2,keyword_candidates_require_tutor_review
114-1-0601-08,醫學物理學與輻射安全,光子與物質交互作用,sources/114_1/0601_Q.pdf,2,2,keyword_candidates_require_tutor_review
114-1-0601-09,醫學物理學與輻射安全,輻射量與劑量學;MRI原理與技術,sources/114_1/0601_Q.pdf,2,2,keyword_candidates_require_tutor_review
114-1-0601-10,醫學物理學與輻射安全,核衰變與核種平衡;X光產生與能譜,sources/114_1/0601_Q.pdf,2,2,keyword_candidates_require_tutor_review
114-1-0601-11,醫學物理學與輻射安全,輻射量與劑量學,sources/114_1/0601_Q.pdf,2,3,keyword_candidates_require_tutor_review
114-1-0601-12,醫學物理學與輻射安全,輻射量與劑量學,sources/114_1/0601_Q.pdf,3,3,keyword_candidates_require_tutor_review
114-1-0601-13,醫學物理學與輻射安全,輻射量與劑量學,sources/114_1/0601_Q.pdf,3,3,keyword_candidates_require_tutor_review
114-1-0601-14,醫學物理學與輻射安全,核衰變與核種平衡;半衰期與活度;輻射量與劑量學;MRI原理與技術,sources/114_1/0601_Q.pdf,3,3,keyword_candidates_require_tutor_review
114-1-0601-15,醫學物理學與輻射安全,輻射量與劑量學;MRI原理與技術,sources/114_1/0601_Q.pdf,3,3,keyword_candidates_require_tutor_review
114-1-0601-16,醫學物理學與輻射安全,,sources/114_1/0601_Q.pdf,3,4,keyword_candidates_require_tutor_review
114-1-0601-17,醫學物理學與輻射安全,偵檢器與計數統計;對比劑與特殊攝影,sources/114_1/0601_Q.pdf,4,4,keyword_candidates_require_tutor_review
114-1-0601-18,醫學物理學與輻射安全,影像品質與數位影像,sources/114_1/0601_Q.pdf,4,4,keyword_candidates_require_tutor_review
114-1-0601-19,醫學物理學與輻射安全,,sources/114_1/0601_Q.pdf,4,4,keyword_candidates_require_tutor_review
114-1-0601-20,醫學物理學與輻射安全,X光產生與能譜;偵檢器與計數統計;CT原理與技術;放射藥物與核種製備;神經系統,sources/114_1/0601_Q.pdf,4,4,keyword_candidates_require_tutor_review
114-1-0601-21,醫學物理學與輻射安全,放射治療計畫與劑量;放療設備與品保,sources/114_1/0601_Q.pdf,4,4,keyword_candidates_require_tutor_review
114-1-0601-22,醫學物理學與輻射安全,放射治療計畫與劑量,sources/114_1/0601_Q.pdf,4,5,keyword_candidates_require_tutor_review
114-1-0601-23,醫學物理學與輻射安全,輻射量與劑量學;MRI原理與技術;攝影擺位與投照,sources/114_1/0601_Q.pdf,5,5,keyword_candidates_require_tutor_review
114-1-0601-24,醫學物理學與輻射安全,輻射量與劑量學;核醫SPECT與加馬攝影機;放療設備與品保,sources/114_1/0601_Q.pdf,5,5,keyword_candidates_require_tutor_review
114-1-0601-25,醫學物理學與輻射安全,輻射量與劑量學;輻射防護與法規;CT原理與技術;核醫PET;放療設備與品保,sources/114_1/0601_Q.pdf,5,6,keyword_candidates_require_tutor_review
114-1-0601-26,醫學物理學與輻射安全,核衰變與核種平衡;放射藥物與核種製備,sources/114_1/0601_Q.pdf,6,6,keyword_candidates_require_tutor_review
114-1-0601-27,醫學物理學與輻射安全,核衰變與核種平衡,sources/114_1/0601_Q.pdf,6,6,keyword_candidates_require_tutor_review
114-1-0601-28,醫學物理學與輻射安全,,sources/114_1/0601_Q.pdf,6,6,keyword_candidates_require_tutor_review
114-1-0601-29,醫學物理學與輻射安全,放射藥物與核種製備,sources/114_1/0601_Q.pdf,6,6,keyword_candidates_require_tutor_review
114-1-0601-30,醫學物理學與輻射安全,偵檢器與計數統計,sources/114_1/0601_Q.pdf,6,6,keyword_candidates_require_tutor_review
114-1-0601-31,醫學物理學與輻射安全,超音波原理與技術,sources/114_1/0601_Q.pdf,7,7,keyword_candidates_require_tutor_review
114-1-0601-32,醫學物理學與輻射安全,超音波原理與技術,sources/114_1/0601_Q.pdf,7,7,keyword_candidates_require_tutor_review
114-1-0601-33,醫學物理學與輻射安全,超音波原理與技術,sources/114_1/0601_Q.pdf,7,7,keyword_candidates_require_tutor_review
114-1-0601-34,醫學物理學與輻射安全,超音波原理與技術;骨骼肌肉解剖與病理,sources/114_1/0601_Q.pdf,7,7,keyword_candidates_require_tutor_review
114-1-0601-35,醫學物理學與輻射安全,超音波原理與技術,sources/114_1/0601_Q.pdf,7,7,keyword_candidates_require_tutor_review
114-1-0601-36,醫學物理學與輻射安全,MRI原理與技術,sources/114_1/0601_Q.pdf,7,8,keyword_candidates_require_tutor_review
114-1-0601-37,醫學物理學與輻射安全,MRI原理與技術,sources/114_1/0601_Q.pdf,8,8,keyword_candidates_require_tutor_review
114-1-0601-38,醫學物理學與輻射安全,影像品質與數位影像,sources/114_1/0601_Q.pdf,8,8,keyword_candidates_require_tutor_review
114-1-0601-39,醫學物理學與輻射安全,MRI原理與技術,sources/114_1/0601_Q.pdf,8,8,keyword_candidates_require_tutor_review
114-1-0601-40,醫學物理學與輻射安全,MRI原理與技術;影像品質與數位影像,sources/114_1/0601_Q.pdf,8,8,keyword_candidates_require_tutor_review
114-1-0601-41,醫學物理學與輻射安全,半衰期與活度;輻射量與劑量學,sources/114_1/0601_Q.pdf,8,8,keyword_candidates_require_tutor_review
114-1-0601-42,醫學物理學與輻射安全,輻射量與劑量學;放射生物學,sources/114_1/0601_Q.pdf,8,9,keyword_candidates_require_tutor_review
114-1-0601-43,醫學物理學與輻射安全,輻射防護與法規;核醫PET,sources/114_1/0601_Q.pdf,9,9,keyword_candidates_require_tutor_review
114-1-0601-44,醫學物理學與輻射安全,輻射量與劑量學;輻射防護與法規;核醫PET,sources/114_1/0601_Q.pdf,9,9,keyword_candidates_require_tutor_review
114-1-0601-45,醫學物理學與輻射安全,半衰期與活度,sources/114_1/0601_Q.pdf,9,9,keyword_candidates_require_tutor_review
114-1-0601-46,醫學物理學與輻射安全,,sources/114_1/0601_Q.pdf,9,9,keyword_candidates_require_tutor_review
114-1-0601-47,醫學物理學與輻射安全,輻射量與劑量學,sources/114_1/0601_Q.pdf,9,10,keyword_candidates_require_tutor_review
114-1-0601-48,醫學物理學與輻射安全,,sources/114_1/0601_Q.pdf,10,10,keyword_candidates_require_tutor_review
114-1-0601-49,醫學物理學與輻射安全,輻射量與劑量學;底片與影像接受器,sources/114_1/0601_Q.pdf,10,10,keyword_candidates_require_tutor_review
114-1-0601-50,醫學物理學與輻射安全,輻射量與劑量學,sources/114_1/0601_Q.pdf,10,10,keyword_candidates_require_tutor_review
114-1-0601-51,醫學物理學與輻射安全,輻射量與劑量學;偵檢器與計數統計,sources/114_1/0601_Q.pdf,10,10,keyword_candidates_require_tutor_review
114-1-0601-52,醫學物理學與輻射安全,,sources/114_1/0601_Q.pdf,10,11,keyword_candidates_require_tutor_review
114-1-0601-53,醫學物理學與輻射安全,偵檢器與計數統計,sources/114_1/0601_Q.pdf,11,11,keyword_candidates_require_tutor_review
114-1-0601-54,醫學物理學與輻射安全,輻射量與劑量學,sources/114_1/0601_Q.pdf,11,11,keyword_candidates_require_tutor_review
114-1-0601-55,醫學物理學與輻射安全,半衰期與活度;輻射量與劑量學;偵檢器與計數統計;輻射防護與法規,sources/114_1/0601_Q.pdf,11,11,keyword_candidates_require_tutor_review
114-1-0601-56,醫學物理學與輻射安全,偵檢器與計數統計,sources/114_1/0601_Q.pdf,11,11,keyword_candidates_require_tutor_review
114-1-0601-57,醫學物理學與輻射安全,衰減與屏蔽;輻射量與劑量學;MRI原理與技術,sources/114_1/0601_Q.pdf,11,11,keyword_candidates_require_tutor_review
114-1-0601-58,醫學物理學與輻射安全,骨骼肌肉解剖與病理,sources/114_1/0601_Q.pdf,12,12,keyword_candidates_require_tutor_review
114-1-0601-59,醫學物理學與輻射安全,核衰變與核種平衡,sources/114_1/0601_Q.pdf,12,12,keyword_candidates_require_tutor_review
114-1-0601-60,醫學物理學與輻射安全,核衰變與核種平衡,sources/114_1/0601_Q.pdf,12,12,keyword_candidates_require_tutor_review
114-1-0601-61,醫學物理學與輻射安全,衰減與屏蔽,sources/114_1/0601_Q.pdf,12,12,keyword_candidates_require_tutor_review
114-1-0601-62,醫學物理學與輻射安全,衰減與屏蔽;輻射防護與法規,sources/114_1/0601_Q.pdf,12,13,keyword_candidates_require_tutor_review
114-1-0601-63,醫學物理學與輻射安全,輻射量與劑量學;MRI原理與技術,sources/114_1/0601_Q.pdf,13,13,keyword_candidates_require_tutor_review
114-1-0601-64,醫學物理學與輻射安全,輻射量與劑量學,sources/114_1/0601_Q.pdf,13,13,keyword_candidates_require_tutor_review
114-1-0601-65,醫學物理學與輻射安全,,sources/114_1/0601_Q.pdf,13,13,keyword_candidates_require_tutor_review
114-1-0601-66,醫學物理學與輻射安全,放射生物學,sources/114_1/0601_Q.pdf,13,13,keyword_candidates_require_tutor_review
114-1-0601-67,醫學物理學與輻射安全,半衰期與活度;輻射防護與法規;近接與特殊放療,sources/114_1/0601_Q.pdf,13,13,keyword_candidates_require_tutor_review
114-1-0601-68,醫學物理學與輻射安全,輻射量與劑量學;血液免疫與一般病理,sources/114_1/0601_Q.pdf,13,14,keyword_candidates_require_tutor_review
114-1-0601-69,醫學物理學與輻射安全,衰減與屏蔽;輻射量與劑量學,sources/114_1/0601_Q.pdf,14,14,keyword_candidates_require_tutor_review
114-1-0601-70,醫學物理學與輻射安全,輻射防護與法規,sources/114_1/0601_Q.pdf,14,14,keyword_candidates_require_tutor_review
114-1-0601-71,醫學物理學與輻射安全,輻射量與劑量學;輻射防護與法規;放療設備與品保;癌症與臨床放療,sources/114_1/0601_Q.pdf,14,14,keyword_candidates_require_tutor_review
114-1-0601-72,醫學物理學與輻射安全,輻射量與劑量學;輻射防護與法規,sources/114_1/0601_Q.pdf,14,14,keyword_candidates_require_tutor_review
114-1-0601-73,醫學物理學與輻射安全,,sources/114_1/0601_Q.pdf,14,14,keyword_candidates_require_tutor_review
114-1-0601-74,醫學物理學與輻射安全,輻射量與劑量學;偵檢器與計數統計;輻射防護與法規,sources/114_1/0601_Q.pdf,14,15,keyword_candidates_require_tutor_review
114-1-0601-75,醫學物理學與輻射安全,輻射防護與法規,sources/114_1/0601_Q.pdf,15,15,keyword_candidates_require_tutor_review
114-1-0601-76,醫學物理學與輻射安全,,sources/114_1/0601_Q.pdf,15,15,keyword_candidates_require_tutor_review
114-1-0601-77,醫學物理學與輻射安全,輻射量與劑量學;放療設備與品保,sources/114_1/0601_Q.pdf,15,15,keyword_candidates_require_tutor_review
114-1-0601-78,醫學物理學與輻射安全,輻射防護與法規;放療設備與品保,sources/114_1/0601_Q.pdf,15,16,keyword_candidates_require_tutor_review
114-1-0601-79,醫學物理學與輻射安全,輻射防護與法規,sources/114_1/0601_Q.pdf,16,16,keyword_candidates_require_tutor_review
114-1-0601-80,醫學物理學與輻射安全,半衰期與活度;輻射防護與法規;放療設備與品保;對比劑與特殊攝影,sources/114_1/0601_Q.pdf,16,16,keyword_candidates_require_tutor_review
114-1-0602-01,放射線器材學（包括磁振學與超音波學）,X光產生與能譜,sources/114_1/0602_Q.pdf,1,1,keyword_candidates_require_tutor_review
114-1-0602-02,放射線器材學（包括磁振學與超音波學）,底片與影像接受器,sources/114_1/0602_Q.pdf,1,1,keyword_candidates_require_tutor_review
114-1-0602-03,放射線器材學（包括磁振學與超音波學）,放射治療計畫與劑量,sources/114_1/0602_Q.pdf,1,1,keyword_candidates_require_tutor_review
114-1-0602-04,放射線器材學（包括磁振學與超音波學）,X光產生與能譜,sources/114_1/0602_Q.pdf,1,1,keyword_candidates_require_tutor_review
114-1-0602-05,放射線器材學（包括磁振學與超音波學）,對比劑與特殊攝影,sources/114_1/0602_Q.pdf,1,2,keyword_candidates_require_tutor_review
114-1-0602-06,放射線器材學（包括磁振學與超音波學）,影像品質與數位影像;對比劑與特殊攝影,sources/114_1/0602_Q.pdf,2,2,keyword_candidates_require_tutor_review
114-1-0602-07,放射線器材學（包括磁振學與超音波學）,對比劑與特殊攝影,sources/114_1/0602_Q.pdf,2,2,keyword_candidates_require_tutor_review
114-1-0602-08,放射線器材學（包括磁振學與超音波學）,影像品質與數位影像;對比劑與特殊攝影,sources/114_1/0602_Q.pdf,2,2,keyword_candidates_require_tutor_review
114-1-0602-09,放射線器材學（包括磁振學與超音波學）,衰減與屏蔽;X光產生與能譜;對比劑與特殊攝影,sources/114_1/0602_Q.pdf,2,2,keyword_candidates_require_tutor_review
114-1-0602-10,放射線器材學（包括磁振學與超音波學）,CT原理與技術,sources/114_1/0602_Q.pdf,2,2,keyword_candidates_require_tutor_review
114-1-0602-11,放射線器材學（包括磁振學與超音波學）,X光產生與能譜;放射治療計畫與劑量,sources/114_1/0602_Q.pdf,2,2,keyword_candidates_require_tutor_review
114-1-0602-12,放射線器材學（包括磁振學與超音波學）,偵檢器與計數統計;放射治療計畫與劑量,sources/114_1/0602_Q.pdf,3,3,keyword_candidates_require_tutor_review
114-1-0602-13,放射線器材學（包括磁振學與超音波學）,輻射量與劑量學;偵檢器與計數統計,sources/114_1/0602_Q.pdf,3,3,keyword_candidates_require_tutor_review
114-1-0602-14,放射線器材學（包括磁振學與超音波學）,X光產生與能譜,sources/114_1/0602_Q.pdf,3,3,keyword_candidates_require_tutor_review
114-1-0602-15,放射線器材學（包括磁振學與超音波學）,,sources/114_1/0602_Q.pdf,3,3,keyword_candidates_require_tutor_review
114-1-0602-16,放射線器材學（包括磁振學與超音波學）,影像品質與數位影像;底片與影像接受器,sources/114_1/0602_Q.pdf,3,3,keyword_candidates_require_tutor_review
114-1-0602-17,放射線器材學（包括磁振學與超音波學）,影像品質與數位影像,sources/114_1/0602_Q.pdf,3,4,keyword_candidates_require_tutor_review
114-1-0602-18,放射線器材學（包括磁振學與超音波學）,底片與影像接受器;神經系統,sources/114_1/0602_Q.pdf,4,4,keyword_candidates_require_tutor_review
114-1-0602-19,放射線器材學（包括磁振學與超音波學）,輻射量與劑量學;影像品質與數位影像;底片與影像接受器;神經系統,sources/114_1/0602_Q.pdf,4,4,keyword_candidates_require_tutor_review
114-1-0602-20,放射線器材學（包括磁振學與超音波學）,影像品質與數位影像,sources/114_1/0602_Q.pdf,4,4,keyword_candidates_require_tutor_review
114-1-0602-21,放射線器材學（包括磁振學與超音波學）,影像品質與數位影像;底片與影像接受器,sources/114_1/0602_Q.pdf,4,4,keyword_candidates_require_tutor_review
114-1-0602-22,放射線器材學（包括磁振學與超音波學）,X光產生與能譜;對比劑與特殊攝影,sources/114_1/0602_Q.pdf,4,4,keyword_candidates_require_tutor_review
114-1-0602-23,放射線器材學（包括磁振學與超音波學）,CT原理與技術;癌症與臨床放療;神經系統;呼吸系統,sources/114_1/0602_Q.pdf,4,5,keyword_candidates_require_tutor_review
114-1-0602-24,放射線器材學（包括磁振學與超音波學）,輻射量與劑量學;CT原理與技術,sources/114_1/0602_Q.pdf,5,5,keyword_candidates_require_tutor_review
114-1-0602-25,放射線器材學（包括磁振學與超音波學）,MRI原理與技術;超音波原理與技術;核醫SPECT與加馬攝影機,sources/114_1/0602_Q.pdf,5,5,keyword_candidates_require_tutor_review
114-1-0602-26,放射線器材學（包括磁振學與超音波學）,衰減與屏蔽;超音波原理與技術,sources/114_1/0602_Q.pdf,5,5,keyword_candidates_require_tutor_review
114-1-0602-27,放射線器材學（包括磁振學與超音波學）,衰減與屏蔽;超音波原理與技術;影像品質與數位影像,sources/114_1/0602_Q.pdf,5,5,keyword_candidates_require_tutor_review
114-1-0602-28,放射線器材學（包括磁振學與超音波學）,超音波原理與技術,sources/114_1/0602_Q.pdf,5,5,keyword_candidates_require_tutor_review
114-1-0602-29,放射線器材學（包括磁振學與超音波學）,超音波原理與技術,sources/114_1/0602_Q.pdf,6,6,keyword_candidates_require_tutor_review
114-1-0602-30,放射線器材學（包括磁振學與超音波學）,衰減與屏蔽;超音波原理與技術;影像品質與數位影像,sources/114_1/0602_Q.pdf,6,6,keyword_candidates_require_tutor_review
114-1-0602-31,放射線器材學（包括磁振學與超音波學）,超音波原理與技術,sources/114_1/0602_Q.pdf,6,6,keyword_candidates_require_tutor_review
114-1-0602-32,放射線器材學（包括磁振學與超音波學）,超音波原理與技術,sources/114_1/0602_Q.pdf,6,6,keyword_candidates_require_tutor_review
114-1-0602-33,放射線器材學（包括磁振學與超音波學）,影像品質與數位影像,sources/114_1/0602_Q.pdf,6,6,keyword_candidates_require_tutor_review
114-1-0602-34,放射線器材學（包括磁振學與超音波學）,CT原理與技術;MRI原理與技術;底片與影像接受器;放療設備與品保;對比劑與特殊攝影;神經系統,sources/114_1/0602_Q.pdf,6,7,keyword_candidates_require_tutor_review
114-1-0602-35,放射線器材學（包括磁振學與超音波學）,衰減與屏蔽;MRI原理與技術,sources/114_1/0602_Q.pdf,7,7,keyword_candidates_require_tutor_review
114-1-0602-36,放射線器材學（包括磁振學與超音波學）,MRI原理與技術,sources/114_1/0602_Q.pdf,7,7,keyword_candidates_require_tutor_review
114-1-0602-37,放射線器材學（包括磁振學與超音波學）,MRI原理與技術;神經系統,sources/114_1/0602_Q.pdf,7,7,keyword_candidates_require_tutor_review
114-1-0602-38,放射線器材學（包括磁振學與超音波學）,MRI原理與技術;影像品質與數位影像,sources/114_1/0602_Q.pdf,7,7,keyword_candidates_require_tutor_review
114-1-0602-39,放射線器材學（包括磁振學與超音波學）,MRI原理與技術,sources/114_1/0602_Q.pdf,7,8,keyword_candidates_require_tutor_review
114-1-0602-40,放射線器材學（包括磁振學與超音波學）,MRI原理與技術,sources/114_1/0602_Q.pdf,8,8,keyword_candidates_require_tutor_review
114-1-0602-41,放射線器材學（包括磁振學與超音波學）,衰減與屏蔽,sources/114_1/0602_Q.pdf,8,8,keyword_candidates_require_tutor_review
114-1-0602-42,放射線器材學（包括磁振學與超音波學）,MRI原理與技術,sources/114_1/0602_Q.pdf,8,8,keyword_candidates_require_tutor_review
114-1-0602-43,放射線器材學（包括磁振學與超音波學）,衰減與屏蔽;MRI原理與技術;影像品質與數位影像,sources/114_1/0602_Q.pdf,8,8,keyword_candidates_require_tutor_review
114-1-0602-44,放射線器材學（包括磁振學與超音波學）,MRI原理與技術,sources/114_1/0602_Q.pdf,8,8,keyword_candidates_require_tutor_review
114-1-0602-45,放射線器材學（包括磁振學與超音波學）,MRI原理與技術;神經系統,sources/114_1/0602_Q.pdf,9,9,keyword_candidates_require_tutor_review
114-1-0602-46,放射線器材學（包括磁振學與超音波學）,MRI原理與技術,sources/114_1/0602_Q.pdf,9,9,keyword_candidates_require_tutor_review
114-1-0602-47,放射線器材學（包括磁振學與超音波學）,衰減與屏蔽,sources/114_1/0602_Q.pdf,9,9,keyword_candidates_require_tutor_review
114-1-0602-48,放射線器材學（包括磁振學與超音波學）,放射治療計畫與劑量,sources/114_1/0602_Q.pdf,9,9,keyword_candidates_require_tutor_review
114-1-0602-49,放射線器材學（包括磁振學與超音波學）,光子與物質交互作用;攝影擺位與投照,sources/114_1/0602_Q.pdf,10,10,keyword_candidates_require_tutor_review
114-1-0602-50,放射線器材學（包括磁振學與超音波學）,,sources/114_1/0602_Q.pdf,10,10,keyword_candidates_require_tutor_review
114-1-0602-51,放射線器材學（包括磁振學與超音波學）,放射藥物與核種製備;放射治療計畫與劑量;放療設備與品保,sources/114_1/0602_Q.pdf,10,10,keyword_candidates_require_tutor_review
114-1-0602-52,放射線器材學（包括磁振學與超音波學）,放射治療計畫與劑量;近接與特殊放療,sources/114_1/0602_Q.pdf,10,10,keyword_candidates_require_tutor_review
114-1-0602-53,放射線器材學（包括磁振學與超音波學）,衰減與屏蔽,sources/114_1/0602_Q.pdf,11,11,keyword_candidates_require_tutor_review
114-1-0602-54,放射線器材學（包括磁振學與超音波學）,CT原理與技術;神經系統,sources/114_1/0602_Q.pdf,11,11,keyword_candidates_require_tutor_review
114-1-0602-55,放射線器材學（包括磁振學與超音波學）,輻射量與劑量學;放射生物學;CT原理與技術;放療設備與品保,sources/114_1/0602_Q.pdf,11,11,keyword_candidates_require_tutor_review
114-1-0602-56,放射線器材學（包括磁振學與超音波學）,衰減與屏蔽,sources/114_1/0602_Q.pdf,11,11,keyword_candidates_require_tutor_review
114-1-0602-57,放射線器材學（包括磁振學與超音波學）,輻射量與劑量學;放射治療計畫與劑量;放療設備與品保;神經系統,sources/114_1/0602_Q.pdf,11,11,keyword_candidates_require_tutor_review
114-1-0602-58,放射線器材學（包括磁振學與超音波學）,輻射量與劑量學;放射治療計畫與劑量;放療設備與品保,sources/114_1/0602_Q.pdf,12,12,keyword_candidates_require_tutor_review
114-1-0602-59,放射線器材學（包括磁振學與超音波學）,輻射量與劑量學;放療設備與品保,sources/114_1/0602_Q.pdf,12,12,keyword_candidates_require_tutor_review
114-1-0602-60,放射線器材學（包括磁振學與超音波學）,放射治療計畫與劑量;放療設備與品保,sources/114_1/0602_Q.pdf,12,12,keyword_candidates_require_tutor_review
114-1-0602-61,放射線器材學（包括磁振學與超音波學）,輻射量與劑量學;CT原理與技術;放療設備與品保;神經系統,sources/114_1/0602_Q.pdf,12,12,keyword_candidates_require_tutor_review
114-1-0602-62,放射線器材學（包括磁振學與超音波學）,輻射量與劑量學;核醫SPECT與加馬攝影機;放療設備與品保,sources/114_1/0602_Q.pdf,12,12,keyword_candidates_require_tutor_review
114-1-0602-63,放射線器材學（包括磁振學與超音波學）,CT原理與技術;對比劑與特殊攝影;神經系統,sources/114_1/0602_Q.pdf,12,13,keyword_candidates_require_tutor_review
114-1-0602-64,放射線器材學（包括磁振學與超音波學）,放射藥物與核種製備,sources/114_1/0602_Q.pdf,13,13,keyword_candidates_require_tutor_review
114-1-0602-65,放射線器材學（包括磁振學與超音波學）,,sources/114_1/0602_Q.pdf,13,13,keyword_candidates_require_tutor_review
114-1-0602-66,放射線器材學（包括磁振學與超音波學）,偵檢器與計數統計;影像品質與數位影像;放射藥物與核種製備,sources/114_1/0602_Q.pdf,13,13,keyword_candidates_require_tutor_review
114-1-0602-67,放射線器材學（包括磁振學與超音波學）,半衰期與活度;偵檢器與計數統計,sources/114_1/0602_Q.pdf,13,13,keyword_candidates_require_tutor_review
114-1-0602-68,放射線器材學（包括磁振學與超音波學）,影像品質與數位影像;核醫SPECT與加馬攝影機,sources/114_1/0602_Q.pdf,13,13,keyword_candidates_require_tutor_review
114-1-0602-69,放射線器材學（包括磁振學與超音波學）,影像品質與數位影像,sources/114_1/0602_Q.pdf,13,14,keyword_candidates_require_tutor_review
114-1-0602-70,放射線器材學（包括磁振學與超音波學）,偵檢器與計數統計;核醫SPECT與加馬攝影機,sources/114_1/0602_Q.pdf,14,14,keyword_candidates_require_tutor_review
114-1-0602-71,放射線器材學（包括磁振學與超音波學）,影像品質與數位影像,sources/114_1/0602_Q.pdf,14,14,keyword_candidates_require_tutor_review
114-1-0602-72,放射線器材學（包括磁振學與超音波學）,偵檢器與計數統計;影像品質與數位影像,sources/114_1/0602_Q.pdf,14,15,keyword_candidates_require_tutor_review
114-1-0602-73,放射線器材學（包括磁振學與超音波學）,影像品質與數位影像;核醫SPECT與加馬攝影機,sources/114_1/0602_Q.pdf,15,15,keyword_candidates_require_tutor_review
114-1-0602-74,放射線器材學（包括磁振學與超音波學）,核衰變與核種平衡,sources/114_1/0602_Q.pdf,15,15,keyword_candidates_require_tutor_review
114-1-0602-75,放射線器材學（包括磁振學與超音波學）,核衰變與核種平衡;半衰期與活度;放療設備與品保,sources/114_1/0602_Q.pdf,15,15,keyword_candidates_require_tutor_review
114-1-0602-76,放射線器材學（包括磁振學與超音波學）,核衰變與核種平衡;核醫PET,sources/114_1/0602_Q.pdf,15,15,keyword_candidates_require_tutor_review
114-1-0602-77,放射線器材學（包括磁振學與超音波學）,核衰變與核種平衡;偵檢器與計數統計,sources/114_1/0602_Q.pdf,15,15,keyword_candidates_require_tutor_review
114-1-0602-78,放射線器材學（包括磁振學與超音波學）,衰減與屏蔽;CT原理與技術;核醫PET;放療設備與品保;對比劑與特殊攝影;神經系統;呼吸系統,sources/114_1/0602_Q.pdf,15,16,keyword_candidates_require_tutor_review
114-1-0602-79,放射線器材學（包括磁振學與超音波學）,,sources/114_1/0602_Q.pdf,16,16,keyword_candidates_require_tutor_review
114-1-0602-80,放射線器材學（包括磁振學與超音波學）,核衰變與核種平衡;半衰期與活度;核醫PET,sources/114_1/0602_Q.pdf,16,16,keyword_candidates_require_tutor_review
114-1-0603-01,放射線診斷原理與技術學,攝影擺位與投照;骨骼肌肉解剖與病理;呼吸系統,sources/114_1/0603_Q.pdf,1,1,keyword_candidates_require_tutor_review
114-1-0603-02,放射線診斷原理與技術學,攝影擺位與投照;骨骼肌肉解剖與病理,sources/114_1/0603_Q.pdf,1,1,keyword_candidates_require_tutor_review
114-1-0603-03,放射線診斷原理與技術學,底片與影像接受器;骨骼肌肉解剖與病理,sources/114_1/0603_Q.pdf,1,1,keyword_candidates_require_tutor_review
114-1-0603-04,放射線診斷原理與技術學,MRI原理與技術;底片與影像接受器;對比劑與特殊攝影,sources/114_1/0603_Q.pdf,1,1,keyword_candidates_require_tutor_review
114-1-0603-05,放射線診斷原理與技術學,攝影擺位與投照,sources/114_1/0603_Q.pdf,1,2,keyword_candidates_require_tutor_review
114-1-0603-06,放射線診斷原理與技術學,攝影擺位與投照;骨骼肌肉解剖與病理,sources/114_1/0603_Q.pdf,2,2,keyword_candidates_require_tutor_review
114-1-0603-07,放射線診斷原理與技術學,放射治療計畫與劑量,sources/114_1/0603_Q.pdf,2,2,keyword_candidates_require_tutor_review
114-1-0603-08,放射線診斷原理與技術學,影像品質與數位影像,sources/114_1/0603_Q.pdf,2,2,keyword_candidates_require_tutor_review
114-1-0603-09,放射線診斷原理與技術學,影像品質與數位影像,sources/114_1/0603_Q.pdf,2,2,keyword_candidates_require_tutor_review
114-1-0603-10,放射線診斷原理與技術學,影像品質與數位影像;底片與影像接受器,sources/114_1/0603_Q.pdf,2,2,keyword_candidates_require_tutor_review
114-1-0603-11,放射線診斷原理與技術學,心血管系統;呼吸系統;消化系統,sources/114_1/0603_Q.pdf,2,3,keyword_candidates_require_tutor_review
114-1-0603-12,放射線診斷原理與技術學,底片與影像接受器,sources/114_1/0603_Q.pdf,3,3,keyword_candidates_require_tutor_review
114-1-0603-13,放射線診斷原理與技術學,,sources/114_1/0603_Q.pdf,3,3,keyword_candidates_require_tutor_review
114-1-0603-14,放射線診斷原理與技術學,對比劑與特殊攝影,sources/114_1/0603_Q.pdf,3,3,keyword_candidates_require_tutor_review
114-1-0603-15,放射線診斷原理與技術學,對比劑與特殊攝影;骨骼肌肉解剖與病理;神經系統;消化系統,sources/114_1/0603_Q.pdf,3,3,keyword_candidates_require_tutor_review
114-1-0603-16,放射線診斷原理與技術學,對比劑與特殊攝影,sources/114_1/0603_Q.pdf,3,4,keyword_candidates_require_tutor_review
114-1-0603-17,放射線診斷原理與技術學,對比劑與特殊攝影,sources/114_1/0603_Q.pdf,4,4,keyword_candidates_require_tutor_review
114-1-0603-18,放射線診斷原理與技術學,對比劑與特殊攝影,sources/114_1/0603_Q.pdf,4,4,keyword_candidates_require_tutor_review
114-1-0603-19,放射線診斷原理與技術學,超音波原理與技術,sources/114_1/0603_Q.pdf,4,4,keyword_candidates_require_tutor_review
114-1-0603-20,放射線診斷原理與技術學,癌症與臨床放療;對比劑與特殊攝影;神經系統,sources/114_1/0603_Q.pdf,4,4,keyword_candidates_require_tutor_review
114-1-0603-21,放射線診斷原理與技術學,,sources/114_1/0603_Q.pdf,4,4,keyword_candidates_require_tutor_review
114-1-0603-22,放射線診斷原理與技術學,癌症與臨床放療;對比劑與特殊攝影;消化系統,sources/114_1/0603_Q.pdf,4,5,keyword_candidates_require_tutor_review
114-1-0603-23,放射線診斷原理與技術學,消化系統,sources/114_1/0603_Q.pdf,5,5,keyword_candidates_require_tutor_review
114-1-0603-24,放射線診斷原理與技術學,底片與影像接受器;對比劑與特殊攝影;泌尿與生殖系統,sources/114_1/0603_Q.pdf,5,5,keyword_candidates_require_tutor_review
114-1-0603-25,放射線診斷原理與技術學,對比劑與特殊攝影,sources/114_1/0603_Q.pdf,5,5,keyword_candidates_require_tutor_review
114-1-0603-26,放射線診斷原理與技術學,CT原理與技術;MRI原理與技術;超音波原理與技術;泌尿與生殖系統,sources/114_1/0603_Q.pdf,5,5,keyword_candidates_require_tutor_review
114-1-0603-27,放射線診斷原理與技術學,CT原理與技術;影像品質與數位影像;神經系統,sources/114_1/0603_Q.pdf,5,6,keyword_candidates_require_tutor_review
114-1-0603-28,放射線診斷原理與技術學,CT原理與技術;攝影擺位與投照;對比劑與特殊攝影;神經系統;消化系統,sources/114_1/0603_Q.pdf,6,6,keyword_candidates_require_tutor_review
114-1-0603-29,放射線診斷原理與技術學,,sources/114_1/0603_Q.pdf,6,6,keyword_candidates_require_tutor_review
114-1-0603-30,放射線診斷原理與技術學,神經系統;呼吸系統;消化系統,sources/114_1/0603_Q.pdf,6,6,keyword_candidates_require_tutor_review
114-1-0603-31,放射線診斷原理與技術學,CT原理與技術,sources/114_1/0603_Q.pdf,6,6,keyword_candidates_require_tutor_review
114-1-0603-32,放射線診斷原理與技術學,癌症與臨床放療,sources/114_1/0603_Q.pdf,6,6,keyword_candidates_require_tutor_review
114-1-0603-33,放射線診斷原理與技術學,神經系統,sources/114_1/0603_Q.pdf,6,7,keyword_candidates_require_tutor_review
114-1-0603-34,放射線診斷原理與技術學,CT原理與技術;底片與影像接受器;對比劑與特殊攝影;神經系統;泌尿與生殖系統,sources/114_1/0603_Q.pdf,7,7,keyword_candidates_require_tutor_review
114-1-0603-35,放射線診斷原理與技術學,CT原理與技術;癌症與臨床放療;神經系統,sources/114_1/0603_Q.pdf,7,7,keyword_candidates_require_tutor_review
114-1-0603-36,放射線診斷原理與技術學,CT原理與技術;骨骼肌肉解剖與病理;神經系統,sources/114_1/0603_Q.pdf,7,7,keyword_candidates_require_tutor_review
114-1-0603-37,放射線診斷原理與技術學,CT原理與技術;影像品質與數位影像;放射藥物與核種製備;神經系統,sources/114_1/0603_Q.pdf,7,8,keyword_candidates_require_tutor_review
114-1-0603-38,放射線診斷原理與技術學,CT原理與技術;影像品質與數位影像;放射藥物與核種製備;神經系統,sources/114_1/0603_Q.pdf,8,8,keyword_candidates_require_tutor_review
114-1-0603-39,放射線診斷原理與技術學,衰減與屏蔽;CT原理與技術;神經系統,sources/114_1/0603_Q.pdf,8,8,keyword_candidates_require_tutor_review
114-1-0603-40,放射線診斷原理與技術學,,sources/114_1/0603_Q.pdf,8,8,keyword_candidates_require_tutor_review
114-1-0603-41,放射線診斷原理與技術學,CT原理與技術;神經系統;消化系統,sources/114_1/0603_Q.pdf,8,8,keyword_candidates_require_tutor_review
114-1-0603-42,放射線診斷原理與技術學,CT原理與技術;核醫SPECT與加馬攝影機,sources/114_1/0603_Q.pdf,8,8,keyword_candidates_require_tutor_review
114-1-0603-43,放射線診斷原理與技術學,,sources/114_1/0603_Q.pdf,8,9,keyword_candidates_require_tutor_review
114-1-0603-44,放射線診斷原理與技術學,MRI原理與技術,sources/114_1/0603_Q.pdf,9,9,keyword_candidates_require_tutor_review
114-1-0603-45,放射線診斷原理與技術學,MRI原理與技術,sources/114_1/0603_Q.pdf,9,9,keyword_candidates_require_tutor_review
114-1-0603-46,放射線診斷原理與技術學,,sources/114_1/0603_Q.pdf,9,9,keyword_candidates_require_tutor_review
114-1-0603-47,放射線診斷原理與技術學,CT原理與技術;底片與影像接受器;核醫SPECT與加馬攝影機;對比劑與特殊攝影;神經系統,sources/114_1/0603_Q.pdf,9,9,keyword_candidates_require_tutor_review
114-1-0603-48,放射線診斷原理與技術學,MRI原理與技術,sources/114_1/0603_Q.pdf,9,9,keyword_candidates_require_tutor_review
114-1-0603-49,放射線診斷原理與技術學,MRI原理與技術,sources/114_1/0603_Q.pdf,9,10,keyword_candidates_require_tutor_review
114-1-0603-50,放射線診斷原理與技術學,,sources/114_1/0603_Q.pdf,10,10,keyword_candidates_require_tutor_review
114-1-0603-51,放射線診斷原理與技術學,MRI原理與技術,sources/114_1/0603_Q.pdf,10,10,keyword_candidates_require_tutor_review
114-1-0603-52,放射線診斷原理與技術學,MRI原理與技術,sources/114_1/0603_Q.pdf,10,10,keyword_candidates_require_tutor_review
114-1-0603-53,放射線診斷原理與技術學,MRI原理與技術,sources/114_1/0603_Q.pdf,10,10,keyword_candidates_require_tutor_review
114-1-0603-54,放射線診斷原理與技術學,,sources/114_1/0603_Q.pdf,10,11,keyword_candidates_require_tutor_review
114-1-0603-55,放射線診斷原理與技術學,衰減與屏蔽,sources/114_1/0603_Q.pdf,11,11,keyword_candidates_require_tutor_review
114-1-0603-56,放射線診斷原理與技術學,MRI原理與技術,sources/114_1/0603_Q.pdf,11,11,keyword_candidates_require_tutor_review
114-1-0603-57,放射線診斷原理與技術學,MRI原理與技術;底片與影像接受器;核醫SPECT與加馬攝影機;對比劑與特殊攝影;神經系統,sources/114_1/0603_Q.pdf,12,12,keyword_candidates_require_tutor_review
114-1-0603-58,放射線診斷原理與技術學,MRI原理與技術;放射藥物與核種製備,sources/114_1/0603_Q.pdf,12,12,keyword_candidates_require_tutor_review
114-1-0603-59,放射線診斷原理與技術學,,sources/114_1/0603_Q.pdf,12,12,keyword_candidates_require_tutor_review
114-1-0603-60,放射線診斷原理與技術學,MRI原理與技術;底片與影像接受器;對比劑與特殊攝影;心血管系統;呼吸系統,sources/114_1/0603_Q.pdf,12,12,keyword_candidates_require_tutor_review
114-1-0603-61,放射線診斷原理與技術學,,sources/114_1/0603_Q.pdf,12,12,keyword_candidates_require_tutor_review
114-1-0603-62,放射線診斷原理與技術學,超音波原理與技術;泌尿與生殖系統,sources/114_1/0603_Q.pdf,12,13,keyword_candidates_require_tutor_review
114-1-0603-63,放射線診斷原理與技術學,超音波原理與技術;癌症與臨床放療;骨骼肌肉解剖與病理;泌尿與生殖系統,sources/114_1/0603_Q.pdf,13,13,keyword_candidates_require_tutor_review
114-1-0603-64,放射線診斷原理與技術學,超音波原理與技術;放射藥物與核種製備,sources/114_1/0603_Q.pdf,13,14,keyword_candidates_require_tutor_review
114-1-0603-65,放射線診斷原理與技術學,超音波原理與技術,sources/114_1/0603_Q.pdf,14,14,keyword_candidates_require_tutor_review
114-1-0603-66,放射線診斷原理與技術學,超音波原理與技術,sources/114_1/0603_Q.pdf,14,14,keyword_candidates_require_tutor_review
114-1-0603-67,放射線診斷原理與技術學,影像品質與數位影像,sources/114_1/0603_Q.pdf,14,15,keyword_candidates_require_tutor_review
114-1-0603-68,放射線診斷原理與技術學,,sources/114_1/0603_Q.pdf,15,15,keyword_candidates_require_tutor_review
114-1-0603-69,放射線診斷原理與技術學,超音波原理與技術,sources/114_1/0603_Q.pdf,15,15,keyword_candidates_require_tutor_review
114-1-0603-70,放射線診斷原理與技術學,超音波原理與技術;核醫SPECT與加馬攝影機,sources/114_1/0603_Q.pdf,15,15,keyword_candidates_require_tutor_review
114-1-0603-71,放射線診斷原理與技術學,,sources/114_1/0603_Q.pdf,15,15,keyword_candidates_require_tutor_review
114-1-0603-72,放射線診斷原理與技術學,超音波原理與技術;影像品質與數位影像;泌尿與生殖系統,sources/114_1/0603_Q.pdf,15,16,keyword_candidates_require_tutor_review
114-1-0603-73,放射線診斷原理與技術學,超音波原理與技術;癌症與臨床放療;泌尿與生殖系統;血液免疫與一般病理,sources/114_1/0603_Q.pdf,16,16,keyword_candidates_require_tutor_review
114-1-0603-74,放射線診斷原理與技術學,影像品質與數位影像;對比劑與特殊攝影,sources/114_1/0603_Q.pdf,16,16,keyword_candidates_require_tutor_review
114-1-0603-75,放射線診斷原理與技術學,衰減與屏蔽;骨骼肌肉解剖與病理,sources/114_1/0603_Q.pdf,16,16,keyword_candidates_require_tutor_review
114-1-0603-76,放射線診斷原理與技術學,底片與影像接受器,sources/114_1/0603_Q.pdf,16,16,keyword_candidates_require_tutor_review
114-1-0603-77,放射線診斷原理與技術學,放射治療計畫與劑量,sources/114_1/0603_Q.pdf,16,16,keyword_candidates_require_tutor_review
114-1-0603-78,放射線診斷原理與技術學,,sources/114_1/0603_Q.pdf,16,17,keyword_candidates_require_tutor_review
114-1-0603-79,放射線診斷原理與技術學,放射生物學;影像品質與數位影像,sources/114_1/0603_Q.pdf,17,17,keyword_candidates_require_tutor_review
114-1-0603-80,放射線診斷原理與技術學,放射治療計畫與劑量,sources/114_1/0603_Q.pdf,17,17,keyword_candidates_require_tutor_review
114-1-0604-01,放射線治療原理與技術學,癌症與臨床放療;血液免疫與一般病理,sources/114_1/0604_Q.pdf,1,1,keyword_candidates_require_tutor_review
114-1-0604-02,放射線治療原理與技術學,癌症與臨床放療;血液免疫與一般病理,sources/114_1/0604_Q.pdf,1,1,keyword_candidates_require_tutor_review
114-1-0604-03,放射線治療原理與技術學,癌症與臨床放療,sources/114_1/0604_Q.pdf,1,1,keyword_candidates_require_tutor_review
114-1-0604-04,放射線治療原理與技術學,偵檢器與計數統計;癌症與臨床放療,sources/114_1/0604_Q.pdf,1,1,keyword_candidates_require_tutor_review
114-1-0604-05,放射線治療原理與技術學,放射生物學;放射藥物與核種製備;癌症與臨床放療,sources/114_1/0604_Q.pdf,1,2,keyword_candidates_require_tutor_review
114-1-0604-06,放射線治療原理與技術學,放射生物學,sources/114_1/0604_Q.pdf,2,2,keyword_candidates_require_tutor_review
114-1-0604-07,放射線治療原理與技術學,放射生物學,sources/114_1/0604_Q.pdf,2,2,keyword_candidates_require_tutor_review
114-1-0604-08,放射線治療原理與技術學,放射生物學,sources/114_1/0604_Q.pdf,2,2,keyword_candidates_require_tutor_review
114-1-0604-09,放射線治療原理與技術學,放射生物學;放射治療計畫與劑量,sources/114_1/0604_Q.pdf,2,2,keyword_candidates_require_tutor_review
114-1-0604-10,放射線治療原理與技術學,放射藥物與核種製備;癌症與臨床放療,sources/114_1/0604_Q.pdf,2,3,keyword_candidates_require_tutor_review
114-1-0604-11,放射線治療原理與技術學,放射生物學;癌症與臨床放療;血液免疫與一般病理,sources/114_1/0604_Q.pdf,3,3,keyword_candidates_require_tutor_review
114-1-0604-12,放射線治療原理與技術學,放射生物學,sources/114_1/0604_Q.pdf,3,3,keyword_candidates_require_tutor_review
114-1-0604-13,放射線治療原理與技術學,輻射量與劑量學;放療設備與品保,sources/114_1/0604_Q.pdf,3,3,keyword_candidates_require_tutor_review
114-1-0604-14,放射線治療原理與技術學,放射治療計畫與劑量,sources/114_1/0604_Q.pdf,3,3,keyword_candidates_require_tutor_review
114-1-0604-15,放射線治療原理與技術學,核醫PET;骨骼肌肉解剖與病理,sources/114_1/0604_Q.pdf,3,3,keyword_candidates_require_tutor_review
114-1-0604-16,放射線治療原理與技術學,輻射量與劑量學;放射治療計畫與劑量,sources/114_1/0604_Q.pdf,3,4,keyword_candidates_require_tutor_review
114-1-0604-17,放射線治療原理與技術學,輻射量與劑量學;放射治療計畫與劑量;放療設備與品保,sources/114_1/0604_Q.pdf,4,4,keyword_candidates_require_tutor_review
114-1-0604-18,放射線治療原理與技術學,CT原理與技術;癌症與臨床放療,sources/114_1/0604_Q.pdf,4,4,keyword_candidates_require_tutor_review
114-1-0604-19,放射線治療原理與技術學,近接與特殊放療,sources/114_1/0604_Q.pdf,4,4,keyword_candidates_require_tutor_review
114-1-0604-20,放射線治療原理與技術學,放射治療計畫與劑量;近接與特殊放療;癌症與臨床放療,sources/114_1/0604_Q.pdf,4,4,keyword_candidates_require_tutor_review
114-1-0604-21,放射線治療原理與技術學,放射治療計畫與劑量;近接與特殊放療,sources/114_1/0604_Q.pdf,4,5,keyword_candidates_require_tutor_review
114-1-0604-22,放射線治療原理與技術學,放射治療計畫與劑量;近接與特殊放療,sources/114_1/0604_Q.pdf,5,5,keyword_candidates_require_tutor_review
114-1-0604-23,放射線治療原理與技術學,衰減與屏蔽;放射治療計畫與劑量,sources/114_1/0604_Q.pdf,5,5,keyword_candidates_require_tutor_review
114-1-0604-24,放射線治療原理與技術學,放射治療計畫與劑量,sources/114_1/0604_Q.pdf,5,5,keyword_candidates_require_tutor_review
114-1-0604-25,放射線治療原理與技術學,輻射量與劑量學;放射治療計畫與劑量;癌症與臨床放療;呼吸系統,sources/114_1/0604_Q.pdf,5,5,keyword_candidates_require_tutor_review
114-1-0604-26,放射線治療原理與技術學,放射治療計畫與劑量,sources/114_1/0604_Q.pdf,5,6,keyword_candidates_require_tutor_review
114-1-0604-27,放射線治療原理與技術學,放射治療計畫與劑量,sources/114_1/0604_Q.pdf,6,6,keyword_candidates_require_tutor_review
114-1-0604-28,放射線治療原理與技術學,MRI原理與技術;底片與影像接受器;放射治療計畫與劑量,sources/114_1/0604_Q.pdf,6,6,keyword_candidates_require_tutor_review
114-1-0604-29,放射線治療原理與技術學,輻射量與劑量學;放射治療計畫與劑量;癌症與臨床放療;神經系統,sources/114_1/0604_Q.pdf,6,6,keyword_candidates_require_tutor_review
114-1-0604-30,放射線治療原理與技術學,輻射量與劑量學;放射治療計畫與劑量;癌症與臨床放療;神經系統,sources/114_1/0604_Q.pdf,6,7,keyword_candidates_require_tutor_review
114-1-0604-31,放射線治療原理與技術學,核醫SPECT與加馬攝影機,sources/114_1/0604_Q.pdf,7,7,keyword_candidates_require_tutor_review
114-1-0604-32,放射線治療原理與技術學,衰減與屏蔽;放射治療計畫與劑量;癌症與臨床放療,sources/114_1/0604_Q.pdf,7,7,keyword_candidates_require_tutor_review
114-1-0604-33,放射線治療原理與技術學,放射治療計畫與劑量,sources/114_1/0604_Q.pdf,7,7,keyword_candidates_require_tutor_review
114-1-0604-34,放射線治療原理與技術學,放射治療計畫與劑量,sources/114_1/0604_Q.pdf,7,7,keyword_candidates_require_tutor_review
114-1-0604-35,放射線治療原理與技術學,放射治療計畫與劑量;放療設備與品保,sources/114_1/0604_Q.pdf,7,7,keyword_candidates_require_tutor_review
114-1-0604-36,放射線治療原理與技術學,放射治療計畫與劑量,sources/114_1/0604_Q.pdf,7,8,keyword_candidates_require_tutor_review
114-1-0604-37,放射線治療原理與技術學,半衰期與活度;近接與特殊放療,sources/114_1/0604_Q.pdf,8,8,keyword_candidates_require_tutor_review
114-1-0604-38,放射線治療原理與技術學,泌尿與生殖系統,sources/114_1/0604_Q.pdf,8,8,keyword_candidates_require_tutor_review
114-1-0604-39,放射線治療原理與技術學,近接與特殊放療,sources/114_1/0604_Q.pdf,8,8,keyword_candidates_require_tutor_review
114-1-0604-40,放射線治療原理與技術學,癌症與臨床放療;泌尿與生殖系統,sources/114_1/0604_Q.pdf,8,8,keyword_candidates_require_tutor_review
114-1-0604-41,放射線治療原理與技術學,MRI原理與技術,sources/114_1/0604_Q.pdf,8,8,keyword_candidates_require_tutor_review
114-1-0604-42,放射線治療原理與技術學,放射治療計畫與劑量,sources/114_1/0604_Q.pdf,8,9,keyword_candidates_require_tutor_review
114-1-0604-43,放射線治療原理與技術學,半衰期與活度;輻射量與劑量學;近接與特殊放療;泌尿與生殖系統,sources/114_1/0604_Q.pdf,9,9,keyword_candidates_require_tutor_review
114-1-0604-44,放射線治療原理與技術學,近接與特殊放療;泌尿與生殖系統,sources/114_1/0604_Q.pdf,9,9,keyword_candidates_require_tutor_review
114-1-0604-45,放射線治療原理與技術學,影像品質與數位影像;放射治療計畫與劑量,sources/114_1/0604_Q.pdf,9,9,keyword_candidates_require_tutor_review
114-1-0604-46,放射線治療原理與技術學,核衰變與核種平衡;半衰期與活度;輻射量與劑量學,sources/114_1/0604_Q.pdf,9,9,keyword_candidates_require_tutor_review
114-1-0604-47,放射線治療原理與技術學,輻射量與劑量學;底片與影像接受器;近接與特殊放療,sources/114_1/0604_Q.pdf,9,10,keyword_candidates_require_tutor_review
114-1-0604-48,放射線治療原理與技術學,,sources/114_1/0604_Q.pdf,10,10,keyword_candidates_require_tutor_review
114-1-0604-49,放射線治療原理與技術學,CT原理與技術;神經系統,sources/114_1/0604_Q.pdf,10,10,keyword_candidates_require_tutor_review
114-1-0604-50,放射線治療原理與技術學,近接與特殊放療;神經系統,sources/114_1/0604_Q.pdf,10,10,keyword_candidates_require_tutor_review
114-1-0604-51,放射線治療原理與技術學,放射治療計畫與劑量;癌症與臨床放療,sources/114_1/0604_Q.pdf,10,10,keyword_candidates_require_tutor_review
114-1-0604-52,放射線治療原理與技術學,放射治療計畫與劑量;近接與特殊放療,sources/114_1/0604_Q.pdf,10,11,keyword_candidates_require_tutor_review
114-1-0604-53,放射線治療原理與技術學,放射治療計畫與劑量;近接與特殊放療,sources/114_1/0604_Q.pdf,11,11,keyword_candidates_require_tutor_review
114-1-0604-54,放射線治療原理與技術學,輻射量與劑量學;近接與特殊放療;神經系統,sources/114_1/0604_Q.pdf,11,11,keyword_candidates_require_tutor_review
114-1-0604-55,放射線治療原理與技術學,衰減與屏蔽,sources/114_1/0604_Q.pdf,11,11,keyword_candidates_require_tutor_review
114-1-0604-56,放射線治療原理與技術學,超音波原理與技術;放射治療計畫與劑量;癌症與臨床放療;泌尿與生殖系統,sources/114_1/0604_Q.pdf,11,11,keyword_candidates_require_tutor_review
114-1-0604-57,放射線治療原理與技術學,輻射量與劑量學;近接與特殊放療,sources/114_1/0604_Q.pdf,11,11,keyword_candidates_require_tutor_review
114-1-0604-58,放射線治療原理與技術學,癌症與臨床放療;呼吸系統;消化系統;泌尿與生殖系統,sources/114_1/0604_Q.pdf,11,12,keyword_candidates_require_tutor_review
114-1-0604-59,放射線治療原理與技術學,放射治療計畫與劑量,sources/114_1/0604_Q.pdf,12,12,keyword_candidates_require_tutor_review
114-1-0604-60,放射線治療原理與技術學,CT原理與技術;放療設備與品保;神經系統,sources/114_1/0604_Q.pdf,12,12,keyword_candidates_require_tutor_review
114-1-0604-61,放射線治療原理與技術學,CT原理與技術;核醫PET,sources/114_1/0604_Q.pdf,12,12,keyword_candidates_require_tutor_review
114-1-0604-62,放射線治療原理與技術學,輻射防護與法規;CT原理與技術;神經系統,sources/114_1/0604_Q.pdf,12,12,keyword_candidates_require_tutor_review
114-1-0604-63,放射線治療原理與技術學,放射治療計畫與劑量;攝影擺位與投照;對比劑與特殊攝影,sources/114_1/0604_Q.pdf,12,13,keyword_candidates_require_tutor_review
114-1-0604-64,放射線治療原理與技術學,放射治療計畫與劑量,sources/114_1/0604_Q.pdf,13,13,keyword_candidates_require_tutor_review
114-1-0604-65,放射線治療原理與技術學,CT原理與技術;MRI原理與技術;核醫PET,sources/114_1/0604_Q.pdf,13,13,keyword_candidates_require_tutor_review
114-1-0604-66,放射線治療原理與技術學,放射治療計畫與劑量;癌症與臨床放療,sources/114_1/0604_Q.pdf,13,13,keyword_candidates_require_tutor_review
114-1-0604-67,放射線治療原理與技術學,消化系統,sources/114_1/0604_Q.pdf,13,13,keyword_candidates_require_tutor_review
114-1-0604-68,放射線治療原理與技術學,MRI原理與技術;核醫SPECT與加馬攝影機;骨骼肌肉解剖與病理;神經系統,sources/114_1/0604_Q.pdf,13,13,keyword_candidates_require_tutor_review
114-1-0604-69,放射線治療原理與技術學,放療設備與品保;近接與特殊放療,sources/114_1/0604_Q.pdf,13,14,keyword_candidates_require_tutor_review
114-1-0604-70,放射線治療原理與技術學,放射治療計畫與劑量;放療設備與品保,sources/114_1/0604_Q.pdf,14,14,keyword_candidates_require_tutor_review
114-1-0604-71,放射線治療原理與技術學,輻射量與劑量學;放療設備與品保,sources/114_1/0604_Q.pdf,14,14,keyword_candidates_require_tutor_review
114-1-0604-72,放射線治療原理與技術學,核醫PET,sources/114_1/0604_Q.pdf,14,14,keyword_candidates_require_tutor_review
114-1-0604-73,放射線治療原理與技術學,放射治療計畫與劑量;癌症與臨床放療;骨骼肌肉解剖與病理;泌尿與生殖系統,sources/114_1/0604_Q.pdf,14,14,keyword_candidates_require_tutor_review
114-1-0604-74,放射線治療原理與技術學,MRI原理與技術,sources/114_1/0604_Q.pdf,14,14,keyword_candidates_require_tutor_review
114-1-0604-75,放射線治療原理與技術學,輻射量與劑量學;輻射防護與法規,sources/114_1/0604_Q.pdf,14,15,keyword_candidates_require_tutor_review
114-1-0604-76,放射線治療原理與技術學,超音波原理與技術;放射治療計畫與劑量,sources/114_1/0604_Q.pdf,15,15,keyword_candidates_require_tutor_review
114-1-0604-77,放射線治療原理與技術學,放射治療計畫與劑量;放療設備與品保,sources/114_1/0604_Q.pdf,15,15,keyword_candidates_require_tutor_review
114-1-0604-78,放射線治療原理與技術學,輻射防護與法規;放療設備與品保,sources/114_1/0604_Q.pdf,15,15,keyword_candidates_require_tutor_review
114-1-0604-79,放射線治療原理與技術學,輻射量與劑量學;放射治療計畫與劑量;放療設備與品保,sources/114_1/0604_Q.pdf,15,15,keyword_candidates_require_tutor_review
114-1-0604-80,放射線治療原理與技術學,輻射防護與法規;核醫SPECT與加馬攝影機;放射治療計畫與劑量;放療設備與品保,sources/114_1/0604_Q.pdf,15,16,keyword_candidates_require_tutor_review
114-1-0605-01,核子醫學診療原理與技術學,半衰期與活度;核醫器官檢查;心血管系統,sources/114_1/0605_Q.pdf,1,1,keyword_candidates_require_tutor_review
114-1-0605-02,核子醫學診療原理與技術學,放射藥物與核種製備;核醫器官檢查;心血管系統;血液免疫與一般病理,sources/114_1/0605_Q.pdf,1,1,keyword_candidates_require_tutor_review
114-1-0605-03,核子醫學診療原理與技術學,半衰期與活度;放射藥物與核種製備,sources/114_1/0605_Q.pdf,1,1,keyword_candidates_require_tutor_review
114-1-0605-04,核子醫學診療原理與技術學,核醫PET;放射藥物與核種製備;核醫器官檢查;攝影擺位與投照;呼吸系統;泌尿與生殖系統,sources/114_1/0605_Q.pdf,1,1,keyword_candidates_require_tutor_review
114-1-0605-05,核子醫學診療原理與技術學,核衰變與核種平衡;半衰期與活度,sources/114_1/0605_Q.pdf,1,2,keyword_candidates_require_tutor_review
114-1-0605-06,核子醫學診療原理與技術學,放射藥物與核種製備;骨骼肌肉解剖與病理;神經系統;泌尿與生殖系統,sources/114_1/0605_Q.pdf,2,2,keyword_candidates_require_tutor_review
114-1-0605-07,核子醫學診療原理與技術學,,sources/114_1/0605_Q.pdf,2,2,keyword_candidates_require_tutor_review
114-1-0605-08,核子醫學診療原理與技術學,放射藥物與核種製備,sources/114_1/0605_Q.pdf,2,2,keyword_candidates_require_tutor_review
114-1-0605-09,核子醫學診療原理與技術學,核衰變與核種平衡;核醫PET;心血管系統,sources/114_1/0605_Q.pdf,2,2,keyword_candidates_require_tutor_review
114-1-0605-10,核子醫學診療原理與技術學,放射生物學;核醫PET;放射藥物與核種製備;攝影擺位與投照;神經系統,sources/114_1/0605_Q.pdf,2,2,keyword_candidates_require_tutor_review
114-1-0605-11,核子醫學診療原理與技術學,放射藥物與核種製備;癌症與臨床放療;心血管系統,sources/114_1/0605_Q.pdf,3,3,keyword_candidates_require_tutor_review
114-1-0605-12,核子醫學診療原理與技術學,半衰期與活度;偵檢器與計數統計;放射藥物與核種製備,sources/114_1/0605_Q.pdf,3,3,keyword_candidates_require_tutor_review
114-1-0605-13,核子醫學診療原理與技術學,核衰變與核種平衡;放射藥物與核種製備,sources/114_1/0605_Q.pdf,3,3,keyword_candidates_require_tutor_review
114-1-0605-14,核子醫學診療原理與技術學,放射藥物與核種製備,sources/114_1/0605_Q.pdf,3,3,keyword_candidates_require_tutor_review
114-1-0605-15,核子醫學診療原理與技術學,半衰期與活度;放射藥物與核種製備,sources/114_1/0605_Q.pdf,3,3,keyword_candidates_require_tutor_review
114-1-0605-16,核子醫學診療原理與技術學,,sources/114_1/0605_Q.pdf,3,4,keyword_candidates_require_tutor_review
114-1-0605-17,核子醫學診療原理與技術學,核醫SPECT與加馬攝影機;核醫器官檢查;心血管系統;呼吸系統;消化系統;泌尿與生殖系統,sources/114_1/0605_Q.pdf,4,4,keyword_candidates_require_tutor_review
114-1-0605-18,核子醫學診療原理與技術學,攝影擺位與投照;心血管系統,sources/114_1/0605_Q.pdf,4,4,keyword_candidates_require_tutor_review
114-1-0605-19,核子醫學診療原理與技術學,MRI原理與技術;放射藥物與核種製備;神經系統,sources/114_1/0605_Q.pdf,4,4,keyword_candidates_require_tutor_review
114-1-0605-20,核子醫學診療原理與技術學,核醫PET;神經系統;消化系統;內分泌與代謝,sources/114_1/0605_Q.pdf,4,4,keyword_candidates_require_tutor_review
114-1-0605-21,核子醫學診療原理與技術學,MRI原理與技術;神經系統,sources/114_1/0605_Q.pdf,4,4,keyword_candidates_require_tutor_review
114-1-0605-22,核子醫學診療原理與技術學,MRI原理與技術;放射藥物與核種製備;神經系統,sources/114_1/0605_Q.pdf,5,5,keyword_candidates_require_tutor_review
114-1-0605-23,核子醫學診療原理與技術學,放射藥物與核種製備;心血管系統;泌尿與生殖系統,sources/114_1/0605_Q.pdf,5,5,keyword_candidates_require_tutor_review
114-1-0605-24,核子醫學診療原理與技術學,心血管系統,sources/114_1/0605_Q.pdf,5,5,keyword_candidates_require_tutor_review
114-1-0605-25,核子醫學診療原理與技術學,心血管系統,sources/114_1/0605_Q.pdf,5,5,keyword_candidates_require_tutor_review
114-1-0605-26,核子醫學診療原理與技術學,核衰變與核種平衡;神經系統,sources/114_1/0605_Q.pdf,5,5,keyword_candidates_require_tutor_review
114-1-0605-27,核子醫學診療原理與技術學,心血管系統,sources/114_1/0605_Q.pdf,5,6,keyword_candidates_require_tutor_review
114-1-0605-28,核子醫學診療原理與技術學,核衰變與核種平衡;放射藥物與核種製備;攝影擺位與投照;骨骼肌肉解剖與病理,sources/114_1/0605_Q.pdf,6,6,keyword_candidates_require_tutor_review
114-1-0605-29,核子醫學診療原理與技術學,核醫器官檢查;骨骼肌肉解剖與病理,sources/114_1/0605_Q.pdf,6,6,keyword_candidates_require_tutor_review
114-1-0605-30,核子醫學診療原理與技術學,核醫PET;癌症與臨床放療,sources/114_1/0605_Q.pdf,6,6,keyword_candidates_require_tutor_review
114-1-0605-31,核子醫學診療原理與技術學,MRI原理與技術;放射藥物與核種製備;癌症與臨床放療;骨骼肌肉解剖與病理,sources/114_1/0605_Q.pdf,6,7,keyword_candidates_require_tutor_review
114-1-0605-32,核子醫學診療原理與技術學,核醫PET;放射藥物與核種製備;癌症與臨床放療,sources/114_1/0605_Q.pdf,7,7,keyword_candidates_require_tutor_review
114-1-0605-33,核子醫學診療原理與技術學,放射藥物與核種製備;核醫器官檢查;骨骼肌肉解剖與病理;神經系統,sources/114_1/0605_Q.pdf,7,7,keyword_candidates_require_tutor_review
114-1-0605-34,核子醫學診療原理與技術學,輻射量與劑量學;癌症與臨床放療;骨骼肌肉解剖與病理;消化系統;泌尿與生殖系統,sources/114_1/0605_Q.pdf,7,7,keyword_candidates_require_tutor_review
114-1-0605-35,核子醫學診療原理與技術學,核醫PET;放射藥物與核種製備;癌症與臨床放療;骨骼肌肉解剖與病理,sources/114_1/0605_Q.pdf,7,7,keyword_candidates_require_tutor_review
114-1-0605-36,核子醫學診療原理與技術學,核醫PET;癌症與臨床放療,sources/114_1/0605_Q.pdf,7,8,keyword_candidates_require_tutor_review
114-1-0605-37,核子醫學診療原理與技術學,核醫PET;癌症與臨床放療,sources/114_1/0605_Q.pdf,8,8,keyword_candidates_require_tutor_review
114-1-0605-38,核子醫學診療原理與技術學,底片與影像接受器;核醫器官檢查;對比劑與特殊攝影;內分泌與代謝,sources/114_1/0605_Q.pdf,8,8,keyword_candidates_require_tutor_review
114-1-0605-39,核子醫學診療原理與技術學,MRI原理與技術;泌尿與生殖系統,sources/114_1/0605_Q.pdf,8,8,keyword_candidates_require_tutor_review
114-1-0605-40,核子醫學診療原理與技術學,內分泌與代謝,sources/114_1/0605_Q.pdf,8,9,keyword_candidates_require_tutor_review
114-1-0605-41,核子醫學診療原理與技術學,偵檢器與計數統計;CT原理與技術;骨骼肌肉解剖與病理;神經系統;心血管系統;內分泌與代謝,sources/114_1/0605_Q.pdf,9,10,keyword_candidates_require_tutor_review
114-1-0605-42,核子醫學診療原理與技術學,半衰期與活度;偵檢器與計數統計;呼吸系統;消化系統;泌尿與生殖系統,sources/114_1/0605_Q.pdf,10,10,keyword_candidates_require_tutor_review
114-1-0605-43,核子醫學診療原理與技術學,偵檢器與計數統計;核醫SPECT與加馬攝影機;癌症與臨床放療;內分泌與代謝,sources/114_1/0605_Q.pdf,10,11,keyword_candidates_require_tutor_review
114-1-0605-44,核子醫學診療原理與技術學,放射藥物與核種製備,sources/114_1/0605_Q.pdf,11,12,keyword_candidates_require_tutor_review
114-1-0605-45,核子醫學診療原理與技術學,核醫SPECT與加馬攝影機;內分泌與代謝,sources/114_1/0605_Q.pdf,12,12,keyword_candidates_require_tutor_review
114-1-0605-46,核子醫學診療原理與技術學,放射藥物與核種製備;核醫器官檢查;泌尿與生殖系統,sources/114_1/0605_Q.pdf,12,12,keyword_candidates_require_tutor_review
114-1-0605-47,核子醫學診療原理與技術學,偵檢器與計數統計;放射藥物與核種製備;內分泌與代謝,sources/114_1/0605_Q.pdf,12,12,keyword_candidates_require_tutor_review
114-1-0605-48,核子醫學診療原理與技術學,偵檢器與計數統計;影像品質與數位影像;核醫SPECT與加馬攝影機,sources/114_1/0605_Q.pdf,12,13,keyword_candidates_require_tutor_review
114-1-0605-49,核子醫學診療原理與技術學,輻射量與劑量學;偵檢器與計數統計,sources/114_1/0605_Q.pdf,13,13,keyword_candidates_require_tutor_review
114-1-0605-50,核子醫學診療原理與技術學,放射藥物與核種製備,sources/114_1/0605_Q.pdf,13,13,keyword_candidates_require_tutor_review
114-1-0605-51,核子醫學診療原理與技術學,放射藥物與核種製備;心血管系統,sources/114_1/0605_Q.pdf,13,13,keyword_candidates_require_tutor_review
114-1-0605-52,核子醫學診療原理與技術學,底片與影像接受器;泌尿與生殖系統,sources/114_1/0605_Q.pdf,13,13,keyword_candidates_require_tutor_review
114-1-0605-53,核子醫學診療原理與技術學,放射藥物與核種製備;癌症與臨床放療;消化系統;血液免疫與一般病理,sources/114_1/0605_Q.pdf,13,13,keyword_candidates_require_tutor_review
114-1-0605-54,核子醫學診療原理與技術學,MRI原理與技術;放射藥物與核種製備;消化系統,sources/114_1/0605_Q.pdf,13,14,keyword_candidates_require_tutor_review
114-1-0605-55,核子醫學診療原理與技術學,底片與影像接受器;消化系統,sources/114_1/0605_Q.pdf,14,14,keyword_candidates_require_tutor_review
114-1-0605-56,核子醫學診療原理與技術學,MRI原理與技術;血液免疫與一般病理,sources/114_1/0605_Q.pdf,14,14,keyword_candidates_require_tutor_review
114-1-0605-57,核子醫學診療原理與技術學,放射藥物與核種製備;攝影擺位與投照;血液免疫與一般病理,sources/114_1/0605_Q.pdf,14,14,keyword_candidates_require_tutor_review
114-1-0605-58,核子醫學診療原理與技術學,,sources/114_1/0605_Q.pdf,14,14,keyword_candidates_require_tutor_review
114-1-0605-59,核子醫學診療原理與技術學,半衰期與活度;血液免疫與一般病理,sources/114_1/0605_Q.pdf,14,15,keyword_candidates_require_tutor_review
114-1-0605-60,核子醫學診療原理與技術學,血液免疫與一般病理,sources/114_1/0605_Q.pdf,15,15,keyword_candidates_require_tutor_review
114-1-0605-61,核子醫學診療原理與技術學,血液免疫與一般病理,sources/114_1/0605_Q.pdf,15,15,keyword_candidates_require_tutor_review
114-1-0605-62,核子醫學診療原理與技術學,偵檢器與計數統計;影像品質與數位影像;放療設備與品保;內分泌與代謝;血液免疫與一般病理,sources/114_1/0605_Q.pdf,15,15,keyword_candidates_require_tutor_review
114-1-0605-63,核子醫學診療原理與技術學,偵檢器與計數統計;影像品質與數位影像,sources/114_1/0605_Q.pdf,15,15,keyword_candidates_require_tutor_review
114-1-0605-64,核子醫學診療原理與技術學,核醫SPECT與加馬攝影機,sources/114_1/0605_Q.pdf,15,15,keyword_candidates_require_tutor_review
114-1-0605-65,核子醫學診療原理與技術學,核衰變與核種平衡,sources/114_1/0605_Q.pdf,15,16,keyword_candidates_require_tutor_review
114-1-0605-66,核子醫學診療原理與技術學,半衰期與活度;癌症與臨床放療,sources/114_1/0605_Q.pdf,16,16,keyword_candidates_require_tutor_review
114-1-0605-67,核子醫學診療原理與技術學,癌症與臨床放療;神經系統;內分泌與代謝,sources/114_1/0605_Q.pdf,16,16,keyword_candidates_require_tutor_review
114-1-0605-68,核子醫學診療原理與技術學,癌症與臨床放療;血液免疫與一般病理,sources/114_1/0605_Q.pdf,16,16,keyword_candidates_require_tutor_review
114-1-0605-69,核子醫學診療原理與技術學,衰減與屏蔽;輻射量與劑量學;輻射防護與法規,sources/114_1/0605_Q.pdf,16,16,keyword_candidates_require_tutor_review
114-1-0605-70,核子醫學診療原理與技術學,衰減與屏蔽;CT原理與技術;影像品質與數位影像;核醫SPECT與加馬攝影機;放射藥物與核種製備;放射治療計畫與劑量;放療設備與品保;神經系統,sources/114_1/0605_Q.pdf,16,17,keyword_candidates_require_tutor_review
114-1-0605-71,核子醫學診療原理與技術學,影像品質與數位影像;核醫SPECT與加馬攝影機,sources/114_1/0605_Q.pdf,17,17,keyword_candidates_require_tutor_review
114-1-0605-72,核子醫學診療原理與技術學,核醫SPECT與加馬攝影機,sources/114_1/0605_Q.pdf,17,17,keyword_candidates_require_tutor_review
114-1-0605-73,核子醫學診療原理與技術學,衰減與屏蔽;CT原理與技術;核醫PET;放療設備與品保,sources/114_1/0605_Q.pdf,17,17,keyword_candidates_require_tutor_review
114-1-0605-74,核子醫學診療原理與技術學,,sources/114_1/0605_Q.pdf,17,17,keyword_candidates_require_tutor_review
114-1-0605-75,核子醫學診療原理與技術學,放射藥物與核種製備;放療設備與品保,sources/114_1/0605_Q.pdf,17,17,keyword_candidates_require_tutor_review
114-1-0605-76,核子醫學診療原理與技術學,輻射量與劑量學;放射藥物與核種製備,sources/114_1/0605_Q.pdf,18,18,keyword_candidates_require_tutor_review
114-1-0605-77,核子醫學診療原理與技術學,,sources/114_1/0605_Q.pdf,18,18,keyword_candidates_require_tutor_review
114-1-0605-78,核子醫學診療原理與技術學,半衰期與活度;MRI原理與技術,sources/114_1/0605_Q.pdf,18,18,keyword_candidates_require_tutor_review
114-1-0605-79,核子醫學診療原理與技術學,核醫SPECT與加馬攝影機,sources/114_1/0605_Q.pdf,18,18,keyword_candidates_require_tutor_review
114-1-0605-80,核子醫學診療原理與技術學,輻射防護與法規,sources/114_1/0605_Q.pdf,18,19,keyword_candidates_require_tutor_review
114-2-0104-01,基礎醫學（包括解剖學、生理學與病理學）,,sources/114_2/0104_Q.pdf,1,1,keyword_candidates_require_tutor_review
114-2-0104-02,基礎醫學（包括解剖學、生理學與病理學）,神經系統,sources/114_2/0104_Q.pdf,1,1,keyword_candidates_require_tutor_review
114-2-0104-03,基礎醫學（包括解剖學、生理學與病理學）,MRI原理與技術,sources/114_2/0104_Q.pdf,1,1,keyword_candidates_require_tutor_review
114-2-0104-04,基礎醫學（包括解剖學、生理學與病理學）,骨骼肌肉解剖與病理,sources/114_2/0104_Q.pdf,1,1,keyword_candidates_require_tutor_review
114-2-0104-05,基礎醫學（包括解剖學、生理學與病理學）,骨骼肌肉解剖與病理,sources/114_2/0104_Q.pdf,1,2,keyword_candidates_require_tutor_review
114-2-0104-06,基礎醫學（包括解剖學、生理學與病理學）,骨骼肌肉解剖與病理,sources/114_2/0104_Q.pdf,2,2,keyword_candidates_require_tutor_review
114-2-0104-07,基礎醫學（包括解剖學、生理學與病理學）,骨骼肌肉解剖與病理,sources/114_2/0104_Q.pdf,2,2,keyword_candidates_require_tutor_review
114-2-0104-08,基礎醫學（包括解剖學、生理學與病理學）,骨骼肌肉解剖與病理,sources/114_2/0104_Q.pdf,2,2,keyword_candidates_require_tutor_review
114-2-0104-09,基礎醫學（包括解剖學、生理學與病理學）,MRI原理與技術;骨骼肌肉解剖與病理,sources/114_2/0104_Q.pdf,2,2,keyword_candidates_require_tutor_review
114-2-0104-10,基礎醫學（包括解剖學、生理學與病理學）,骨骼肌肉解剖與病理,sources/114_2/0104_Q.pdf,2,2,keyword_candidates_require_tutor_review
114-2-0104-11,基礎醫學（包括解剖學、生理學與病理學）,骨骼肌肉解剖與病理,sources/114_2/0104_Q.pdf,2,3,keyword_candidates_require_tutor_review
114-2-0104-12,基礎醫學（包括解剖學、生理學與病理學）,神經系統,sources/114_2/0104_Q.pdf,3,3,keyword_candidates_require_tutor_review
114-2-0104-13,基礎醫學（包括解剖學、生理學與病理學）,神經系統,sources/114_2/0104_Q.pdf,3,3,keyword_candidates_require_tutor_review
114-2-0104-14,基礎醫學（包括解剖學、生理學與病理學）,神經系統,sources/114_2/0104_Q.pdf,3,3,keyword_candidates_require_tutor_review
114-2-0104-15,基礎醫學（包括解剖學、生理學與病理學）,骨骼肌肉解剖與病理;神經系統,sources/114_2/0104_Q.pdf,3,3,keyword_candidates_require_tutor_review
114-2-0104-16,基礎醫學（包括解剖學、生理學與病理學）,神經系統,sources/114_2/0104_Q.pdf,3,3,keyword_candidates_require_tutor_review
114-2-0104-17,基礎醫學（包括解剖學、生理學與病理學）,神經系統,sources/114_2/0104_Q.pdf,3,4,keyword_candidates_require_tutor_review
114-2-0104-18,基礎醫學（包括解剖學、生理學與病理學）,骨骼肌肉解剖與病理;神經系統,sources/114_2/0104_Q.pdf,4,4,keyword_candidates_require_tutor_review
114-2-0104-19,基礎醫學（包括解剖學、生理學與病理學）,MRI原理與技術;神經系統,sources/114_2/0104_Q.pdf,4,4,keyword_candidates_require_tutor_review
114-2-0104-20,基礎醫學（包括解剖學、生理學與病理學）,神經系統,sources/114_2/0104_Q.pdf,4,4,keyword_candidates_require_tutor_review
114-2-0104-21,基礎醫學（包括解剖學、生理學與病理學）,神經系統;內分泌與代謝,sources/114_2/0104_Q.pdf,4,4,keyword_candidates_require_tutor_review
114-2-0104-22,基礎醫學（包括解剖學、生理學與病理學）,,sources/114_2/0104_Q.pdf,4,4,keyword_candidates_require_tutor_review
114-2-0104-23,基礎醫學（包括解剖學、生理學與病理學）,血液免疫與一般病理,sources/114_2/0104_Q.pdf,4,5,keyword_candidates_require_tutor_review
114-2-0104-24,基礎醫學（包括解剖學、生理學與病理學）,內分泌與代謝,sources/114_2/0104_Q.pdf,5,5,keyword_candidates_require_tutor_review
114-2-0104-25,基礎醫學（包括解剖學、生理學與病理學）,消化系統,sources/114_2/0104_Q.pdf,5,5,keyword_candidates_require_tutor_review
114-2-0104-26,基礎醫學（包括解剖學、生理學與病理學）,心血管系統;內分泌與代謝,sources/114_2/0104_Q.pdf,5,5,keyword_candidates_require_tutor_review
114-2-0104-27,基礎醫學（包括解剖學、生理學與病理學）,心血管系統;呼吸系統,sources/114_2/0104_Q.pdf,5,5,keyword_candidates_require_tutor_review
114-2-0104-28,基礎醫學（包括解剖學、生理學與病理學）,心血管系統;血液免疫與一般病理,sources/114_2/0104_Q.pdf,5,5,keyword_candidates_require_tutor_review
114-2-0104-29,基礎醫學（包括解剖學、生理學與病理學）,骨骼肌肉解剖與病理;呼吸系統,sources/114_2/0104_Q.pdf,5,6,keyword_candidates_require_tutor_review
114-2-0104-30,基礎醫學（包括解剖學、生理學與病理學）,,sources/114_2/0104_Q.pdf,6,6,keyword_candidates_require_tutor_review
114-2-0104-31,基礎醫學（包括解剖學、生理學與病理學）,MRI原理與技術;泌尿與生殖系統,sources/114_2/0104_Q.pdf,6,6,keyword_candidates_require_tutor_review
114-2-0104-32,基礎醫學（包括解剖學、生理學與病理學）,MRI原理與技術;泌尿與生殖系統,sources/114_2/0104_Q.pdf,6,6,keyword_candidates_require_tutor_review
114-2-0104-33,基礎醫學（包括解剖學、生理學與病理學）,內分泌與代謝,sources/114_2/0104_Q.pdf,6,6,keyword_candidates_require_tutor_review
114-2-0104-34,基礎醫學（包括解剖學、生理學與病理學）,MRI原理與技術;泌尿與生殖系統,sources/114_2/0104_Q.pdf,6,6,keyword_candidates_require_tutor_review
114-2-0104-35,基礎醫學（包括解剖學、生理學與病理學）,消化系統,sources/114_2/0104_Q.pdf,6,7,keyword_candidates_require_tutor_review
114-2-0104-36,基礎醫學（包括解剖學、生理學與病理學）,骨骼肌肉解剖與病理;消化系統,sources/114_2/0104_Q.pdf,7,7,keyword_candidates_require_tutor_review
114-2-0104-37,基礎醫學（包括解剖學、生理學與病理學）,內分泌與代謝,sources/114_2/0104_Q.pdf,7,7,keyword_candidates_require_tutor_review
114-2-0104-38,基礎醫學（包括解剖學、生理學與病理學）,,sources/114_2/0104_Q.pdf,7,7,keyword_candidates_require_tutor_review
114-2-0104-39,基礎醫學（包括解剖學、生理學與病理學）,MRI原理與技術,sources/114_2/0104_Q.pdf,7,7,keyword_candidates_require_tutor_review
114-2-0104-40,基礎醫學（包括解剖學、生理學與病理學）,神經系統,sources/114_2/0104_Q.pdf,7,7,keyword_candidates_require_tutor_review
114-2-0104-41,基礎醫學（包括解剖學、生理學與病理學）,神經系統,sources/114_2/0104_Q.pdf,7,8,keyword_candidates_require_tutor_review
114-2-0104-42,基礎醫學（包括解剖學、生理學與病理學）,消化系統,sources/114_2/0104_Q.pdf,8,8,keyword_candidates_require_tutor_review
114-2-0104-43,基礎醫學（包括解剖學、生理學與病理學）,骨骼肌肉解剖與病理,sources/114_2/0104_Q.pdf,8,8,keyword_candidates_require_tutor_review
114-2-0104-44,基礎醫學（包括解剖學、生理學與病理學）,神經系統;心血管系統,sources/114_2/0104_Q.pdf,8,8,keyword_candidates_require_tutor_review
114-2-0104-45,基礎醫學（包括解剖學、生理學與病理學）,心血管系統,sources/114_2/0104_Q.pdf,8,8,keyword_candidates_require_tutor_review
114-2-0104-46,基礎醫學（包括解剖學、生理學與病理學）,心血管系統,sources/114_2/0104_Q.pdf,8,8,keyword_candidates_require_tutor_review
114-2-0104-47,基礎醫學（包括解剖學、生理學與病理學）,心血管系統,sources/114_2/0104_Q.pdf,8,9,keyword_candidates_require_tutor_review
114-2-0104-48,基礎醫學（包括解剖學、生理學與病理學）,MRI原理與技術,sources/114_2/0104_Q.pdf,9,9,keyword_candidates_require_tutor_review
114-2-0104-49,基礎醫學（包括解剖學、生理學與病理學）,呼吸系統,sources/114_2/0104_Q.pdf,9,9,keyword_candidates_require_tutor_review
114-2-0104-50,基礎醫學（包括解剖學、生理學與病理學）,泌尿與生殖系統,sources/114_2/0104_Q.pdf,9,9,keyword_candidates_require_tutor_review
114-2-0104-51,基礎醫學（包括解剖學、生理學與病理學）,,sources/114_2/0104_Q.pdf,9,9,keyword_candidates_require_tutor_review
114-2-0104-52,基礎醫學（包括解剖學、生理學與病理學）,消化系統,sources/114_2/0104_Q.pdf,9,9,keyword_candidates_require_tutor_review
114-2-0104-53,基礎醫學（包括解剖學、生理學與病理學）,消化系統,sources/114_2/0104_Q.pdf,9,10,keyword_candidates_require_tutor_review
114-2-0104-54,基礎醫學（包括解剖學、生理學與病理學）,消化系統,sources/114_2/0104_Q.pdf,10,10,keyword_candidates_require_tutor_review
114-2-0104-55,基礎醫學（包括解剖學、生理學與病理學）,內分泌與代謝,sources/114_2/0104_Q.pdf,10,10,keyword_candidates_require_tutor_review
114-2-0104-56,基礎醫學（包括解剖學、生理學與病理學）,骨骼肌肉解剖與病理;神經系統;內分泌與代謝,sources/114_2/0104_Q.pdf,10,10,keyword_candidates_require_tutor_review
114-2-0104-57,基礎醫學（包括解剖學、生理學與病理學）,呼吸系統;消化系統;內分泌與代謝,sources/114_2/0104_Q.pdf,10,10,keyword_candidates_require_tutor_review
114-2-0104-58,基礎醫學（包括解剖學、生理學與病理學）,泌尿與生殖系統;內分泌與代謝,sources/114_2/0104_Q.pdf,10,11,keyword_candidates_require_tutor_review
114-2-0104-59,基礎醫學（包括解剖學、生理學與病理學）,血液免疫與一般病理,sources/114_2/0104_Q.pdf,11,11,keyword_candidates_require_tutor_review
114-2-0104-60,基礎醫學（包括解剖學、生理學與病理學）,,sources/114_2/0104_Q.pdf,11,11,keyword_candidates_require_tutor_review
114-2-0104-61,基礎醫學（包括解剖學、生理學與病理學）,,sources/114_2/0104_Q.pdf,11,11,keyword_candidates_require_tutor_review
114-2-0104-62,基礎醫學（包括解剖學、生理學與病理學）,MRI原理與技術;血液免疫與一般病理,sources/114_2/0104_Q.pdf,11,11,keyword_candidates_require_tutor_review
114-2-0104-63,基礎醫學（包括解剖學、生理學與病理學）,放射生物學,sources/114_2/0104_Q.pdf,11,11,keyword_candidates_require_tutor_review
114-2-0104-64,基礎醫學（包括解剖學、生理學與病理學）,癌症與臨床放療;泌尿與生殖系統,sources/114_2/0104_Q.pdf,11,12,keyword_candidates_require_tutor_review
114-2-0104-65,基礎醫學（包括解剖學、生理學與病理學）,癌症與臨床放療,sources/114_2/0104_Q.pdf,12,12,keyword_candidates_require_tutor_review
114-2-0104-66,基礎醫學（包括解剖學、生理學與病理學）,心血管系統,sources/114_2/0104_Q.pdf,12,12,keyword_candidates_require_tutor_review
114-2-0104-67,基礎醫學（包括解剖學、生理學與病理學）,攝影擺位與投照;呼吸系統;泌尿與生殖系統;血液免疫與一般病理,sources/114_2/0104_Q.pdf,12,12,keyword_candidates_require_tutor_review
114-2-0104-68,基礎醫學（包括解剖學、生理學與病理學）,呼吸系統,sources/114_2/0104_Q.pdf,12,12,keyword_candidates_require_tutor_review
114-2-0104-69,基礎醫學（包括解剖學、生理學與病理學）,癌症與臨床放療;呼吸系統,sources/114_2/0104_Q.pdf,12,13,keyword_candidates_require_tutor_review
114-2-0104-70,基礎醫學（包括解剖學、生理學與病理學）,CT原理與技術;癌症與臨床放療;神經系統;消化系統;內分泌與代謝;血液免疫與一般病理,sources/114_2/0104_Q.pdf,13,13,keyword_candidates_require_tutor_review
114-2-0104-71,基礎醫學（包括解剖學、生理學與病理學）,癌症與臨床放療;消化系統,sources/114_2/0104_Q.pdf,13,13,keyword_candidates_require_tutor_review
114-2-0104-72,基礎醫學（包括解剖學、生理學與病理學）,癌症與臨床放療;消化系統,sources/114_2/0104_Q.pdf,13,13,keyword_candidates_require_tutor_review
114-2-0104-73,基礎醫學（包括解剖學、生理學與病理學）,MRI原理與技術;癌症與臨床放療,sources/114_2/0104_Q.pdf,13,13,keyword_candidates_require_tutor_review
114-2-0104-74,基礎醫學（包括解剖學、生理學與病理學）,血液免疫與一般病理,sources/114_2/0104_Q.pdf,13,13,keyword_candidates_require_tutor_review
114-2-0104-75,基礎醫學（包括解剖學、生理學與病理學）,癌症與臨床放療,sources/114_2/0104_Q.pdf,13,14,keyword_candidates_require_tutor_review
114-2-0104-76,基礎醫學（包括解剖學、生理學與病理學）,骨骼肌肉解剖與病理;泌尿與生殖系統,sources/114_2/0104_Q.pdf,14,14,keyword_candidates_require_tutor_review
114-2-0104-77,基礎醫學（包括解剖學、生理學與病理學）,癌症與臨床放療;心血管系統;內分泌與代謝,sources/114_2/0104_Q.pdf,14,14,keyword_candidates_require_tutor_review
114-2-0104-78,基礎醫學（包括解剖學、生理學與病理學）,癌症與臨床放療;神經系統;消化系統;內分泌與代謝,sources/114_2/0104_Q.pdf,14,14,keyword_candidates_require_tutor_review
114-2-0104-79,基礎醫學（包括解剖學、生理學與病理學）,骨骼肌肉解剖與病理;神經系統,sources/114_2/0104_Q.pdf,14,14,keyword_candidates_require_tutor_review
114-2-0104-80,基礎醫學（包括解剖學、生理學與病理學）,癌症與臨床放療;神經系統,sources/114_2/0104_Q.pdf,14,14,keyword_candidates_require_tutor_review
114-2-0601-01,醫學物理學與輻射安全,核衰變與核種平衡,sources/114_2/0601_Q.pdf,1,1,keyword_candidates_require_tutor_review
114-2-0601-02,醫學物理學與輻射安全,半衰期與活度,sources/114_2/0601_Q.pdf,1,1,keyword_candidates_require_tutor_review
114-2-0601-03,醫學物理學與輻射安全,核衰變與核種平衡,sources/114_2/0601_Q.pdf,1,1,keyword_candidates_require_tutor_review
114-2-0601-04,醫學物理學與輻射安全,核衰變與核種平衡,sources/114_2/0601_Q.pdf,1,1,keyword_candidates_require_tutor_review
114-2-0601-05,醫學物理學與輻射安全,核衰變與核種平衡,sources/114_2/0601_Q.pdf,1,2,keyword_candidates_require_tutor_review
114-2-0601-06,醫學物理學與輻射安全,,sources/114_2/0601_Q.pdf,2,2,keyword_candidates_require_tutor_review
114-2-0601-07,醫學物理學與輻射安全,光子與物質交互作用,sources/114_2/0601_Q.pdf,2,2,keyword_candidates_require_tutor_review
114-2-0601-08,醫學物理學與輻射安全,X光產生與能譜,sources/114_2/0601_Q.pdf,2,2,keyword_candidates_require_tutor_review
114-2-0601-09,醫學物理學與輻射安全,,sources/114_2/0601_Q.pdf,2,2,keyword_candidates_require_tutor_review
114-2-0601-10,醫學物理學與輻射安全,X光產生與能譜;放射治療計畫與劑量,sources/114_2/0601_Q.pdf,2,2,keyword_candidates_require_tutor_review
114-2-0601-11,醫學物理學與輻射安全,輻射量與劑量學;偵檢器與計數統計,sources/114_2/0601_Q.pdf,2,3,keyword_candidates_require_tutor_review
114-2-0601-12,醫學物理學與輻射安全,輻射量與劑量學;放射治療計畫與劑量,sources/114_2/0601_Q.pdf,3,3,keyword_candidates_require_tutor_review
114-2-0601-13,醫學物理學與輻射安全,輻射量與劑量學,sources/114_2/0601_Q.pdf,3,3,keyword_candidates_require_tutor_review
114-2-0601-14,醫學物理學與輻射安全,輻射量與劑量學;放射治療計畫與劑量,sources/114_2/0601_Q.pdf,3,3,keyword_candidates_require_tutor_review
114-2-0601-15,醫學物理學與輻射安全,光子與物質交互作用;放射治療計畫與劑量,sources/114_2/0601_Q.pdf,3,3,keyword_candidates_require_tutor_review
114-2-0601-16,醫學物理學與輻射安全,X光產生與能譜,sources/114_2/0601_Q.pdf,3,4,keyword_candidates_require_tutor_review
114-2-0601-17,醫學物理學與輻射安全,輻射量與劑量學;影像品質與數位影像;底片與影像接受器,sources/114_2/0601_Q.pdf,4,4,keyword_candidates_require_tutor_review
114-2-0601-18,醫學物理學與輻射安全,,sources/114_2/0601_Q.pdf,4,4,keyword_candidates_require_tutor_review
114-2-0601-19,醫學物理學與輻射安全,,sources/114_2/0601_Q.pdf,4,4,keyword_candidates_require_tutor_review
114-2-0601-20,醫學物理學與輻射安全,影像品質與數位影像,sources/114_2/0601_Q.pdf,4,4,keyword_candidates_require_tutor_review
114-2-0601-21,醫學物理學與輻射安全,放射治療計畫與劑量,sources/114_2/0601_Q.pdf,4,4,keyword_candidates_require_tutor_review
114-2-0601-22,醫學物理學與輻射安全,放射治療計畫與劑量;癌症與臨床放療;呼吸系統,sources/114_2/0601_Q.pdf,4,5,keyword_candidates_require_tutor_review
114-2-0601-23,醫學物理學與輻射安全,衰減與屏蔽;近接與特殊放療,sources/114_2/0601_Q.pdf,5,5,keyword_candidates_require_tutor_review
114-2-0601-24,醫學物理學與輻射安全,輻射量與劑量學;放療設備與品保;神經系統,sources/114_2/0601_Q.pdf,5,5,keyword_candidates_require_tutor_review
114-2-0601-25,醫學物理學與輻射安全,輻射量與劑量學;CT原理與技術;核醫PET;放療設備與品保;神經系統,sources/114_2/0601_Q.pdf,5,5,keyword_candidates_require_tutor_review
114-2-0601-26,醫學物理學與輻射安全,核衰變與核種平衡;影像品質與數位影像,sources/114_2/0601_Q.pdf,5,5,keyword_candidates_require_tutor_review
114-2-0601-27,醫學物理學與輻射安全,核醫PET,sources/114_2/0601_Q.pdf,5,6,keyword_candidates_require_tutor_review
114-2-0601-28,醫學物理學與輻射安全,,sources/114_2/0601_Q.pdf,6,6,keyword_candidates_require_tutor_review
114-2-0601-29,醫學物理學與輻射安全,核衰變與核種平衡,sources/114_2/0601_Q.pdf,6,6,keyword_candidates_require_tutor_review
114-2-0601-30,醫學物理學與輻射安全,衰減與屏蔽;CT原理與技術;影像品質與數位影像;放療設備與品保;對比劑與特殊攝影,sources/114_2/0601_Q.pdf,6,6,keyword_candidates_require_tutor_review
114-2-0601-31,醫學物理學與輻射安全,超音波原理與技術,sources/114_2/0601_Q.pdf,6,6,keyword_candidates_require_tutor_review
114-2-0601-32,醫學物理學與輻射安全,超音波原理與技術,sources/114_2/0601_Q.pdf,6,6,keyword_candidates_require_tutor_review
114-2-0601-33,醫學物理學與輻射安全,超音波原理與技術;放射治療計畫與劑量,sources/114_2/0601_Q.pdf,6,7,keyword_candidates_require_tutor_review
114-2-0601-34,醫學物理學與輻射安全,衰減與屏蔽;超音波原理與技術,sources/114_2/0601_Q.pdf,7,7,keyword_candidates_require_tutor_review
114-2-0601-35,醫學物理學與輻射安全,超音波原理與技術,sources/114_2/0601_Q.pdf,7,7,keyword_candidates_require_tutor_review
114-2-0601-36,醫學物理學與輻射安全,MRI原理與技術,sources/114_2/0601_Q.pdf,7,7,keyword_candidates_require_tutor_review
114-2-0601-37,醫學物理學與輻射安全,,sources/114_2/0601_Q.pdf,7,7,keyword_candidates_require_tutor_review
114-2-0601-38,醫學物理學與輻射安全,MRI原理與技術,sources/114_2/0601_Q.pdf,7,8,keyword_candidates_require_tutor_review
114-2-0601-39,醫學物理學與輻射安全,衰減與屏蔽;MRI原理與技術,sources/114_2/0601_Q.pdf,8,8,keyword_candidates_require_tutor_review
114-2-0601-40,醫學物理學與輻射安全,衰減與屏蔽;MRI原理與技術,sources/114_2/0601_Q.pdf,8,8,keyword_candidates_require_tutor_review
114-2-0601-41,醫學物理學與輻射安全,輻射量與劑量學;輻射防護與法規;放射生物學,sources/114_2/0601_Q.pdf,8,8,keyword_candidates_require_tutor_review
114-2-0601-42,醫學物理學與輻射安全,半衰期與活度,sources/114_2/0601_Q.pdf,8,8,keyword_candidates_require_tutor_review
114-2-0601-43,醫學物理學與輻射安全,輻射量與劑量學;輻射防護與法規,sources/114_2/0601_Q.pdf,8,8,keyword_candidates_require_tutor_review
114-2-0601-44,醫學物理學與輻射安全,輻射量與劑量學,sources/114_2/0601_Q.pdf,8,9,keyword_candidates_require_tutor_review
114-2-0601-45,醫學物理學與輻射安全,輻射量與劑量學;癌症與臨床放療,sources/114_2/0601_Q.pdf,9,9,keyword_candidates_require_tutor_review
114-2-0601-46,醫學物理學與輻射安全,衰減與屏蔽;輻射量與劑量學,sources/114_2/0601_Q.pdf,9,9,keyword_candidates_require_tutor_review
114-2-0601-47,醫學物理學與輻射安全,,sources/114_2/0601_Q.pdf,9,9,keyword_candidates_require_tutor_review
114-2-0601-48,醫學物理學與輻射安全,呼吸系統,sources/114_2/0601_Q.pdf,9,9,keyword_candidates_require_tutor_review
114-2-0601-49,醫學物理學與輻射安全,輻射量與劑量學,sources/114_2/0601_Q.pdf,9,9,keyword_candidates_require_tutor_review
114-2-0601-50,醫學物理學與輻射安全,輻射量與劑量學,sources/114_2/0601_Q.pdf,9,10,keyword_candidates_require_tutor_review
114-2-0601-51,醫學物理學與輻射安全,偵檢器與計數統計,sources/114_2/0601_Q.pdf,10,10,keyword_candidates_require_tutor_review
114-2-0601-52,醫學物理學與輻射安全,,sources/114_2/0601_Q.pdf,10,10,keyword_candidates_require_tutor_review
114-2-0601-53,醫學物理學與輻射安全,偵檢器與計數統計;輻射防護與法規,sources/114_2/0601_Q.pdf,10,10,keyword_candidates_require_tutor_review
114-2-0601-54,醫學物理學與輻射安全,偵檢器與計數統計,sources/114_2/0601_Q.pdf,10,10,keyword_candidates_require_tutor_review
114-2-0601-55,醫學物理學與輻射安全,偵檢器與計數統計,sources/114_2/0601_Q.pdf,10,10,keyword_candidates_require_tutor_review
114-2-0601-56,醫學物理學與輻射安全,輻射量與劑量學;偵檢器與計數統計,sources/114_2/0601_Q.pdf,11,11,keyword_candidates_require_tutor_review
114-2-0601-57,醫學物理學與輻射安全,衰減與屏蔽,sources/114_2/0601_Q.pdf,11,11,keyword_candidates_require_tutor_review
114-2-0601-58,醫學物理學與輻射安全,衰減與屏蔽;放射藥物與核種製備,sources/114_2/0601_Q.pdf,11,11,keyword_candidates_require_tutor_review
114-2-0601-59,醫學物理學與輻射安全,衰減與屏蔽,sources/114_2/0601_Q.pdf,11,11,keyword_candidates_require_tutor_review
114-2-0601-60,醫學物理學與輻射安全,,sources/114_2/0601_Q.pdf,11,11,keyword_candidates_require_tutor_review
114-2-0601-61,醫學物理學與輻射安全,,sources/114_2/0601_Q.pdf,11,12,keyword_candidates_require_tutor_review
114-2-0601-62,醫學物理學與輻射安全,,sources/114_2/0601_Q.pdf,12,12,keyword_candidates_require_tutor_review
114-2-0601-63,醫學物理學與輻射安全,放射生物學,sources/114_2/0601_Q.pdf,12,12,keyword_candidates_require_tutor_review
114-2-0601-64,醫學物理學與輻射安全,放射生物學,sources/114_2/0601_Q.pdf,12,12,keyword_candidates_require_tutor_review
114-2-0601-65,醫學物理學與輻射安全,輻射量與劑量學;放射生物學,sources/114_2/0601_Q.pdf,12,12,keyword_candidates_require_tutor_review
114-2-0601-66,醫學物理學與輻射安全,放射生物學,sources/114_2/0601_Q.pdf,12,13,keyword_candidates_require_tutor_review
114-2-0601-67,醫學物理學與輻射安全,放射生物學;骨骼肌肉解剖與病理;神經系統;血液免疫與一般病理,sources/114_2/0601_Q.pdf,13,13,keyword_candidates_require_tutor_review
114-2-0601-68,醫學物理學與輻射安全,,sources/114_2/0601_Q.pdf,13,13,keyword_candidates_require_tutor_review
114-2-0601-69,醫學物理學與輻射安全,輻射量與劑量學,sources/114_2/0601_Q.pdf,13,13,keyword_candidates_require_tutor_review
114-2-0601-70,醫學物理學與輻射安全,輻射量與劑量學,sources/114_2/0601_Q.pdf,13,13,keyword_candidates_require_tutor_review
114-2-0601-71,醫學物理學與輻射安全,輻射防護與法規,sources/114_2/0601_Q.pdf,13,13,keyword_candidates_require_tutor_review
114-2-0601-72,醫學物理學與輻射安全,,sources/114_2/0601_Q.pdf,13,14,keyword_candidates_require_tutor_review
114-2-0601-73,醫學物理學與輻射安全,輻射防護與法規;超音波原理與技術;放療設備與品保,sources/114_2/0601_Q.pdf,14,14,keyword_candidates_require_tutor_review
114-2-0601-74,醫學物理學與輻射安全,輻射防護與法規;放療設備與品保,sources/114_2/0601_Q.pdf,14,14,keyword_candidates_require_tutor_review
114-2-0601-75,醫學物理學與輻射安全,半衰期與活度;輻射防護與法規,sources/114_2/0601_Q.pdf,14,14,keyword_candidates_require_tutor_review
114-2-0601-76,醫學物理學與輻射安全,輻射量與劑量學;核醫SPECT與加馬攝影機;放療設備與品保,sources/114_2/0601_Q.pdf,14,14,keyword_candidates_require_tutor_review
114-2-0601-77,醫學物理學與輻射安全,輻射量與劑量學;核醫SPECT與加馬攝影機;放療設備與品保,sources/114_2/0601_Q.pdf,14,15,keyword_candidates_require_tutor_review
114-2-0601-78,醫學物理學與輻射安全,輻射防護與法規,sources/114_2/0601_Q.pdf,15,15,keyword_candidates_require_tutor_review
114-2-0601-79,醫學物理學與輻射安全,輻射防護與法規;對比劑與特殊攝影,sources/114_2/0601_Q.pdf,15,15,keyword_candidates_require_tutor_review
114-2-0601-80,醫學物理學與輻射安全,輻射防護與法規;核醫PET,sources/114_2/0601_Q.pdf,15,15,keyword_candidates_require_tutor_review
114-2-0602-01,放射線器材學（包括磁振學與超音波學）,X光產生與能譜;放射治療計畫與劑量,sources/114_2/0602_Q.pdf,1,1,keyword_candidates_require_tutor_review
114-2-0602-02,放射線器材學（包括磁振學與超音波學）,,sources/114_2/0602_Q.pdf,1,1,keyword_candidates_require_tutor_review
114-2-0602-03,放射線器材學（包括磁振學與超音波學）,底片與影像接受器;神經系統,sources/114_2/0602_Q.pdf,1,1,keyword_candidates_require_tutor_review
114-2-0602-04,放射線器材學（包括磁振學與超音波學）,放射治療計畫與劑量,sources/114_2/0602_Q.pdf,1,1,keyword_candidates_require_tutor_review
114-2-0602-05,放射線器材學（包括磁振學與超音波學）,對比劑與特殊攝影,sources/114_2/0602_Q.pdf,1,2,keyword_candidates_require_tutor_review
114-2-0602-06,放射線器材學（包括磁振學與超音波學）,輻射量與劑量學;對比劑與特殊攝影,sources/114_2/0602_Q.pdf,2,2,keyword_candidates_require_tutor_review
114-2-0602-07,放射線器材學（包括磁振學與超音波學）,對比劑與特殊攝影,sources/114_2/0602_Q.pdf,2,2,keyword_candidates_require_tutor_review
114-2-0602-08,放射線器材學（包括磁振學與超音波學）,X光產生與能譜;對比劑與特殊攝影,sources/114_2/0602_Q.pdf,2,2,keyword_candidates_require_tutor_review
114-2-0602-09,放射線器材學（包括磁振學與超音波學）,衰減與屏蔽;輻射量與劑量學;底片與影像接受器;對比劑與特殊攝影,sources/114_2/0602_Q.pdf,2,2,keyword_candidates_require_tutor_review
114-2-0602-10,放射線器材學（包括磁振學與超音波學）,CT原理與技術,sources/114_2/0602_Q.pdf,2,3,keyword_candidates_require_tutor_review
114-2-0602-11,放射線器材學（包括磁振學與超音波學）,放射治療計畫與劑量,sources/114_2/0602_Q.pdf,3,3,keyword_candidates_require_tutor_review
114-2-0602-12,放射線器材學（包括磁振學與超音波學）,CT原理與技術;放射藥物與核種製備,sources/114_2/0602_Q.pdf,3,4,keyword_candidates_require_tutor_review
114-2-0602-13,放射線器材學（包括磁振學與超音波學）,CT原理與技術;影像品質與數位影像,sources/114_2/0602_Q.pdf,4,4,keyword_candidates_require_tutor_review
114-2-0602-14,放射線器材學（包括磁振學與超音波學）,CT原理與技術;放療設備與品保,sources/114_2/0602_Q.pdf,4,4,keyword_candidates_require_tutor_review
114-2-0602-15,放射線器材學（包括磁振學與超音波學）,CT原理與技術;影像品質與數位影像;神經系統,sources/114_2/0602_Q.pdf,4,4,keyword_candidates_require_tutor_review
114-2-0602-16,放射線器材學（包括磁振學與超音波學）,核醫SPECT與加馬攝影機;放射治療計畫與劑量,sources/114_2/0602_Q.pdf,4,5,keyword_candidates_require_tutor_review
114-2-0602-17,放射線器材學（包括磁振學與超音波學）,,sources/114_2/0602_Q.pdf,5,5,keyword_candidates_require_tutor_review
114-2-0602-18,放射線器材學（包括磁振學與超音波學）,光子與物質交互作用;輻射量與劑量學,sources/114_2/0602_Q.pdf,5,5,keyword_candidates_require_tutor_review
114-2-0602-19,放射線器材學（包括磁振學與超音波學）,底片與影像接受器;神經系統,sources/114_2/0602_Q.pdf,5,6,keyword_candidates_require_tutor_review
114-2-0602-20,放射線器材學（包括磁振學與超音波學）,偵檢器與計數統計;底片與影像接受器,sources/114_2/0602_Q.pdf,6,6,keyword_candidates_require_tutor_review
114-2-0602-21,放射線器材學（包括磁振學與超音波學）,,sources/114_2/0602_Q.pdf,6,6,keyword_candidates_require_tutor_review
114-2-0602-22,放射線器材學（包括磁振學與超音波學）,MRI原理與技術;影像品質與數位影像;底片與影像接受器;神經系統,sources/114_2/0602_Q.pdf,6,6,keyword_candidates_require_tutor_review
114-2-0602-23,放射線器材學（包括磁振學與超音波學）,影像品質與數位影像,sources/114_2/0602_Q.pdf,6,6,keyword_candidates_require_tutor_review
114-2-0602-24,放射線器材學（包括磁振學與超音波學）,對比劑與特殊攝影,sources/114_2/0602_Q.pdf,6,6,keyword_candidates_require_tutor_review
114-2-0602-25,放射線器材學（包括磁振學與超音波學）,MRI原理與技術;超音波原理與技術;影像品質與數位影像,sources/114_2/0602_Q.pdf,6,7,keyword_candidates_require_tutor_review
114-2-0602-26,放射線器材學（包括磁振學與超音波學）,超音波原理與技術;影像品質與數位影像,sources/114_2/0602_Q.pdf,7,7,keyword_candidates_require_tutor_review
114-2-0602-27,放射線器材學（包括磁振學與超音波學）,超音波原理與技術,sources/114_2/0602_Q.pdf,7,7,keyword_candidates_require_tutor_review
114-2-0602-28,放射線器材學（包括磁振學與超音波學）,超音波原理與技術,sources/114_2/0602_Q.pdf,7,7,keyword_candidates_require_tutor_review
114-2-0602-29,放射線器材學（包括磁振學與超音波學）,超音波原理與技術,sources/114_2/0602_Q.pdf,7,7,keyword_candidates_require_tutor_review
114-2-0602-30,放射線器材學（包括磁振學與超音波學）,超音波原理與技術,sources/114_2/0602_Q.pdf,7,8,keyword_candidates_require_tutor_review
114-2-0602-31,放射線器材學（包括磁振學與超音波學）,光子與物質交互作用;超音波原理與技術,sources/114_2/0602_Q.pdf,8,8,keyword_candidates_require_tutor_review
114-2-0602-32,放射線器材學（包括磁振學與超音波學）,MRI原理與技術,sources/114_2/0602_Q.pdf,8,8,keyword_candidates_require_tutor_review
114-2-0602-33,放射線器材學（包括磁振學與超音波學）,輻射量與劑量學;MRI原理與技術,sources/114_2/0602_Q.pdf,8,8,keyword_candidates_require_tutor_review
114-2-0602-34,放射線器材學（包括磁振學與超音波學）,MRI原理與技術,sources/114_2/0602_Q.pdf,8,8,keyword_candidates_require_tutor_review
114-2-0602-35,放射線器材學（包括磁振學與超音波學）,MRI原理與技術,sources/114_2/0602_Q.pdf,8,8,keyword_candidates_require_tutor_review
114-2-0602-36,放射線器材學（包括磁振學與超音波學）,MRI原理與技術;影像品質與數位影像,sources/114_2/0602_Q.pdf,8,9,keyword_candidates_require_tutor_review
114-2-0602-37,放射線器材學（包括磁振學與超音波學）,影像品質與數位影像,sources/114_2/0602_Q.pdf,9,9,keyword_candidates_require_tutor_review
114-2-0602-38,放射線器材學（包括磁振學與超音波學）,MRI原理與技術,sources/114_2/0602_Q.pdf,9,9,keyword_candidates_require_tutor_review
114-2-0602-39,放射線器材學（包括磁振學與超音波學）,心血管系統,sources/114_2/0602_Q.pdf,9,9,keyword_candidates_require_tutor_review
114-2-0602-40,放射線器材學（包括磁振學與超音波學）,MRI原理與技術,sources/114_2/0602_Q.pdf,9,9,keyword_candidates_require_tutor_review
114-2-0602-41,放射線器材學（包括磁振學與超音波學）,MRI原理與技術,sources/114_2/0602_Q.pdf,9,9,keyword_candidates_require_tutor_review
114-2-0602-42,放射線器材學（包括磁振學與超音波學）,MRI原理與技術,sources/114_2/0602_Q.pdf,9,10,keyword_candidates_require_tutor_review
114-2-0602-43,放射線器材學（包括磁振學與超音波學）,MRI原理與技術;影像品質與數位影像,sources/114_2/0602_Q.pdf,10,10,keyword_candidates_require_tutor_review
114-2-0602-44,放射線器材學（包括磁振學與超音波學）,MRI原理與技術,sources/114_2/0602_Q.pdf,10,10,keyword_candidates_require_tutor_review
114-2-0602-45,放射線器材學（包括磁振學與超音波學）,,sources/114_2/0602_Q.pdf,10,11,keyword_candidates_require_tutor_review
114-2-0602-46,放射線器材學（包括磁振學與超音波學）,衰減與屏蔽;MRI原理與技術,sources/114_2/0602_Q.pdf,11,11,keyword_candidates_require_tutor_review
114-2-0602-47,放射線器材學（包括磁振學與超音波學）,MRI原理與技術;神經系統,sources/114_2/0602_Q.pdf,11,11,keyword_candidates_require_tutor_review
114-2-0602-48,放射線器材學（包括磁振學與超音波學）,輻射量與劑量學;輻射防護與法規;放療設備與品保,sources/114_2/0602_Q.pdf,11,11,keyword_candidates_require_tutor_review
114-2-0602-49,放射線器材學（包括磁振學與超音波學）,輻射量與劑量學;輻射防護與法規,sources/114_2/0602_Q.pdf,11,11,keyword_candidates_require_tutor_review
114-2-0602-50,放射線器材學（包括磁振學與超音波學）,放射治療計畫與劑量,sources/114_2/0602_Q.pdf,11,12,keyword_candidates_require_tutor_review
114-2-0602-51,放射線器材學（包括磁振學與超音波學）,核衰變與核種平衡;光子與物質交互作用;衰減與屏蔽,sources/114_2/0602_Q.pdf,12,12,keyword_candidates_require_tutor_review
114-2-0602-52,放射線器材學（包括磁振學與超音波學）,放射治療計畫與劑量,sources/114_2/0602_Q.pdf,12,12,keyword_candidates_require_tutor_review
114-2-0602-53,放射線器材學（包括磁振學與超音波學）,放射治療計畫與劑量,sources/114_2/0602_Q.pdf,12,12,keyword_candidates_require_tutor_review
114-2-0602-54,放射線器材學（包括磁振學與超音波學）,偵檢器與計數統計;泌尿與生殖系統,sources/114_2/0602_Q.pdf,12,13,keyword_candidates_require_tutor_review
114-2-0602-55,放射線器材學（包括磁振學與超音波學）,底片與影像接受器;癌症與臨床放療;泌尿與生殖系統,sources/114_2/0602_Q.pdf,13,13,keyword_candidates_require_tutor_review
114-2-0602-56,放射線器材學（包括磁振學與超音波學）,衰減與屏蔽;輻射量與劑量學;放療設備與品保,sources/114_2/0602_Q.pdf,13,13,keyword_candidates_require_tutor_review
114-2-0602-57,放射線器材學（包括磁振學與超音波學）,半衰期與活度,sources/114_2/0602_Q.pdf,13,13,keyword_candidates_require_tutor_review
114-2-0602-58,放射線器材學（包括磁振學與超音波學）,輻射量與劑量學;放射治療計畫與劑量;放療設備與品保,sources/114_2/0602_Q.pdf,13,14,keyword_candidates_require_tutor_review
114-2-0602-59,放射線器材學（包括磁振學與超音波學）,,sources/114_2/0602_Q.pdf,14,14,keyword_candidates_require_tutor_review
114-2-0602-60,放射線器材學（包括磁振學與超音波學）,輻射量與劑量學;CT原理與技術;影像品質與數位影像;放療設備與品保;神經系統,sources/114_2/0602_Q.pdf,14,14,keyword_candidates_require_tutor_review
114-2-0602-61,放射線器材學（包括磁振學與超音波學）,CT原理與技術;神經系統,sources/114_2/0602_Q.pdf,14,14,keyword_candidates_require_tutor_review
114-2-0602-62,放射線器材學（包括磁振學與超音波學）,輻射量與劑量學;CT原理與技術;影像品質與數位影像;放療設備與品保;神經系統,sources/114_2/0602_Q.pdf,14,14,keyword_candidates_require_tutor_review
114-2-0602-63,放射線器材學（包括磁振學與超音波學）,輻射量與劑量學;放療設備與品保,sources/114_2/0602_Q.pdf,14,14,keyword_candidates_require_tutor_review
114-2-0602-64,放射線器材學（包括磁振學與超音波學）,輻射防護與法規;核醫SPECT與加馬攝影機;放療設備與品保,sources/114_2/0602_Q.pdf,14,15,keyword_candidates_require_tutor_review
114-2-0602-65,放射線器材學（包括磁振學與超音波學）,偵檢器與計數統計,sources/114_2/0602_Q.pdf,15,15,keyword_candidates_require_tutor_review
114-2-0602-66,放射線器材學（包括磁振學與超音波學）,偵檢器與計數統計;MRI原理與技術;影像品質與數位影像,sources/114_2/0602_Q.pdf,15,15,keyword_candidates_require_tutor_review
114-2-0602-67,放射線器材學（包括磁振學與超音波學）,影像品質與數位影像,sources/114_2/0602_Q.pdf,15,15,keyword_candidates_require_tutor_review
114-2-0602-68,放射線器材學（包括磁振學與超音波學）,偵檢器與計數統計;影像品質與數位影像;核醫SPECT與加馬攝影機;心血管系統,sources/114_2/0602_Q.pdf,15,15,keyword_candidates_require_tutor_review
114-2-0602-69,放射線器材學（包括磁振學與超音波學）,衰減與屏蔽,sources/114_2/0602_Q.pdf,15,16,keyword_candidates_require_tutor_review
114-2-0602-70,放射線器材學（包括磁振學與超音波學）,衰減與屏蔽;輻射量與劑量學;CT原理與技術;影像品質與數位影像;核醫SPECT與加馬攝影機;放射藥物與核種製備;放療設備與品保,sources/114_2/0602_Q.pdf,16,16,keyword_candidates_require_tutor_review
114-2-0602-71,放射線器材學（包括磁振學與超音波學）,影像品質與數位影像;核醫SPECT與加馬攝影機,sources/114_2/0602_Q.pdf,16,16,keyword_candidates_require_tutor_review
114-2-0602-72,放射線器材學（包括磁振學與超音波學）,CT原理與技術;影像品質與數位影像;核醫SPECT與加馬攝影機;骨骼肌肉解剖與病理,sources/114_2/0602_Q.pdf,16,16,keyword_candidates_require_tutor_review
114-2-0602-73,放射線器材學（包括磁振學與超音波學）,核衰變與核種平衡,sources/114_2/0602_Q.pdf,16,16,keyword_candidates_require_tutor_review
114-2-0602-74,放射線器材學（包括磁振學與超音波學）,偵檢器與計數統計;影像品質與數位影像;核醫PET,sources/114_2/0602_Q.pdf,16,17,keyword_candidates_require_tutor_review
114-2-0602-75,放射線器材學（包括磁振學與超音波學）,半衰期與活度;核醫PET,sources/114_2/0602_Q.pdf,17,17,keyword_candidates_require_tutor_review
114-2-0602-76,放射線器材學（包括磁振學與超音波學）,,sources/114_2/0602_Q.pdf,17,17,keyword_candidates_require_tutor_review
114-2-0602-77,放射線器材學（包括磁振學與超音波學）,,sources/114_2/0602_Q.pdf,17,18,keyword_candidates_require_tutor_review
114-2-0602-78,放射線器材學（包括磁振學與超音波學）,,sources/114_2/0602_Q.pdf,18,18,keyword_candidates_require_tutor_review
114-2-0602-79,放射線器材學（包括磁振學與超音波學）,影像品質與數位影像;核醫SPECT與加馬攝影機,sources/114_2/0602_Q.pdf,18,18,keyword_candidates_require_tutor_review
114-2-0602-80,放射線器材學（包括磁振學與超音波學）,核衰變與核種平衡;CT原理與技術;核醫PET;神經系統,sources/114_2/0602_Q.pdf,18,18,keyword_candidates_require_tutor_review
114-2-0603-01,放射線診斷原理與技術學,底片與影像接受器;放射治療計畫與劑量;攝影擺位與投照,sources/114_2/0603_Q.pdf,1,1,keyword_candidates_require_tutor_review
114-2-0603-02,放射線診斷原理與技術學,輻射量與劑量學;MRI原理與技術;底片與影像接受器,sources/114_2/0603_Q.pdf,1,1,keyword_candidates_require_tutor_review
114-2-0603-03,放射線診斷原理與技術學,,sources/114_2/0603_Q.pdf,1,1,keyword_candidates_require_tutor_review
114-2-0603-04,放射線診斷原理與技術學,X光產生與能譜;MRI原理與技術,sources/114_2/0603_Q.pdf,1,2,keyword_candidates_require_tutor_review
114-2-0603-05,放射線診斷原理與技術學,,sources/114_2/0603_Q.pdf,2,2,keyword_candidates_require_tutor_review
114-2-0603-06,放射線診斷原理與技術學,,sources/114_2/0603_Q.pdf,2,2,keyword_candidates_require_tutor_review
114-2-0603-07,放射線診斷原理與技術學,消化系統,sources/114_2/0603_Q.pdf,2,2,keyword_candidates_require_tutor_review
114-2-0603-08,放射線診斷原理與技術學,影像品質與數位影像,sources/114_2/0603_Q.pdf,2,2,keyword_candidates_require_tutor_review
114-2-0603-09,放射線診斷原理與技術學,影像品質與數位影像;底片與影像接受器,sources/114_2/0603_Q.pdf,2,2,keyword_candidates_require_tutor_review
114-2-0603-10,放射線診斷原理與技術學,攝影擺位與投照;骨骼肌肉解剖與病理,sources/114_2/0603_Q.pdf,2,3,keyword_candidates_require_tutor_review
114-2-0603-11,放射線診斷原理與技術學,,sources/114_2/0603_Q.pdf,3,3,keyword_candidates_require_tutor_review
114-2-0603-12,放射線診斷原理與技術學,輻射量與劑量學;MRI原理與技術;超音波原理與技術;骨骼肌肉解剖與病理,sources/114_2/0603_Q.pdf,3,3,keyword_candidates_require_tutor_review
114-2-0603-13,放射線診斷原理與技術學,消化系統,sources/114_2/0603_Q.pdf,3,3,keyword_candidates_require_tutor_review
114-2-0603-14,放射線診斷原理與技術學,,sources/114_2/0603_Q.pdf,3,3,keyword_candidates_require_tutor_review
114-2-0603-15,放射線診斷原理與技術學,MRI原理與技術;對比劑與特殊攝影;消化系統,sources/114_2/0603_Q.pdf,3,3,keyword_candidates_require_tutor_review
114-2-0603-16,放射線診斷原理與技術學,對比劑與特殊攝影,sources/114_2/0603_Q.pdf,3,4,keyword_candidates_require_tutor_review
114-2-0603-17,放射線診斷原理與技術學,,sources/114_2/0603_Q.pdf,4,4,keyword_candidates_require_tutor_review
114-2-0603-18,放射線診斷原理與技術學,對比劑與特殊攝影;神經系統;血液免疫與一般病理,sources/114_2/0603_Q.pdf,4,4,keyword_candidates_require_tutor_review
114-2-0603-19,放射線診斷原理與技術學,,sources/114_2/0603_Q.pdf,4,4,keyword_candidates_require_tutor_review
114-2-0603-20,放射線診斷原理與技術學,消化系統,sources/114_2/0603_Q.pdf,4,5,keyword_candidates_require_tutor_review
114-2-0603-21,放射線診斷原理與技術學,底片與影像接受器;泌尿與生殖系統,sources/114_2/0603_Q.pdf,5,5,keyword_candidates_require_tutor_review
114-2-0603-22,放射線診斷原理與技術學,,sources/114_2/0603_Q.pdf,5,5,keyword_candidates_require_tutor_review
114-2-0603-23,放射線診斷原理與技術學,輻射量與劑量學;骨骼肌肉解剖與病理,sources/114_2/0603_Q.pdf,5,5,keyword_candidates_require_tutor_review
114-2-0603-24,放射線診斷原理與技術學,骨骼肌肉解剖與病理,sources/114_2/0603_Q.pdf,5,5,keyword_candidates_require_tutor_review
114-2-0603-25,放射線診斷原理與技術學,CT原理與技術;放射藥物與核種製備,sources/114_2/0603_Q.pdf,5,5,keyword_candidates_require_tutor_review
114-2-0603-26,放射線診斷原理與技術學,癌症與臨床放療;血液免疫與一般病理,sources/114_2/0603_Q.pdf,5,6,keyword_candidates_require_tutor_review
114-2-0603-27,放射線診斷原理與技術學,CT原理與技術;放射藥物與核種製備,sources/114_2/0603_Q.pdf,6,6,keyword_candidates_require_tutor_review
114-2-0603-28,放射線診斷原理與技術學,CT原理與技術,sources/114_2/0603_Q.pdf,6,6,keyword_candidates_require_tutor_review
114-2-0603-29,放射線診斷原理與技術學,偵檢器與計數統計,sources/114_2/0603_Q.pdf,6,6,keyword_candidates_require_tutor_review
114-2-0603-30,放射線診斷原理與技術學,MRI原理與技術,sources/114_2/0603_Q.pdf,6,6,keyword_candidates_require_tutor_review
114-2-0603-31,放射線診斷原理與技術學,CT原理與技術,sources/114_2/0603_Q.pdf,6,6,keyword_candidates_require_tutor_review
114-2-0603-32,放射線診斷原理與技術學,CT原理與技術;影像品質與數位影像;神經系統,sources/114_2/0603_Q.pdf,6,7,keyword_candidates_require_tutor_review
114-2-0603-33,放射線診斷原理與技術學,CT原理與技術;神經系統;呼吸系統;消化系統,sources/114_2/0603_Q.pdf,7,7,keyword_candidates_require_tutor_review
114-2-0603-34,放射線診斷原理與技術學,衰減與屏蔽;輻射量與劑量學;CT原理與技術,sources/114_2/0603_Q.pdf,7,8,keyword_candidates_require_tutor_review
114-2-0603-35,放射線診斷原理與技術學,CT原理與技術;影像品質與數位影像;神經系統,sources/114_2/0603_Q.pdf,8,8,keyword_candidates_require_tutor_review
114-2-0603-36,放射線診斷原理與技術學,影像品質與數位影像,sources/114_2/0603_Q.pdf,8,8,keyword_candidates_require_tutor_review
114-2-0603-37,放射線診斷原理與技術學,骨骼肌肉解剖與病理,sources/114_2/0603_Q.pdf,8,8,keyword_candidates_require_tutor_review
114-2-0603-38,放射線診斷原理與技術學,CT原理與技術;影像品質與數位影像,sources/114_2/0603_Q.pdf,8,8,keyword_candidates_require_tutor_review
114-2-0603-39,放射線診斷原理與技術學,衰減與屏蔽;CT原理與技術;放射治療計畫與劑量;神經系統,sources/114_2/0603_Q.pdf,8,8,keyword_candidates_require_tutor_review
114-2-0603-40,放射線診斷原理與技術學,衰減與屏蔽;放療設備與品保,sources/114_2/0603_Q.pdf,8,9,keyword_candidates_require_tutor_review
114-2-0603-41,放射線診斷原理與技術學,CT原理與技術;影像品質與數位影像;神經系統,sources/114_2/0603_Q.pdf,9,9,keyword_candidates_require_tutor_review
114-2-0603-42,放射線診斷原理與技術學,影像品質與數位影像,sources/114_2/0603_Q.pdf,9,9,keyword_candidates_require_tutor_review
114-2-0603-43,放射線診斷原理與技術學,底片與影像接受器;對比劑與特殊攝影,sources/114_2/0603_Q.pdf,9,9,keyword_candidates_require_tutor_review
114-2-0603-44,放射線診斷原理與技術學,影像品質與數位影像;骨骼肌肉解剖與病理,sources/114_2/0603_Q.pdf,9,9,keyword_candidates_require_tutor_review
114-2-0603-45,放射線診斷原理與技術學,MRI原理與技術,sources/114_2/0603_Q.pdf,9,9,keyword_candidates_require_tutor_review
114-2-0603-46,放射線診斷原理與技術學,影像品質與數位影像,sources/114_2/0603_Q.pdf,9,10,keyword_candidates_require_tutor_review
114-2-0603-47,放射線診斷原理與技術學,MRI原理與技術,sources/114_2/0603_Q.pdf,10,10,keyword_candidates_require_tutor_review
114-2-0603-48,放射線診斷原理與技術學,,sources/114_2/0603_Q.pdf,10,10,keyword_candidates_require_tutor_review
114-2-0603-49,放射線診斷原理與技術學,MRI原理與技術;神經系統,sources/114_2/0603_Q.pdf,10,10,keyword_candidates_require_tutor_review
114-2-0603-50,放射線診斷原理與技術學,神經系統,sources/114_2/0603_Q.pdf,10,10,keyword_candidates_require_tutor_review
114-2-0603-51,放射線診斷原理與技術學,MRI原理與技術;影像品質與數位影像;神經系統,sources/114_2/0603_Q.pdf,10,10,keyword_candidates_require_tutor_review
114-2-0603-52,放射線診斷原理與技術學,,sources/114_2/0603_Q.pdf,10,11,keyword_candidates_require_tutor_review
114-2-0603-53,放射線診斷原理與技術學,衰減與屏蔽,sources/114_2/0603_Q.pdf,11,11,keyword_candidates_require_tutor_review
114-2-0603-54,放射線診斷原理與技術學,MRI原理與技術,sources/114_2/0603_Q.pdf,11,11,keyword_candidates_require_tutor_review
114-2-0603-55,放射線診斷原理與技術學,MRI原理與技術,sources/114_2/0603_Q.pdf,11,11,keyword_candidates_require_tutor_review
114-2-0603-56,放射線診斷原理與技術學,CT原理與技術;MRI原理與技術;影像品質與數位影像,sources/114_2/0603_Q.pdf,11,11,keyword_candidates_require_tutor_review
114-2-0603-57,放射線診斷原理與技術學,MRI原理與技術;神經系統,sources/114_2/0603_Q.pdf,11,11,keyword_candidates_require_tutor_review
114-2-0603-58,放射線診斷原理與技術學,影像品質與數位影像,sources/114_2/0603_Q.pdf,11,12,keyword_candidates_require_tutor_review
114-2-0603-59,放射線診斷原理與技術學,MRI原理與技術,sources/114_2/0603_Q.pdf,12,12,keyword_candidates_require_tutor_review
114-2-0603-60,放射線診斷原理與技術學,MRI原理與技術,sources/114_2/0603_Q.pdf,12,12,keyword_candidates_require_tutor_review
114-2-0603-61,放射線診斷原理與技術學,MRI原理與技術;超音波原理與技術;骨骼肌肉解剖與病理;消化系統,sources/114_2/0603_Q.pdf,12,13,keyword_candidates_require_tutor_review
114-2-0603-62,放射線診斷原理與技術學,超音波原理與技術;消化系統,sources/114_2/0603_Q.pdf,13,13,keyword_candidates_require_tutor_review
114-2-0603-63,放射線診斷原理與技術學,MRI原理與技術;超音波原理與技術;消化系統,sources/114_2/0603_Q.pdf,14,14,keyword_candidates_require_tutor_review
114-2-0603-64,放射線診斷原理與技術學,超音波原理與技術;泌尿與生殖系統,sources/114_2/0603_Q.pdf,14,14,keyword_candidates_require_tutor_review
114-2-0603-65,放射線診斷原理與技術學,超音波原理與技術;消化系統,sources/114_2/0603_Q.pdf,14,14,keyword_candidates_require_tutor_review
114-2-0603-66,放射線診斷原理與技術學,超音波原理與技術;骨骼肌肉解剖與病理;心血管系統,sources/114_2/0603_Q.pdf,14,15,keyword_candidates_require_tutor_review
114-2-0603-67,放射線診斷原理與技術學,超音波原理與技術;消化系統,sources/114_2/0603_Q.pdf,15,15,keyword_candidates_require_tutor_review
114-2-0603-68,放射線診斷原理與技術學,,sources/114_2/0603_Q.pdf,15,15,keyword_candidates_require_tutor_review
114-2-0603-69,放射線診斷原理與技術學,超音波原理與技術,sources/114_2/0603_Q.pdf,15,16,keyword_candidates_require_tutor_review
114-2-0603-70,放射線診斷原理與技術學,超音波原理與技術;消化系統,sources/114_2/0603_Q.pdf,16,16,keyword_candidates_require_tutor_review
114-2-0603-71,放射線診斷原理與技術學,超音波原理與技術,sources/114_2/0603_Q.pdf,16,17,keyword_candidates_require_tutor_review
114-2-0603-72,放射線診斷原理與技術學,超音波原理與技術;泌尿與生殖系統,sources/114_2/0603_Q.pdf,17,17,keyword_candidates_require_tutor_review
114-2-0603-73,放射線診斷原理與技術學,MRI原理與技術;影像品質與數位影像,sources/114_2/0603_Q.pdf,17,17,keyword_candidates_require_tutor_review
114-2-0603-74,放射線診斷原理與技術學,MRI原理與技術;對比劑與特殊攝影,sources/114_2/0603_Q.pdf,17,17,keyword_candidates_require_tutor_review
114-2-0603-75,放射線診斷原理與技術學,影像品質與數位影像,sources/114_2/0603_Q.pdf,17,18,keyword_candidates_require_tutor_review
114-2-0603-76,放射線診斷原理與技術學,X光產生與能譜,sources/114_2/0603_Q.pdf,18,18,keyword_candidates_require_tutor_review
114-2-0603-77,放射線診斷原理與技術學,,sources/114_2/0603_Q.pdf,18,18,keyword_candidates_require_tutor_review
114-2-0603-78,放射線診斷原理與技術學,影像品質與數位影像,sources/114_2/0603_Q.pdf,18,20,keyword_candidates_require_tutor_review
114-2-0603-79,放射線診斷原理與技術學,,sources/114_2/0603_Q.pdf,20,20,keyword_candidates_require_tutor_review
114-2-0603-80,放射線診斷原理與技術學,,sources/114_2/0603_Q.pdf,20,20,keyword_candidates_require_tutor_review
114-2-0604-01,放射線治療原理與技術學,神經系統;呼吸系統,sources/114_2/0604_Q.pdf,1,1,keyword_candidates_require_tutor_review
114-2-0604-02,放射線治療原理與技術學,放射生物學;放射藥物與核種製備,sources/114_2/0604_Q.pdf,1,1,keyword_candidates_require_tutor_review
114-2-0604-03,放射線治療原理與技術學,放射生物學,sources/114_2/0604_Q.pdf,1,1,keyword_candidates_require_tutor_review
114-2-0604-04,放射線治療原理與技術學,放射生物學;癌症與臨床放療,sources/114_2/0604_Q.pdf,1,2,keyword_candidates_require_tutor_review
114-2-0604-05,放射線治療原理與技術學,輻射量與劑量學;放射生物學,sources/114_2/0604_Q.pdf,2,2,keyword_candidates_require_tutor_review
114-2-0604-06,放射線治療原理與技術學,放射生物學,sources/114_2/0604_Q.pdf,2,2,keyword_candidates_require_tutor_review
114-2-0604-07,放射線治療原理與技術學,,sources/114_2/0604_Q.pdf,2,2,keyword_candidates_require_tutor_review
114-2-0604-08,放射線治療原理與技術學,放射生物學,sources/114_2/0604_Q.pdf,2,2,keyword_candidates_require_tutor_review
114-2-0604-09,放射線治療原理與技術學,神經系統;心血管系統,sources/114_2/0604_Q.pdf,2,2,keyword_candidates_require_tutor_review
114-2-0604-10,放射線治療原理與技術學,癌症與臨床放療;呼吸系統;內分泌與代謝,sources/114_2/0604_Q.pdf,2,3,keyword_candidates_require_tutor_review
114-2-0604-11,放射線治療原理與技術學,癌症與臨床放療;呼吸系統;消化系統;泌尿與生殖系統,sources/114_2/0604_Q.pdf,3,3,keyword_candidates_require_tutor_review
114-2-0604-12,放射線治療原理與技術學,放射生物學;癌症與臨床放療,sources/114_2/0604_Q.pdf,3,3,keyword_candidates_require_tutor_review
114-2-0604-13,放射線治療原理與技術學,放射治療計畫與劑量,sources/114_2/0604_Q.pdf,3,3,keyword_candidates_require_tutor_review
114-2-0604-14,放射線治療原理與技術學,放射治療計畫與劑量,sources/114_2/0604_Q.pdf,3,3,keyword_candidates_require_tutor_review
114-2-0604-15,放射線治療原理與技術學,放射治療計畫與劑量,sources/114_2/0604_Q.pdf,3,3,keyword_candidates_require_tutor_review
114-2-0604-16,放射線治療原理與技術學,放射治療計畫與劑量,sources/114_2/0604_Q.pdf,3,4,keyword_candidates_require_tutor_review
114-2-0604-17,放射線治療原理與技術學,放射治療計畫與劑量;癌症與臨床放療;呼吸系統;消化系統;泌尿與生殖系統,sources/114_2/0604_Q.pdf,4,4,keyword_candidates_require_tutor_review
114-2-0604-18,放射線治療原理與技術學,放射治療計畫與劑量;近接與特殊放療,sources/114_2/0604_Q.pdf,4,4,keyword_candidates_require_tutor_review
114-2-0604-19,放射線治療原理與技術學,核醫PET;放射治療計畫與劑量;放療設備與品保,sources/114_2/0604_Q.pdf,4,4,keyword_candidates_require_tutor_review
114-2-0604-20,放射線治療原理與技術學,放射治療計畫與劑量,sources/114_2/0604_Q.pdf,4,5,keyword_candidates_require_tutor_review
114-2-0604-21,放射線治療原理與技術學,放射治療計畫與劑量,sources/114_2/0604_Q.pdf,5,5,keyword_candidates_require_tutor_review
114-2-0604-22,放射線治療原理與技術學,輻射量與劑量學;攝影擺位與投照,sources/114_2/0604_Q.pdf,5,5,keyword_candidates_require_tutor_review
114-2-0604-23,放射線治療原理與技術學,輻射量與劑量學;放射治療計畫與劑量;放療設備與品保,sources/114_2/0604_Q.pdf,5,5,keyword_candidates_require_tutor_review
114-2-0604-24,放射線治療原理與技術學,輻射量與劑量學;放射治療計畫與劑量;放療設備與品保;近接與特殊放療;癌症與臨床放療,sources/114_2/0604_Q.pdf,5,5,keyword_candidates_require_tutor_review
114-2-0604-25,放射線治療原理與技術學,輻射量與劑量學;放射治療計畫與劑量;癌症與臨床放療;呼吸系統,sources/114_2/0604_Q.pdf,5,5,keyword_candidates_require_tutor_review
114-2-0604-26,放射線治療原理與技術學,,sources/114_2/0604_Q.pdf,5,6,keyword_candidates_require_tutor_review
114-2-0604-27,放射線治療原理與技術學,放射治療計畫與劑量,sources/114_2/0604_Q.pdf,6,6,keyword_candidates_require_tutor_review
114-2-0604-28,放射線治療原理與技術學,CT原理與技術;MRI原理與技術;影像品質與數位影像;核醫PET,sources/114_2/0604_Q.pdf,6,6,keyword_candidates_require_tutor_review
114-2-0604-29,放射線治療原理與技術學,癌症與臨床放療;消化系統;泌尿與生殖系統,sources/114_2/0604_Q.pdf,6,7,keyword_candidates_require_tutor_review
114-2-0604-30,放射線治療原理與技術學,放射生物學;癌症與臨床放療,sources/114_2/0604_Q.pdf,7,7,keyword_candidates_require_tutor_review
114-2-0604-31,放射線治療原理與技術學,放射治療計畫與劑量;癌症與臨床放療,sources/114_2/0604_Q.pdf,7,7,keyword_candidates_require_tutor_review
114-2-0604-32,放射線治療原理與技術學,,sources/114_2/0604_Q.pdf,7,7,keyword_candidates_require_tutor_review
114-2-0604-33,放射線治療原理與技術學,,sources/114_2/0604_Q.pdf,7,7,keyword_candidates_require_tutor_review
114-2-0604-34,放射線治療原理與技術學,輻射量與劑量學;癌症與臨床放療;呼吸系統,sources/114_2/0604_Q.pdf,7,7,keyword_candidates_require_tutor_review
114-2-0604-35,放射線治療原理與技術學,X光產生與能譜;輻射量與劑量學;放射治療計畫與劑量;放療設備與品保;癌症與臨床放療,sources/114_2/0604_Q.pdf,7,8,keyword_candidates_require_tutor_review
114-2-0604-36,放射線治療原理與技術學,放射治療計畫與劑量,sources/114_2/0604_Q.pdf,8,8,keyword_candidates_require_tutor_review
114-2-0604-37,放射線治療原理與技術學,近接與特殊放療,sources/114_2/0604_Q.pdf,8,8,keyword_candidates_require_tutor_review
114-2-0604-38,放射線治療原理與技術學,近接與特殊放療,sources/114_2/0604_Q.pdf,8,8,keyword_candidates_require_tutor_review
114-2-0604-39,放射線治療原理與技術學,輻射量與劑量學;偵檢器與計數統計;放射治療計畫與劑量;近接與特殊放療,sources/114_2/0604_Q.pdf,8,8,keyword_candidates_require_tutor_review
114-2-0604-40,放射線治療原理與技術學,半衰期與活度,sources/114_2/0604_Q.pdf,8,9,keyword_candidates_require_tutor_review
114-2-0604-41,放射線治療原理與技術學,放射生物學;放射藥物與核種製備;近接與特殊放療;癌症與臨床放療;泌尿與生殖系統,sources/114_2/0604_Q.pdf,9,9,keyword_candidates_require_tutor_review
114-2-0604-42,放射線治療原理與技術學,衰減與屏蔽,sources/114_2/0604_Q.pdf,9,9,keyword_candidates_require_tutor_review
114-2-0604-43,放射線治療原理與技術學,衰減與屏蔽;近接與特殊放療,sources/114_2/0604_Q.pdf,9,9,keyword_candidates_require_tutor_review
114-2-0604-44,放射線治療原理與技術學,核衰變與核種平衡;半衰期與活度,sources/114_2/0604_Q.pdf,9,9,keyword_candidates_require_tutor_review
114-2-0604-45,放射線治療原理與技術學,MRI原理與技術;放射治療計畫與劑量;近接與特殊放療;癌症與臨床放療;泌尿與生殖系統,sources/114_2/0604_Q.pdf,9,9,keyword_candidates_require_tutor_review
114-2-0604-46,放射線治療原理與技術學,輻射量與劑量學;放射治療計畫與劑量;近接與特殊放療;癌症與臨床放療;泌尿與生殖系統,sources/114_2/0604_Q.pdf,9,10,keyword_candidates_require_tutor_review
114-2-0604-47,放射線治療原理與技術學,放射治療計畫與劑量;近接與特殊放療,sources/114_2/0604_Q.pdf,10,10,keyword_candidates_require_tutor_review
114-2-0604-48,放射線治療原理與技術學,,sources/114_2/0604_Q.pdf,10,10,keyword_candidates_require_tutor_review
114-2-0604-49,放射線治療原理與技術學,放射治療計畫與劑量;放療設備與品保;神經系統,sources/114_2/0604_Q.pdf,10,10,keyword_candidates_require_tutor_review
114-2-0604-50,放射線治療原理與技術學,核醫SPECT與加馬攝影機;癌症與臨床放療,sources/114_2/0604_Q.pdf,10,10,keyword_candidates_require_tutor_review
114-2-0604-51,放射線治療原理與技術學,放射治療計畫與劑量;神經系統,sources/114_2/0604_Q.pdf,10,11,keyword_candidates_require_tutor_review
114-2-0604-52,放射線治療原理與技術學,核醫SPECT與加馬攝影機,sources/114_2/0604_Q.pdf,11,11,keyword_candidates_require_tutor_review
114-2-0604-53,放射線治療原理與技術學,放射治療計畫與劑量;近接與特殊放療;癌症與臨床放療;神經系統;泌尿與生殖系統,sources/114_2/0604_Q.pdf,11,11,keyword_candidates_require_tutor_review
114-2-0604-54,放射線治療原理與技術學,骨骼肌肉解剖與病理;神經系統,sources/114_2/0604_Q.pdf,11,12,keyword_candidates_require_tutor_review
114-2-0604-55,放射線治療原理與技術學,近接與特殊放療,sources/114_2/0604_Q.pdf,12,12,keyword_candidates_require_tutor_review
114-2-0604-56,放射線治療原理與技術學,輻射量與劑量學;癌症與臨床放療;神經系統;呼吸系統,sources/114_2/0604_Q.pdf,12,12,keyword_candidates_require_tutor_review
114-2-0604-57,放射線治療原理與技術學,輻射量與劑量學;癌症與臨床放療,sources/114_2/0604_Q.pdf,12,12,keyword_candidates_require_tutor_review
114-2-0604-58,放射線治療原理與技術學,輻射量與劑量學;癌症與臨床放療;泌尿與生殖系統,sources/114_2/0604_Q.pdf,12,12,keyword_candidates_require_tutor_review
114-2-0604-59,放射線治療原理與技術學,癌症與臨床放療;泌尿與生殖系統,sources/114_2/0604_Q.pdf,12,13,keyword_candidates_require_tutor_review
114-2-0604-60,放射線治療原理與技術學,骨骼肌肉解剖與病理;神經系統;呼吸系統;消化系統;泌尿與生殖系統,sources/114_2/0604_Q.pdf,13,13,keyword_candidates_require_tutor_review
114-2-0604-61,放射線治療原理與技術學,MRI原理與技術,sources/114_2/0604_Q.pdf,13,13,keyword_candidates_require_tutor_review
114-2-0604-62,放射線治療原理與技術學,,sources/114_2/0604_Q.pdf,13,14,keyword_candidates_require_tutor_review
114-2-0604-63,放射線治療原理與技術學,癌症與臨床放療,sources/114_2/0604_Q.pdf,14,14,keyword_candidates_require_tutor_review
114-2-0604-64,放射線治療原理與技術學,,sources/114_2/0604_Q.pdf,14,14,keyword_candidates_require_tutor_review
114-2-0604-65,放射線治療原理與技術學,衰減與屏蔽;放射治療計畫與劑量,sources/114_2/0604_Q.pdf,14,14,keyword_candidates_require_tutor_review
114-2-0604-66,放射線治療原理與技術學,MRI原理與技術,sources/114_2/0604_Q.pdf,14,14,keyword_candidates_require_tutor_review
114-2-0604-67,放射線治療原理與技術學,CT原理與技術;MRI原理與技術;影像品質與數位影像,sources/114_2/0604_Q.pdf,14,15,keyword_candidates_require_tutor_review
114-2-0604-68,放射線治療原理與技術學,CT原理與技術;神經系統,sources/114_2/0604_Q.pdf,15,15,keyword_candidates_require_tutor_review
114-2-0604-69,放射線治療原理與技術學,輻射量與劑量學;放療設備與品保,sources/114_2/0604_Q.pdf,15,15,keyword_candidates_require_tutor_review
114-2-0604-70,放射線治療原理與技術學,輻射防護與法規,sources/114_2/0604_Q.pdf,15,16,keyword_candidates_require_tutor_review
114-2-0604-71,放射線治療原理與技術學,輻射防護與法規,sources/114_2/0604_Q.pdf,16,16,keyword_candidates_require_tutor_review
114-2-0604-72,放射線治療原理與技術學,輻射防護與法規,sources/114_2/0604_Q.pdf,16,16,keyword_candidates_require_tutor_review
114-2-0604-73,放射線治療原理與技術學,輻射防護與法規,sources/114_2/0604_Q.pdf,16,16,keyword_candidates_require_tutor_review
114-2-0604-74,放射線治療原理與技術學,輻射量與劑量學;輻射防護與法規;近接與特殊放療,sources/114_2/0604_Q.pdf,16,16,keyword_candidates_require_tutor_review
114-2-0604-75,放射線治療原理與技術學,輻射量與劑量學;放療設備與品保;神經系統,sources/114_2/0604_Q.pdf,16,17,keyword_candidates_require_tutor_review
114-2-0604-76,放射線治療原理與技術學,輻射量與劑量學;輻射防護與法規;CT原理與技術;放療設備與品保;神經系統,sources/114_2/0604_Q.pdf,17,17,keyword_candidates_require_tutor_review
114-2-0604-77,放射線治療原理與技術學,輻射量與劑量學;放療設備與品保,sources/114_2/0604_Q.pdf,17,17,keyword_candidates_require_tutor_review
114-2-0604-78,放射線治療原理與技術學,輻射量與劑量學;放射治療計畫與劑量;放療設備與品保,sources/114_2/0604_Q.pdf,17,17,keyword_candidates_require_tutor_review
114-2-0604-79,放射線治療原理與技術學,輻射防護與法規;核醫SPECT與加馬攝影機;放射治療計畫與劑量;放療設備與品保,sources/114_2/0604_Q.pdf,17,17,keyword_candidates_require_tutor_review
114-2-0604-80,放射線治療原理與技術學,輻射量與劑量學;放射治療計畫與劑量,sources/114_2/0604_Q.pdf,17,17,keyword_candidates_require_tutor_review
114-2-0605-01,核子醫學診療原理與技術學,核醫器官檢查;心血管系統;血液免疫與一般病理,sources/114_2/0605_Q.pdf,1,1,keyword_candidates_require_tutor_review
114-2-0605-02,核子醫學診療原理與技術學,半衰期與活度;放射藥物與核種製備;放射治療計畫與劑量,sources/114_2/0605_Q.pdf,1,1,keyword_candidates_require_tutor_review
114-2-0605-03,核子醫學診療原理與技術學,偵檢器與計數統計;內分泌與代謝,sources/114_2/0605_Q.pdf,1,1,keyword_candidates_require_tutor_review
114-2-0605-04,核子醫學診療原理與技術學,核衰變與核種平衡;放射藥物與核種製備,sources/114_2/0605_Q.pdf,1,1,keyword_candidates_require_tutor_review
114-2-0605-05,核子醫學診療原理與技術學,核醫PET;骨骼肌肉解剖與病理,sources/114_2/0605_Q.pdf,1,2,keyword_candidates_require_tutor_review
114-2-0605-06,核子醫學診療原理與技術學,核衰變與核種平衡;放射藥物與核種製備;癌症與臨床放療;骨骼肌肉解剖與病理,sources/114_2/0605_Q.pdf,2,2,keyword_candidates_require_tutor_review
114-2-0605-07,核子醫學診療原理與技術學,核衰變與核種平衡,sources/114_2/0605_Q.pdf,2,2,keyword_candidates_require_tutor_review
114-2-0605-08,核子醫學診療原理與技術學,放射藥物與核種製備;血液免疫與一般病理,sources/114_2/0605_Q.pdf,2,2,keyword_candidates_require_tutor_review
114-2-0605-09,核子醫學診療原理與技術學,核醫PET;放射藥物與核種製備,sources/114_2/0605_Q.pdf,2,2,keyword_candidates_require_tutor_review
114-2-0605-10,核子醫學診療原理與技術學,放射藥物與核種製備;攝影擺位與投照,sources/114_2/0605_Q.pdf,2,2,keyword_candidates_require_tutor_review
114-2-0605-11,核子醫學診療原理與技術學,核衰變與核種平衡;半衰期與活度;放射藥物與核種製備,sources/114_2/0605_Q.pdf,2,3,keyword_candidates_require_tutor_review
114-2-0605-12,核子醫學診療原理與技術學,放射藥物與核種製備,sources/114_2/0605_Q.pdf,3,3,keyword_candidates_require_tutor_review
114-2-0605-13,核子醫學診療原理與技術學,半衰期與活度;放射藥物與核種製備;攝影擺位與投照,sources/114_2/0605_Q.pdf,3,3,keyword_candidates_require_tutor_review
114-2-0605-14,核子醫學診療原理與技術學,核醫PET;放射藥物與核種製備;核醫器官檢查;心血管系統,sources/114_2/0605_Q.pdf,3,3,keyword_candidates_require_tutor_review
114-2-0605-15,核子醫學診療原理與技術學,CT原理與技術;核醫SPECT與加馬攝影機;核醫器官檢查;神經系統;心血管系統,sources/114_2/0605_Q.pdf,3,3,keyword_candidates_require_tutor_review
114-2-0605-16,核子醫學診療原理與技術學,核醫器官檢查;心血管系統,sources/114_2/0605_Q.pdf,3,3,keyword_candidates_require_tutor_review
114-2-0605-17,核子醫學診療原理與技術學,半衰期與活度;輻射量與劑量學;放射藥物與核種製備;核醫器官檢查;心血管系統,sources/114_2/0605_Q.pdf,3,4,keyword_candidates_require_tutor_review
114-2-0605-18,核子醫學診療原理與技術學,核醫SPECT與加馬攝影機;放射藥物與核種製備,sources/114_2/0605_Q.pdf,4,4,keyword_candidates_require_tutor_review
114-2-0605-19,核子醫學診療原理與技術學,影像品質與數位影像;核醫器官檢查;心血管系統;消化系統,sources/114_2/0605_Q.pdf,4,4,keyword_candidates_require_tutor_review
114-2-0605-20,核子醫學診療原理與技術學,核衰變與核種平衡;核醫PET;放射藥物與核種製備;核醫器官檢查;心血管系統;血液免疫與一般病理,sources/114_2/0605_Q.pdf,4,4,keyword_candidates_require_tutor_review
114-2-0605-21,核子醫學診療原理與技術學,放射生物學;核醫PET;放射藥物與核種製備;攝影擺位與投照;神經系統,sources/114_2/0605_Q.pdf,4,4,keyword_candidates_require_tutor_review
114-2-0605-22,核子醫學診療原理與技術學,CT原理與技術;MRI原理與技術;底片與影像接受器;核醫PET;癌症與臨床放療;對比劑與特殊攝影;神經系統;血液免疫與一般病理,sources/114_2/0605_Q.pdf,4,5,keyword_candidates_require_tutor_review
114-2-0605-23,核子醫學診療原理與技術學,MRI原理與技術;神經系統,sources/114_2/0605_Q.pdf,5,5,keyword_candidates_require_tutor_review
114-2-0605-24,核子醫學診療原理與技術學,衰減與屏蔽;影像品質與數位影像;核醫器官檢查;心血管系統,sources/114_2/0605_Q.pdf,5,5,keyword_candidates_require_tutor_review
114-2-0605-25,核子醫學診療原理與技術學,MRI原理與技術;放射藥物與核種製備;骨骼肌肉解剖與病理;泌尿與生殖系統,sources/114_2/0605_Q.pdf,5,5,keyword_candidates_require_tutor_review
114-2-0605-26,核子醫學診療原理與技術學,核醫PET;癌症與臨床放療,sources/114_2/0605_Q.pdf,5,5,keyword_candidates_require_tutor_review
114-2-0605-27,核子醫學診療原理與技術學,偵檢器與計數統計;癌症與臨床放療;內分泌與代謝,sources/114_2/0605_Q.pdf,5,6,keyword_candidates_require_tutor_review
114-2-0605-28,核子醫學診療原理與技術學,骨骼肌肉解剖與病理,sources/114_2/0605_Q.pdf,6,6,keyword_candidates_require_tutor_review
114-2-0605-29,核子醫學診療原理與技術學,放射藥物與核種製備;消化系統;內分泌與代謝,sources/114_2/0605_Q.pdf,6,6,keyword_candidates_require_tutor_review
114-2-0605-30,核子醫學診療原理與技術學,癌症與臨床放療;骨骼肌肉解剖與病理;血液免疫與一般病理,sources/114_2/0605_Q.pdf,6,6,keyword_candidates_require_tutor_review
114-2-0605-31,核子醫學診療原理與技術學,核醫PET,sources/114_2/0605_Q.pdf,6,6,keyword_candidates_require_tutor_review
114-2-0605-32,核子醫學診療原理與技術學,骨骼肌肉解剖與病理,sources/114_2/0605_Q.pdf,6,6,keyword_candidates_require_tutor_review
114-2-0605-33,核子醫學診療原理與技術學,放射藥物與核種製備;骨骼肌肉解剖與病理,sources/114_2/0605_Q.pdf,6,7,keyword_candidates_require_tutor_review
114-2-0605-34,核子醫學診療原理與技術學,核衰變與核種平衡;核醫PET;癌症與臨床放療,sources/114_2/0605_Q.pdf,7,7,keyword_candidates_require_tutor_review
114-2-0605-35,核子醫學診療原理與技術學,攝影擺位與投照,sources/114_2/0605_Q.pdf,7,7,keyword_candidates_require_tutor_review
114-2-0605-36,核子醫學診療原理與技術學,放射藥物與核種製備;泌尿與生殖系統,sources/114_2/0605_Q.pdf,7,7,keyword_candidates_require_tutor_review
114-2-0605-37,核子醫學診療原理與技術學,偵檢器與計數統計;MRI原理與技術;放射藥物與核種製備;內分泌與代謝,sources/114_2/0605_Q.pdf,7,7,keyword_candidates_require_tutor_review
114-2-0605-38,核子醫學診療原理與技術學,MRI原理與技術;核醫器官檢查;泌尿與生殖系統,sources/114_2/0605_Q.pdf,7,8,keyword_candidates_require_tutor_review
114-2-0605-39,核子醫學診療原理與技術學,核醫器官檢查;泌尿與生殖系統;內分泌與代謝,sources/114_2/0605_Q.pdf,8,8,keyword_candidates_require_tutor_review
114-2-0605-40,核子醫學診療原理與技術學,MRI原理與技術;內分泌與代謝,sources/114_2/0605_Q.pdf,8,9,keyword_candidates_require_tutor_review
114-2-0605-41,核子醫學診療原理與技術學,偵檢器與計數統計;放射藥物與核種製備;骨骼肌肉解剖與病理;心血管系統;內分泌與代謝,sources/114_2/0605_Q.pdf,9,10,keyword_candidates_require_tutor_review
114-2-0605-42,核子醫學診療原理與技術學,放射藥物與核種製備;泌尿與生殖系統,sources/114_2/0605_Q.pdf,10,10,keyword_candidates_require_tutor_review
114-2-0605-43,核子醫學診療原理與技術學,核醫器官檢查;內分泌與代謝,sources/114_2/0605_Q.pdf,10,10,keyword_candidates_require_tutor_review
114-2-0605-44,核子醫學診療原理與技術學,半衰期與活度;放射藥物與核種製備;泌尿與生殖系統,sources/114_2/0605_Q.pdf,10,10,keyword_candidates_require_tutor_review
114-2-0605-45,核子醫學診療原理與技術學,消化系統;血液免疫與一般病理,sources/114_2/0605_Q.pdf,10,11,keyword_candidates_require_tutor_review
114-2-0605-46,核子醫學診療原理與技術學,血液免疫與一般病理,sources/114_2/0605_Q.pdf,11,11,keyword_candidates_require_tutor_review
114-2-0605-47,核子醫學診療原理與技術學,消化系統;內分泌與代謝,sources/114_2/0605_Q.pdf,11,11,keyword_candidates_require_tutor_review
114-2-0605-48,核子醫學診療原理與技術學,MRI原理與技術;呼吸系統;血液免疫與一般病理,sources/114_2/0605_Q.pdf,11,11,keyword_candidates_require_tutor_review
114-2-0605-49,核子醫學診療原理與技術學,消化系統,sources/114_2/0605_Q.pdf,11,12,keyword_candidates_require_tutor_review
114-2-0605-50,核子醫學診療原理與技術學,偵檢器與計數統計;MRI原理與技術;放射藥物與核種製備,sources/114_2/0605_Q.pdf,12,12,keyword_candidates_require_tutor_review
114-2-0605-51,核子醫學診療原理與技術學,消化系統,sources/114_2/0605_Q.pdf,12,12,keyword_candidates_require_tutor_review
114-2-0605-52,核子醫學診療原理與技術學,CT原理與技術;消化系統,sources/114_2/0605_Q.pdf,12,13,keyword_candidates_require_tutor_review
114-2-0605-53,核子醫學診療原理與技術學,MRI原理與技術;放射藥物與核種製備;消化系統,sources/114_2/0605_Q.pdf,13,13,keyword_candidates_require_tutor_review
114-2-0605-54,核子醫學診療原理與技術學,放射藥物與核種製備;攝影擺位與投照;消化系統,sources/114_2/0605_Q.pdf,13,13,keyword_candidates_require_tutor_review
114-2-0605-55,核子醫學診療原理與技術學,偵檢器與計數統計;血液免疫與一般病理,sources/114_2/0605_Q.pdf,13,13,keyword_candidates_require_tutor_review
114-2-0605-56,核子醫學診療原理與技術學,MRI原理與技術;底片與影像接受器;血液免疫與一般病理,sources/114_2/0605_Q.pdf,13,13,keyword_candidates_require_tutor_review
114-2-0605-57,核子醫學診療原理與技術學,,sources/114_2/0605_Q.pdf,13,13,keyword_candidates_require_tutor_review
114-2-0605-58,核子醫學診療原理與技術學,偵檢器與計數統計;放療設備與品保;血液免疫與一般病理,sources/114_2/0605_Q.pdf,13,14,keyword_candidates_require_tutor_review
114-2-0605-59,核子醫學診療原理與技術學,MRI原理與技術,sources/114_2/0605_Q.pdf,14,14,keyword_candidates_require_tutor_review
114-2-0605-60,核子醫學診療原理與技術學,癌症與臨床放療,sources/114_2/0605_Q.pdf,14,14,keyword_candidates_require_tutor_review
114-2-0605-61,核子醫學診療原理與技術學,半衰期與活度;輻射量與劑量學;放射生物學,sources/114_2/0605_Q.pdf,14,14,keyword_candidates_require_tutor_review
114-2-0605-62,核子醫學診療原理與技術學,半衰期與活度;輻射量與劑量學;泌尿與生殖系統,sources/114_2/0605_Q.pdf,14,14,keyword_candidates_require_tutor_review
114-2-0605-63,核子醫學診療原理與技術學,半衰期與活度;輻射量與劑量學;消化系統;泌尿與生殖系統;內分泌與代謝,sources/114_2/0605_Q.pdf,14,15,keyword_candidates_require_tutor_review
114-2-0605-64,核子醫學診療原理與技術學,癌症與臨床放療;血液免疫與一般病理,sources/114_2/0605_Q.pdf,15,15,keyword_candidates_require_tutor_review
114-2-0605-65,核子醫學診療原理與技術學,核衰變與核種平衡;半衰期與活度;癌症與臨床放療;內分泌與代謝,sources/114_2/0605_Q.pdf,15,15,keyword_candidates_require_tutor_review
114-2-0605-66,核子醫學診療原理與技術學,輻射量與劑量學;輻射防護與法規,sources/114_2/0605_Q.pdf,15,15,keyword_candidates_require_tutor_review
114-2-0605-67,核子醫學診療原理與技術學,輻射防護與法規;骨骼肌肉解剖與病理;呼吸系統;泌尿與生殖系統,sources/114_2/0605_Q.pdf,15,15,keyword_candidates_require_tutor_review
114-2-0605-68,核子醫學診療原理與技術學,偵檢器與計數統計,sources/114_2/0605_Q.pdf,15,15,keyword_candidates_require_tutor_review
114-2-0605-69,核子醫學診療原理與技術學,影像品質與數位影像;核醫SPECT與加馬攝影機,sources/114_2/0605_Q.pdf,15,16,keyword_candidates_require_tutor_review
114-2-0605-70,核子醫學診療原理與技術學,影像品質與數位影像;核醫SPECT與加馬攝影機,sources/114_2/0605_Q.pdf,16,16,keyword_candidates_require_tutor_review
114-2-0605-71,核子醫學診療原理與技術學,核衰變與核種平衡,sources/114_2/0605_Q.pdf,16,16,keyword_candidates_require_tutor_review
114-2-0605-72,核子醫學診療原理與技術學,輻射量與劑量學;偵檢器與計數統計,sources/114_2/0605_Q.pdf,16,17,keyword_candidates_require_tutor_review
114-2-0605-73,核子醫學診療原理與技術學,核衰變與核種平衡;影像品質與數位影像,sources/114_2/0605_Q.pdf,17,17,keyword_candidates_require_tutor_review
114-2-0605-74,核子醫學診療原理與技術學,核衰變與核種平衡,sources/114_2/0605_Q.pdf,17,17,keyword_candidates_require_tutor_review
114-2-0605-75,核子醫學診療原理與技術學,偵檢器與計數統計;核醫PET;核醫SPECT與加馬攝影機,sources/114_2/0605_Q.pdf,17,17,keyword_candidates_require_tutor_review
114-2-0605-76,核子醫學診療原理與技術學,放射藥物與核種製備,sources/114_2/0605_Q.pdf,17,17,keyword_candidates_require_tutor_review
114-2-0605-77,核子醫學診療原理與技術學,核衰變與核種平衡;半衰期與活度;輻射量與劑量學;泌尿與生殖系統,sources/114_2/0605_Q.pdf,17,18,keyword_candidates_require_tutor_review
114-2-0605-78,核子醫學診療原理與技術學,半衰期與活度;輻射量與劑量學;核醫PET;心血管系統,sources/114_2/0605_Q.pdf,18,18,keyword_candidates_require_tutor_review
114-2-0605-79,核子醫學診療原理與技術學,核衰變與核種平衡,sources/114_2/0605_Q.pdf,18,18,keyword_candidates_require_tutor_review
114-2-0605-80,核子醫學診療原理與技術學,核衰變與核種平衡;半衰期與活度,sources/114_2/0605_Q.pdf,18,18,keyword_candidates_require_tutor_review
115-1-0108-01,基礎醫學（包括解剖學、生理學與病理學）,放射生物學;骨骼肌肉解剖與病理;神經系統,sources/115_1/0108_Q.pdf,1,1,keyword_candidates_require_tutor_review
115-1-0108-02,基礎醫學（包括解剖學、生理學與病理學）,MRI原理與技術,sources/115_1/0108_Q.pdf,1,1,keyword_candidates_require_tutor_review
115-1-0108-03,基礎醫學（包括解剖學、生理學與病理學）,,sources/115_1/0108_Q.pdf,1,1,keyword_candidates_require_tutor_review
115-1-0108-04,基礎醫學（包括解剖學、生理學與病理學）,骨骼肌肉解剖與病理,sources/115_1/0108_Q.pdf,1,1,keyword_candidates_require_tutor_review
115-1-0108-05,基礎醫學（包括解剖學、生理學與病理學）,,sources/115_1/0108_Q.pdf,1,2,keyword_candidates_require_tutor_review
115-1-0108-06,基礎醫學（包括解剖學、生理學與病理學）,骨骼肌肉解剖與病理,sources/115_1/0108_Q.pdf,2,2,keyword_candidates_require_tutor_review
115-1-0108-07,基礎醫學（包括解剖學、生理學與病理學）,,sources/115_1/0108_Q.pdf,2,2,keyword_candidates_require_tutor_review
115-1-0108-08,基礎醫學（包括解剖學、生理學與病理學）,骨骼肌肉解剖與病理,sources/115_1/0108_Q.pdf,2,2,keyword_candidates_require_tutor_review
115-1-0108-09,基礎醫學（包括解剖學、生理學與病理學）,骨骼肌肉解剖與病理,sources/115_1/0108_Q.pdf,2,2,keyword_candidates_require_tutor_review
115-1-0108-10,基礎醫學（包括解剖學、生理學與病理學）,骨骼肌肉解剖與病理,sources/115_1/0108_Q.pdf,2,2,keyword_candidates_require_tutor_review
115-1-0108-11,基礎醫學（包括解剖學、生理學與病理學）,神經系統,sources/115_1/0108_Q.pdf,2,3,keyword_candidates_require_tutor_review
115-1-0108-12,基礎醫學（包括解剖學、生理學與病理學）,神經系統,sources/115_1/0108_Q.pdf,3,3,keyword_candidates_require_tutor_review
115-1-0108-13,基礎醫學（包括解剖學、生理學與病理學）,神經系統,sources/115_1/0108_Q.pdf,3,3,keyword_candidates_require_tutor_review
115-1-0108-14,基礎醫學（包括解剖學、生理學與病理學）,心血管系統,sources/115_1/0108_Q.pdf,3,3,keyword_candidates_require_tutor_review
115-1-0108-15,基礎醫學（包括解剖學、生理學與病理學）,心血管系統,sources/115_1/0108_Q.pdf,3,3,keyword_candidates_require_tutor_review
115-1-0108-16,基礎醫學（包括解剖學、生理學與病理學）,消化系統,sources/115_1/0108_Q.pdf,3,3,keyword_candidates_require_tutor_review
115-1-0108-17,基礎醫學（包括解剖學、生理學與病理學）,,sources/115_1/0108_Q.pdf,3,4,keyword_candidates_require_tutor_review
115-1-0108-18,基礎醫學（包括解剖學、生理學與病理學）,,sources/115_1/0108_Q.pdf,4,4,keyword_candidates_require_tutor_review
115-1-0108-19,基礎醫學（包括解剖學、生理學與病理學）,心血管系統,sources/115_1/0108_Q.pdf,4,4,keyword_candidates_require_tutor_review
115-1-0108-20,基礎醫學（包括解剖學、生理學與病理學）,骨骼肌肉解剖與病理,sources/115_1/0108_Q.pdf,4,4,keyword_candidates_require_tutor_review
115-1-0108-21,基礎醫學（包括解剖學、生理學與病理學）,,sources/115_1/0108_Q.pdf,4,4,keyword_candidates_require_tutor_review
115-1-0108-22,基礎醫學（包括解剖學、生理學與病理學）,MRI原理與技術;骨骼肌肉解剖與病理,sources/115_1/0108_Q.pdf,4,4,keyword_candidates_require_tutor_review
115-1-0108-23,基礎醫學（包括解剖學、生理學與病理學）,骨骼肌肉解剖與病理,sources/115_1/0108_Q.pdf,4,5,keyword_candidates_require_tutor_review
115-1-0108-24,基礎醫學（包括解剖學、生理學與病理學）,骨骼肌肉解剖與病理,sources/115_1/0108_Q.pdf,5,5,keyword_candidates_require_tutor_review
115-1-0108-25,基礎醫學（包括解剖學、生理學與病理學）,骨骼肌肉解剖與病理,sources/115_1/0108_Q.pdf,5,5,keyword_candidates_require_tutor_review
115-1-0108-26,基礎醫學（包括解剖學、生理學與病理學）,神經系統,sources/115_1/0108_Q.pdf,5,5,keyword_candidates_require_tutor_review
115-1-0108-27,基礎醫學（包括解剖學、生理學與病理學）,神經系統,sources/115_1/0108_Q.pdf,5,5,keyword_candidates_require_tutor_review
115-1-0108-28,基礎醫學（包括解剖學、生理學與病理學）,神經系統;內分泌與代謝,sources/115_1/0108_Q.pdf,5,5,keyword_candidates_require_tutor_review
115-1-0108-29,基礎醫學（包括解剖學、生理學與病理學）,神經系統;內分泌與代謝,sources/115_1/0108_Q.pdf,5,6,keyword_candidates_require_tutor_review
115-1-0108-30,基礎醫學（包括解剖學、生理學與病理學）,,sources/115_1/0108_Q.pdf,6,6,keyword_candidates_require_tutor_review
115-1-0108-31,基礎醫學（包括解剖學、生理學與病理學）,骨骼肌肉解剖與病理;神經系統,sources/115_1/0108_Q.pdf,6,6,keyword_candidates_require_tutor_review
115-1-0108-32,基礎醫學（包括解剖學、生理學與病理學）,消化系統;泌尿與生殖系統,sources/115_1/0108_Q.pdf,6,6,keyword_candidates_require_tutor_review
115-1-0108-33,基礎醫學（包括解剖學、生理學與病理學）,呼吸系統,sources/115_1/0108_Q.pdf,6,6,keyword_candidates_require_tutor_review
115-1-0108-34,基礎醫學（包括解剖學、生理學與病理學）,MRI原理與技術;泌尿與生殖系統,sources/115_1/0108_Q.pdf,6,7,keyword_candidates_require_tutor_review
115-1-0108-35,基礎醫學（包括解剖學、生理學與病理學）,,sources/115_1/0108_Q.pdf,7,7,keyword_candidates_require_tutor_review
115-1-0108-36,基礎醫學（包括解剖學、生理學與病理學）,消化系統,sources/115_1/0108_Q.pdf,7,7,keyword_candidates_require_tutor_review
115-1-0108-37,基礎醫學（包括解剖學、生理學與病理學）,,sources/115_1/0108_Q.pdf,7,7,keyword_candidates_require_tutor_review
115-1-0108-38,基礎醫學（包括解剖學、生理學與病理學）,神經系統,sources/115_1/0108_Q.pdf,7,7,keyword_candidates_require_tutor_review
115-1-0108-39,基礎醫學（包括解剖學、生理學與病理學）,神經系統,sources/115_1/0108_Q.pdf,7,7,keyword_candidates_require_tutor_review
115-1-0108-40,基礎醫學（包括解剖學、生理學與病理學）,底片與影像接受器;神經系統,sources/115_1/0108_Q.pdf,7,8,keyword_candidates_require_tutor_review
115-1-0108-41,基礎醫學（包括解剖學、生理學與病理學）,MRI原理與技術;神經系統,sources/115_1/0108_Q.pdf,8,8,keyword_candidates_require_tutor_review
115-1-0108-42,基礎醫學（包括解剖學、生理學與病理學）,呼吸系統,sources/115_1/0108_Q.pdf,8,8,keyword_candidates_require_tutor_review
115-1-0108-43,基礎醫學（包括解剖學、生理學與病理學）,泌尿與生殖系統,sources/115_1/0108_Q.pdf,8,8,keyword_candidates_require_tutor_review
115-1-0108-44,基礎醫學（包括解剖學、生理學與病理學）,癌症與臨床放療;內分泌與代謝;血液免疫與一般病理,sources/115_1/0108_Q.pdf,8,8,keyword_candidates_require_tutor_review
115-1-0108-45,基礎醫學（包括解剖學、生理學與病理學）,骨骼肌肉解剖與病理;神經系統,sources/115_1/0108_Q.pdf,8,8,keyword_candidates_require_tutor_review
115-1-0108-46,基礎醫學（包括解剖學、生理學與病理學）,MRI原理與技術;內分泌與代謝,sources/115_1/0108_Q.pdf,8,9,keyword_candidates_require_tutor_review
115-1-0108-47,基礎醫學（包括解剖學、生理學與病理學）,,sources/115_1/0108_Q.pdf,9,9,keyword_candidates_require_tutor_review
115-1-0108-48,基礎醫學（包括解剖學、生理學與病理學）,神經系統,sources/115_1/0108_Q.pdf,9,9,keyword_candidates_require_tutor_review
115-1-0108-49,基礎醫學（包括解剖學、生理學與病理學）,,sources/115_1/0108_Q.pdf,9,9,keyword_candidates_require_tutor_review
115-1-0108-50,基礎醫學（包括解剖學、生理學與病理學）,,sources/115_1/0108_Q.pdf,9,9,keyword_candidates_require_tutor_review
115-1-0108-51,基礎醫學（包括解剖學、生理學與病理學）,呼吸系統,sources/115_1/0108_Q.pdf,9,9,keyword_candidates_require_tutor_review
115-1-0108-52,基礎醫學（包括解剖學、生理學與病理學）,心血管系統,sources/115_1/0108_Q.pdf,9,10,keyword_candidates_require_tutor_review
115-1-0108-53,基礎醫學（包括解剖學、生理學與病理學）,泌尿與生殖系統;內分泌與代謝,sources/115_1/0108_Q.pdf,10,10,keyword_candidates_require_tutor_review
115-1-0108-54,基礎醫學（包括解剖學、生理學與病理學）,放射藥物與核種製備;神經系統,sources/115_1/0108_Q.pdf,10,10,keyword_candidates_require_tutor_review
115-1-0108-55,基礎醫學（包括解剖學、生理學與病理學）,放射藥物與核種製備,sources/115_1/0108_Q.pdf,10,10,keyword_candidates_require_tutor_review
115-1-0108-56,基礎醫學（包括解剖學、生理學與病理學）,神經系統,sources/115_1/0108_Q.pdf,10,10,keyword_candidates_require_tutor_review
115-1-0108-57,基礎醫學（包括解剖學、生理學與病理學）,,sources/115_1/0108_Q.pdf,10,10,keyword_candidates_require_tutor_review
115-1-0108-58,基礎醫學（包括解剖學、生理學與病理學）,泌尿與生殖系統,sources/115_1/0108_Q.pdf,10,11,keyword_candidates_require_tutor_review
115-1-0108-59,基礎醫學（包括解剖學、生理學與病理學）,血液免疫與一般病理,sources/115_1/0108_Q.pdf,11,11,keyword_candidates_require_tutor_review
115-1-0108-60,基礎醫學（包括解剖學、生理學與病理學）,血液免疫與一般病理,sources/115_1/0108_Q.pdf,11,11,keyword_candidates_require_tutor_review
115-1-0108-61,基礎醫學（包括解剖學、生理學與病理學）,MRI原理與技術;血液免疫與一般病理,sources/115_1/0108_Q.pdf,11,11,keyword_candidates_require_tutor_review
115-1-0108-62,基礎醫學（包括解剖學、生理學與病理學）,消化系統;血液免疫與一般病理,sources/115_1/0108_Q.pdf,11,11,keyword_candidates_require_tutor_review
115-1-0108-63,基礎醫學（包括解剖學、生理學與病理學）,血液免疫與一般病理,sources/115_1/0108_Q.pdf,11,11,keyword_candidates_require_tutor_review
115-1-0108-64,基礎醫學（包括解剖學、生理學與病理學）,放射生物學;心血管系統;消化系統;內分泌與代謝;血液免疫與一般病理,sources/115_1/0108_Q.pdf,11,12,keyword_candidates_require_tutor_review
115-1-0108-65,基礎醫學（包括解剖學、生理學與病理學）,放射生物學;內分泌與代謝,sources/115_1/0108_Q.pdf,12,12,keyword_candidates_require_tutor_review
115-1-0108-66,基礎醫學（包括解剖學、生理學與病理學）,放射生物學;神經系統,sources/115_1/0108_Q.pdf,12,12,keyword_candidates_require_tutor_review
115-1-0108-67,基礎醫學（包括解剖學、生理學與病理學）,癌症與臨床放療,sources/115_1/0108_Q.pdf,12,12,keyword_candidates_require_tutor_review
115-1-0108-68,基礎醫學（包括解剖學、生理學與病理學）,癌症與臨床放療,sources/115_1/0108_Q.pdf,12,12,keyword_candidates_require_tutor_review
115-1-0108-69,基礎醫學（包括解剖學、生理學與病理學）,輻射量與劑量學;心血管系統,sources/115_1/0108_Q.pdf,12,13,keyword_candidates_require_tutor_review
115-1-0108-70,基礎醫學（包括解剖學、生理學與病理學）,,sources/115_1/0108_Q.pdf,13,13,keyword_candidates_require_tutor_review
115-1-0108-71,基礎醫學（包括解剖學、生理學與病理學）,呼吸系統,sources/115_1/0108_Q.pdf,13,13,keyword_candidates_require_tutor_review
115-1-0108-72,基礎醫學（包括解剖學、生理學與病理學）,MRI原理與技術;呼吸系統,sources/115_1/0108_Q.pdf,13,13,keyword_candidates_require_tutor_review
115-1-0108-73,基礎醫學（包括解剖學、生理學與病理學）,癌症與臨床放療,sources/115_1/0108_Q.pdf,13,13,keyword_candidates_require_tutor_review
115-1-0108-74,基礎醫學（包括解剖學、生理學與病理學）,消化系統,sources/115_1/0108_Q.pdf,13,13,keyword_candidates_require_tutor_review
115-1-0108-75,基礎醫學（包括解剖學、生理學與病理學）,CT原理與技術;癌症與臨床放療;消化系統,sources/115_1/0108_Q.pdf,13,14,keyword_candidates_require_tutor_review
115-1-0108-76,基礎醫學（包括解剖學、生理學與病理學）,,sources/115_1/0108_Q.pdf,14,14,keyword_candidates_require_tutor_review
115-1-0108-77,基礎醫學（包括解剖學、生理學與病理學）,泌尿與生殖系統,sources/115_1/0108_Q.pdf,14,14,keyword_candidates_require_tutor_review
115-1-0108-78,基礎醫學（包括解剖學、生理學與病理學）,內分泌與代謝,sources/115_1/0108_Q.pdf,14,14,keyword_candidates_require_tutor_review
115-1-0108-79,基礎醫學（包括解剖學、生理學與病理學）,放射生物學,sources/115_1/0108_Q.pdf,14,14,keyword_candidates_require_tutor_review
115-1-0108-80,基礎醫學（包括解剖學、生理學與病理學）,MRI原理與技術;神經系統,sources/115_1/0108_Q.pdf,14,14,keyword_candidates_require_tutor_review
115-1-0601-01,醫學物理學與輻射安全,半衰期與活度,sources/115_1/0601_Q.pdf,1,1,keyword_candidates_require_tutor_review
115-1-0601-02,醫學物理學與輻射安全,核衰變與核種平衡,sources/115_1/0601_Q.pdf,1,1,keyword_candidates_require_tutor_review
115-1-0601-03,醫學物理學與輻射安全,核衰變與核種平衡;放射藥物與核種製備,sources/115_1/0601_Q.pdf,1,1,keyword_candidates_require_tutor_review
115-1-0601-04,醫學物理學與輻射安全,核衰變與核種平衡;核醫PET,sources/115_1/0601_Q.pdf,1,1,keyword_candidates_require_tutor_review
115-1-0601-05,醫學物理學與輻射安全,核衰變與核種平衡;半衰期與活度,sources/115_1/0601_Q.pdf,1,2,keyword_candidates_require_tutor_review
115-1-0601-06,醫學物理學與輻射安全,衰減與屏蔽,sources/115_1/0601_Q.pdf,2,2,keyword_candidates_require_tutor_review
115-1-0601-07,醫學物理學與輻射安全,半衰期與活度;輻射量與劑量學,sources/115_1/0601_Q.pdf,2,2,keyword_candidates_require_tutor_review
115-1-0601-08,醫學物理學與輻射安全,衰減與屏蔽;X光產生與能譜,sources/115_1/0601_Q.pdf,2,2,keyword_candidates_require_tutor_review
115-1-0601-09,醫學物理學與輻射安全,MRI原理與技術;影像品質與數位影像,sources/115_1/0601_Q.pdf,2,2,keyword_candidates_require_tutor_review
115-1-0601-10,醫學物理學與輻射安全,衰減與屏蔽;CT原理與技術,sources/115_1/0601_Q.pdf,2,2,keyword_candidates_require_tutor_review
115-1-0601-11,醫學物理學與輻射安全,放射治療計畫與劑量;放療設備與品保,sources/115_1/0601_Q.pdf,2,3,keyword_candidates_require_tutor_review
115-1-0601-12,醫學物理學與輻射安全,半衰期與活度;偵檢器與計數統計;核醫PET;核醫SPECT與加馬攝影機;放射藥物與核種製備,sources/115_1/0601_Q.pdf,3,3,keyword_candidates_require_tutor_review
115-1-0601-13,醫學物理學與輻射安全,光子與物質交互作用,sources/115_1/0601_Q.pdf,3,3,keyword_candidates_require_tutor_review
115-1-0601-14,醫學物理學與輻射安全,核衰變與核種平衡;光子與物質交互作用;核醫PET,sources/115_1/0601_Q.pdf,3,3,keyword_candidates_require_tutor_review
115-1-0601-15,醫學物理學與輻射安全,X光產生與能譜,sources/115_1/0601_Q.pdf,3,4,keyword_candidates_require_tutor_review
115-1-0601-16,醫學物理學與輻射安全,X光產生與能譜,sources/115_1/0601_Q.pdf,4,4,keyword_candidates_require_tutor_review
115-1-0601-17,醫學物理學與輻射安全,X光產生與能譜,sources/115_1/0601_Q.pdf,4,4,keyword_candidates_require_tutor_review
115-1-0601-18,醫學物理學與輻射安全,輻射量與劑量學;放射治療計畫與劑量,sources/115_1/0601_Q.pdf,4,4,keyword_candidates_require_tutor_review
115-1-0601-19,醫學物理學與輻射安全,輻射量與劑量學;放射治療計畫與劑量;放療設備與品保,sources/115_1/0601_Q.pdf,4,4,keyword_candidates_require_tutor_review
115-1-0601-20,醫學物理學與輻射安全,底片與影像接受器;對比劑與特殊攝影,sources/115_1/0601_Q.pdf,4,5,keyword_candidates_require_tutor_review
115-1-0601-21,醫學物理學與輻射安全,攝影擺位與投照,sources/115_1/0601_Q.pdf,5,5,keyword_candidates_require_tutor_review
115-1-0601-22,醫學物理學與輻射安全,輻射量與劑量學;偵檢器與計數統計;底片與影像接受器,sources/115_1/0601_Q.pdf,5,5,keyword_candidates_require_tutor_review
115-1-0601-23,醫學物理學與輻射安全,CT原理與技術;對比劑與特殊攝影;神經系統,sources/115_1/0601_Q.pdf,5,5,keyword_candidates_require_tutor_review
115-1-0601-24,醫學物理學與輻射安全,輻射防護與法規;放射治療計畫與劑量,sources/115_1/0601_Q.pdf,5,5,keyword_candidates_require_tutor_review
115-1-0601-25,醫學物理學與輻射安全,放射治療計畫與劑量,sources/115_1/0601_Q.pdf,5,6,keyword_candidates_require_tutor_review
115-1-0601-26,醫學物理學與輻射安全,放射治療計畫與劑量,sources/115_1/0601_Q.pdf,6,6,keyword_candidates_require_tutor_review
115-1-0601-27,醫學物理學與輻射安全,核醫PET,sources/115_1/0601_Q.pdf,6,6,keyword_candidates_require_tutor_review
115-1-0601-28,醫學物理學與輻射安全,偵檢器與計數統計;影像品質與數位影像;核醫SPECT與加馬攝影機,sources/115_1/0601_Q.pdf,6,7,keyword_candidates_require_tutor_review
115-1-0601-29,醫學物理學與輻射安全,偵檢器與計數統計;核醫SPECT與加馬攝影機,sources/115_1/0601_Q.pdf,7,7,keyword_candidates_require_tutor_review
115-1-0601-30,醫學物理學與輻射安全,半衰期與活度;放射藥物與核種製備,sources/115_1/0601_Q.pdf,7,7,keyword_candidates_require_tutor_review
115-1-0601-31,醫學物理學與輻射安全,衰減與屏蔽;放射生物學;超音波原理與技術;影像品質與數位影像,sources/115_1/0601_Q.pdf,7,7,keyword_candidates_require_tutor_review
115-1-0601-32,醫學物理學與輻射安全,超音波原理與技術,sources/115_1/0601_Q.pdf,7,7,keyword_candidates_require_tutor_review
115-1-0601-33,醫學物理學與輻射安全,心血管系統;消化系統,sources/115_1/0601_Q.pdf,7,7,keyword_candidates_require_tutor_review
115-1-0601-34,醫學物理學與輻射安全,超音波原理與技術,sources/115_1/0601_Q.pdf,7,8,keyword_candidates_require_tutor_review
115-1-0601-35,醫學物理學與輻射安全,超音波原理與技術,sources/115_1/0601_Q.pdf,8,8,keyword_candidates_require_tutor_review
115-1-0601-36,醫學物理學與輻射安全,MRI原理與技術;影像品質與數位影像,sources/115_1/0601_Q.pdf,8,8,keyword_candidates_require_tutor_review
115-1-0601-37,醫學物理學與輻射安全,MRI原理與技術;超音波原理與技術;影像品質與數位影像,sources/115_1/0601_Q.pdf,8,8,keyword_candidates_require_tutor_review
115-1-0601-38,醫學物理學與輻射安全,MRI原理與技術;影像品質與數位影像,sources/115_1/0601_Q.pdf,8,8,keyword_candidates_require_tutor_review
115-1-0601-39,醫學物理學與輻射安全,MRI原理與技術,sources/115_1/0601_Q.pdf,8,9,keyword_candidates_require_tutor_review
115-1-0601-40,醫學物理學與輻射安全,MRI原理與技術;影像品質與數位影像,sources/115_1/0601_Q.pdf,9,9,keyword_candidates_require_tutor_review
115-1-0601-41,醫學物理學與輻射安全,輻射量與劑量學;輻射防護與法規,sources/115_1/0601_Q.pdf,9,9,keyword_candidates_require_tutor_review
115-1-0601-42,醫學物理學與輻射安全,放射生物學;血液免疫與一般病理,sources/115_1/0601_Q.pdf,9,9,keyword_candidates_require_tutor_review
115-1-0601-43,醫學物理學與輻射安全,輻射防護與法規;癌症與臨床放療,sources/115_1/0601_Q.pdf,9,9,keyword_candidates_require_tutor_review
115-1-0601-44,醫學物理學與輻射安全,輻射量與劑量學;輻射防護與法規,sources/115_1/0601_Q.pdf,9,9,keyword_candidates_require_tutor_review
115-1-0601-45,醫學物理學與輻射安全,,sources/115_1/0601_Q.pdf,9,10,keyword_candidates_require_tutor_review
115-1-0601-46,醫學物理學與輻射安全,輻射量與劑量學,sources/115_1/0601_Q.pdf,10,10,keyword_candidates_require_tutor_review
115-1-0601-47,醫學物理學與輻射安全,輻射量與劑量學;MRI原理與技術,sources/115_1/0601_Q.pdf,10,10,keyword_candidates_require_tutor_review
115-1-0601-48,醫學物理學與輻射安全,核衰變與核種平衡,sources/115_1/0601_Q.pdf,10,10,keyword_candidates_require_tutor_review
115-1-0601-49,醫學物理學與輻射安全,半衰期與活度;輻射防護與法規,sources/115_1/0601_Q.pdf,10,10,keyword_candidates_require_tutor_review
115-1-0601-50,醫學物理學與輻射安全,輻射量與劑量學,sources/115_1/0601_Q.pdf,10,11,keyword_candidates_require_tutor_review
115-1-0601-51,醫學物理學與輻射安全,衰減與屏蔽,sources/115_1/0601_Q.pdf,11,11,keyword_candidates_require_tutor_review
115-1-0601-52,醫學物理學與輻射安全,偵檢器與計數統計,sources/115_1/0601_Q.pdf,11,11,keyword_candidates_require_tutor_review
115-1-0601-53,醫學物理學與輻射安全,輻射量與劑量學;偵檢器與計數統計,sources/115_1/0601_Q.pdf,11,11,keyword_candidates_require_tutor_review
115-1-0601-54,醫學物理學與輻射安全,輻射量與劑量學;偵檢器與計數統計,sources/115_1/0601_Q.pdf,11,11,keyword_candidates_require_tutor_review
115-1-0601-55,醫學物理學與輻射安全,偵檢器與計數統計,sources/115_1/0601_Q.pdf,11,11,keyword_candidates_require_tutor_review
115-1-0601-56,醫學物理學與輻射安全,偵檢器與計數統計,sources/115_1/0601_Q.pdf,11,12,keyword_candidates_require_tutor_review
115-1-0601-57,醫學物理學與輻射安全,偵檢器與計數統計,sources/115_1/0601_Q.pdf,12,12,keyword_candidates_require_tutor_review
115-1-0601-58,醫學物理學與輻射安全,偵檢器與計數統計;影像品質與數位影像;核醫PET,sources/115_1/0601_Q.pdf,12,12,keyword_candidates_require_tutor_review
115-1-0601-59,醫學物理學與輻射安全,放射藥物與核種製備,sources/115_1/0601_Q.pdf,12,12,keyword_candidates_require_tutor_review
115-1-0601-60,醫學物理學與輻射安全,衰減與屏蔽;X光產生與能譜,sources/115_1/0601_Q.pdf,12,12,keyword_candidates_require_tutor_review
115-1-0601-61,醫學物理學與輻射安全,衰減與屏蔽;輻射量與劑量學;輻射防護與法規,sources/115_1/0601_Q.pdf,12,13,keyword_candidates_require_tutor_review
115-1-0601-62,醫學物理學與輻射安全,,sources/115_1/0601_Q.pdf,13,13,keyword_candidates_require_tutor_review
115-1-0601-63,醫學物理學與輻射安全,衰減與屏蔽;輻射量與劑量學;輻射防護與法規,sources/115_1/0601_Q.pdf,13,13,keyword_candidates_require_tutor_review
115-1-0601-64,醫學物理學與輻射安全,,sources/115_1/0601_Q.pdf,13,13,keyword_candidates_require_tutor_review
115-1-0601-65,醫學物理學與輻射安全,衰減與屏蔽,sources/115_1/0601_Q.pdf,13,13,keyword_candidates_require_tutor_review
115-1-0601-66,醫學物理學與輻射安全,放射生物學,sources/115_1/0601_Q.pdf,13,14,keyword_candidates_require_tutor_review
115-1-0601-67,醫學物理學與輻射安全,放射生物學,sources/115_1/0601_Q.pdf,14,14,keyword_candidates_require_tutor_review
115-1-0601-68,醫學物理學與輻射安全,,sources/115_1/0601_Q.pdf,14,14,keyword_candidates_require_tutor_review
115-1-0601-69,醫學物理學與輻射安全,輻射量與劑量學;內分泌與代謝,sources/115_1/0601_Q.pdf,14,14,keyword_candidates_require_tutor_review
115-1-0601-70,醫學物理學與輻射安全,輻射量與劑量學;心血管系統,sources/115_1/0601_Q.pdf,14,14,keyword_candidates_require_tutor_review
115-1-0601-71,醫學物理學與輻射安全,輻射防護與法規,sources/115_1/0601_Q.pdf,14,14,keyword_candidates_require_tutor_review
115-1-0601-72,醫學物理學與輻射安全,核衰變與核種平衡;半衰期與活度,sources/115_1/0601_Q.pdf,14,15,keyword_candidates_require_tutor_review
115-1-0601-73,醫學物理學與輻射安全,輻射防護與法規;消化系統,sources/115_1/0601_Q.pdf,15,15,keyword_candidates_require_tutor_review
115-1-0601-74,醫學物理學與輻射安全,輻射防護與法規,sources/115_1/0601_Q.pdf,15,15,keyword_candidates_require_tutor_review
115-1-0601-75,醫學物理學與輻射安全,輻射量與劑量學;輻射防護與法規,sources/115_1/0601_Q.pdf,15,15,keyword_candidates_require_tutor_review
115-1-0601-76,醫學物理學與輻射安全,輻射防護與法規,sources/115_1/0601_Q.pdf,15,15,keyword_candidates_require_tutor_review
115-1-0601-77,醫學物理學與輻射安全,輻射量與劑量學;CT原理與技術;影像品質與數位影像;放療設備與品保;神經系統,sources/115_1/0601_Q.pdf,15,16,keyword_candidates_require_tutor_review
115-1-0601-78,醫學物理學與輻射安全,近接與特殊放療,sources/115_1/0601_Q.pdf,16,16,keyword_candidates_require_tutor_review
115-1-0601-79,醫學物理學與輻射安全,輻射量與劑量學;輻射防護與法規,sources/115_1/0601_Q.pdf,16,16,keyword_candidates_require_tutor_review
115-1-0601-80,醫學物理學與輻射安全,輻射防護與法規,sources/115_1/0601_Q.pdf,16,16,keyword_candidates_require_tutor_review
115-1-0602-01,放射線器材學（包括磁振學與超音波學）,X光產生與能譜,sources/115_1/0602_Q.pdf,1,1,keyword_candidates_require_tutor_review
115-1-0602-02,放射線器材學（包括磁振學與超音波學）,X光產生與能譜,sources/115_1/0602_Q.pdf,1,1,keyword_candidates_require_tutor_review
115-1-0602-03,放射線器材學（包括磁振學與超音波學）,影像品質與數位影像,sources/115_1/0602_Q.pdf,1,1,keyword_candidates_require_tutor_review
115-1-0602-04,放射線器材學（包括磁振學與超音波學）,偵檢器與計數統計;底片與影像接受器,sources/115_1/0602_Q.pdf,1,1,keyword_candidates_require_tutor_review
115-1-0602-05,放射線器材學（包括磁振學與超音波學）,偵檢器與計數統計;底片與影像接受器,sources/115_1/0602_Q.pdf,1,2,keyword_candidates_require_tutor_review
115-1-0602-06,放射線器材學（包括磁振學與超音波學）,偵檢器與計數統計;影像品質與數位影像;對比劑與特殊攝影,sources/115_1/0602_Q.pdf,2,2,keyword_candidates_require_tutor_review
115-1-0602-07,放射線器材學（包括磁振學與超音波學）,CT原理與技術;放射藥物與核種製備;心血管系統,sources/115_1/0602_Q.pdf,2,2,keyword_candidates_require_tutor_review
115-1-0602-08,放射線器材學（包括磁振學與超音波學）,影像品質與數位影像,sources/115_1/0602_Q.pdf,2,2,keyword_candidates_require_tutor_review
115-1-0602-09,放射線器材學（包括磁振學與超音波學）,CT原理與技術;影像品質與數位影像;放療設備與品保,sources/115_1/0602_Q.pdf,2,3,keyword_candidates_require_tutor_review
115-1-0602-10,放射線器材學（包括磁振學與超音波學）,偵檢器與計數統計,sources/115_1/0602_Q.pdf,3,3,keyword_candidates_require_tutor_review
115-1-0602-11,放射線器材學（包括磁振學與超音波學）,CT原理與技術;影像品質與數位影像;核醫SPECT與加馬攝影機,sources/115_1/0602_Q.pdf,3,3,keyword_candidates_require_tutor_review
115-1-0602-12,放射線器材學（包括磁振學與超音波學）,MRI原理與技術,sources/115_1/0602_Q.pdf,3,3,keyword_candidates_require_tutor_review
115-1-0602-13,放射線器材學（包括磁振學與超音波學）,CT原理與技術;對比劑與特殊攝影,sources/115_1/0602_Q.pdf,3,3,keyword_candidates_require_tutor_review
115-1-0602-14,放射線器材學（包括磁振學與超音波學）,X光產生與能譜;偵檢器與計數統計;影像品質與數位影像,sources/115_1/0602_Q.pdf,3,4,keyword_candidates_require_tutor_review
115-1-0602-15,放射線器材學（包括磁振學與超音波學）,MRI原理與技術;底片與影像接受器;神經系統,sources/115_1/0602_Q.pdf,4,4,keyword_candidates_require_tutor_review
115-1-0602-16,放射線器材學（包括磁振學與超音波學）,影像品質與數位影像;底片與影像接受器,sources/115_1/0602_Q.pdf,4,4,keyword_candidates_require_tutor_review
115-1-0602-17,放射線器材學（包括磁振學與超音波學）,CT原理與技術;底片與影像接受器;對比劑與特殊攝影;神經系統,sources/115_1/0602_Q.pdf,4,4,keyword_candidates_require_tutor_review
115-1-0602-18,放射線器材學（包括磁振學與超音波學）,影像品質與數位影像;底片與影像接受器,sources/115_1/0602_Q.pdf,4,4,keyword_candidates_require_tutor_review
115-1-0602-19,放射線器材學（包括磁振學與超音波學）,影像品質與數位影像,sources/115_1/0602_Q.pdf,4,5,keyword_candidates_require_tutor_review
115-1-0602-20,放射線器材學（包括磁振學與超音波學）,影像品質與數位影像;底片與影像接受器;攝影擺位與投照;神經系統,sources/115_1/0602_Q.pdf,5,5,keyword_candidates_require_tutor_review
115-1-0602-21,放射線器材學（包括磁振學與超音波學）,影像品質與數位影像,sources/115_1/0602_Q.pdf,5,5,keyword_candidates_require_tutor_review
115-1-0602-22,放射線器材學（包括磁振學與超音波學）,影像品質與數位影像,sources/115_1/0602_Q.pdf,5,5,keyword_candidates_require_tutor_review
115-1-0602-23,放射線器材學（包括磁振學與超音波學）,對比劑與特殊攝影,sources/115_1/0602_Q.pdf,5,5,keyword_candidates_require_tutor_review
115-1-0602-24,放射線器材學（包括磁振學與超音波學）,影像品質與數位影像;底片與影像接受器,sources/115_1/0602_Q.pdf,5,5,keyword_candidates_require_tutor_review
115-1-0602-25,放射線器材學（包括磁振學與超音波學）,超音波原理與技術;影像品質與數位影像,sources/115_1/0602_Q.pdf,5,6,keyword_candidates_require_tutor_review
115-1-0602-26,放射線器材學（包括磁振學與超音波學）,偵檢器與計數統計;放射生物學;超音波原理與技術;影像品質與數位影像;呼吸系統,sources/115_1/0602_Q.pdf,6,6,keyword_candidates_require_tutor_review
115-1-0602-27,放射線器材學（包括磁振學與超音波學）,MRI原理與技術;超音波原理與技術,sources/115_1/0602_Q.pdf,6,7,keyword_candidates_require_tutor_review
115-1-0602-28,放射線器材學（包括磁振學與超音波學）,超音波原理與技術,sources/115_1/0602_Q.pdf,7,7,keyword_candidates_require_tutor_review
115-1-0602-29,放射線器材學（包括磁振學與超音波學）,超音波原理與技術;放射治療計畫與劑量,sources/115_1/0602_Q.pdf,7,7,keyword_candidates_require_tutor_review
115-1-0602-30,放射線器材學（包括磁振學與超音波學）,超音波原理與技術;影像品質與數位影像,sources/115_1/0602_Q.pdf,7,7,keyword_candidates_require_tutor_review
115-1-0602-31,放射線器材學（包括磁振學與超音波學）,超音波原理與技術,sources/115_1/0602_Q.pdf,7,7,keyword_candidates_require_tutor_review
115-1-0602-32,放射線器材學（包括磁振學與超音波學）,影像品質與數位影像,sources/115_1/0602_Q.pdf,7,7,keyword_candidates_require_tutor_review
115-1-0602-33,放射線器材學（包括磁振學與超音波學）,,sources/115_1/0602_Q.pdf,7,8,keyword_candidates_require_tutor_review
115-1-0602-34,放射線器材學（包括磁振學與超音波學）,,sources/115_1/0602_Q.pdf,8,8,keyword_candidates_require_tutor_review
115-1-0602-35,放射線器材學（包括磁振學與超音波學）,MRI原理與技術;影像品質與數位影像,sources/115_1/0602_Q.pdf,8,8,keyword_candidates_require_tutor_review
115-1-0602-36,放射線器材學（包括磁振學與超音波學）,底片與影像接受器,sources/115_1/0602_Q.pdf,8,8,keyword_candidates_require_tutor_review
115-1-0602-37,放射線器材學（包括磁振學與超音波學）,MRI原理與技術,sources/115_1/0602_Q.pdf,8,8,keyword_candidates_require_tutor_review
115-1-0602-38,放射線器材學（包括磁振學與超音波學）,MRI原理與技術;影像品質與數位影像;攝影擺位與投照,sources/115_1/0602_Q.pdf,8,8,keyword_candidates_require_tutor_review
115-1-0602-39,放射線器材學（包括磁振學與超音波學）,MRI原理與技術,sources/115_1/0602_Q.pdf,8,9,keyword_candidates_require_tutor_review
115-1-0602-40,放射線器材學（包括磁振學與超音波學）,放射藥物與核種製備,sources/115_1/0602_Q.pdf,9,9,keyword_candidates_require_tutor_review
115-1-0602-41,放射線器材學（包括磁振學與超音波學）,核衰變與核種平衡;放射藥物與核種製備,sources/115_1/0602_Q.pdf,9,9,keyword_candidates_require_tutor_review
115-1-0602-42,放射線器材學（包括磁振學與超音波學）,衰減與屏蔽;核醫SPECT與加馬攝影機,sources/115_1/0602_Q.pdf,9,9,keyword_candidates_require_tutor_review
115-1-0602-43,放射線器材學（包括磁振學與超音波學）,偵檢器與計數統計,sources/115_1/0602_Q.pdf,9,10,keyword_candidates_require_tutor_review
115-1-0602-44,放射線器材學（包括磁振學與超音波學）,MRI原理與技術,sources/115_1/0602_Q.pdf,10,10,keyword_candidates_require_tutor_review
115-1-0602-45,放射線器材學（包括磁振學與超音波學）,MRI原理與技術;核醫SPECT與加馬攝影機,sources/115_1/0602_Q.pdf,10,10,keyword_candidates_require_tutor_review
115-1-0602-46,放射線器材學（包括磁振學與超音波學）,MRI原理與技術,sources/115_1/0602_Q.pdf,10,10,keyword_candidates_require_tutor_review
115-1-0602-47,放射線器材學（包括磁振學與超音波學）,衰減與屏蔽;影像品質與數位影像,sources/115_1/0602_Q.pdf,10,10,keyword_candidates_require_tutor_review
115-1-0602-48,放射線器材學（包括磁振學與超音波學）,MRI原理與技術;影像品質與數位影像,sources/115_1/0602_Q.pdf,10,11,keyword_candidates_require_tutor_review
115-1-0602-49,放射線器材學（包括磁振學與超音波學）,衰減與屏蔽;MRI原理與技術,sources/115_1/0602_Q.pdf,11,11,keyword_candidates_require_tutor_review
115-1-0602-50,放射線器材學（包括磁振學與超音波學）,MRI原理與技術,sources/115_1/0602_Q.pdf,11,11,keyword_candidates_require_tutor_review
115-1-0602-51,放射線器材學（包括磁振學與超音波學）,,sources/115_1/0602_Q.pdf,11,11,keyword_candidates_require_tutor_review
115-1-0602-52,放射線器材學（包括磁振學與超音波學）,放射治療計畫與劑量;癌症與臨床放療;神經系統,sources/115_1/0602_Q.pdf,11,11,keyword_candidates_require_tutor_review
115-1-0602-53,放射線器材學（包括磁振學與超音波學）,癌症與臨床放療;攝影擺位與投照,sources/115_1/0602_Q.pdf,11,12,keyword_candidates_require_tutor_review
115-1-0602-54,放射線器材學（包括磁振學與超音波學）,,sources/115_1/0602_Q.pdf,12,12,keyword_candidates_require_tutor_review
115-1-0602-55,放射線器材學（包括磁振學與超音波學）,光子與物質交互作用;衰減與屏蔽,sources/115_1/0602_Q.pdf,12,12,keyword_candidates_require_tutor_review
115-1-0602-56,放射線器材學（包括磁振學與超音波學）,放射治療計畫與劑量;放療設備與品保,sources/115_1/0602_Q.pdf,12,12,keyword_candidates_require_tutor_review
115-1-0602-57,放射線器材學（包括磁振學與超音波學）,,sources/115_1/0602_Q.pdf,12,12,keyword_candidates_require_tutor_review
115-1-0602-58,放射線器材學（包括磁振學與超音波學）,輻射防護與法規;CT原理與技術;放療設備與品保;神經系統,sources/115_1/0602_Q.pdf,12,12,keyword_candidates_require_tutor_review
115-1-0602-59,放射線器材學（包括磁振學與超音波學）,輻射量與劑量學;CT原理與技術;放療設備與品保,sources/115_1/0602_Q.pdf,12,13,keyword_candidates_require_tutor_review
115-1-0602-60,放射線器材學（包括磁振學與超音波學）,放射生物學;放射藥物與核種製備;近接與特殊放療;癌症與臨床放療;泌尿與生殖系統,sources/115_1/0602_Q.pdf,13,13,keyword_candidates_require_tutor_review
115-1-0602-61,放射線器材學（包括磁振學與超音波學）,衰減與屏蔽;底片與影像接受器,sources/115_1/0602_Q.pdf,13,13,keyword_candidates_require_tutor_review
115-1-0602-62,放射線器材學（包括磁振學與超音波學）,底片與影像接受器;放射治療計畫與劑量,sources/115_1/0602_Q.pdf,13,13,keyword_candidates_require_tutor_review
115-1-0602-63,放射線器材學（包括磁振學與超音波學）,輻射量與劑量學;放療設備與品保;近接與特殊放療,sources/115_1/0602_Q.pdf,13,13,keyword_candidates_require_tutor_review
115-1-0602-64,放射線器材學（包括磁振學與超音波學）,放療設備與品保,sources/115_1/0602_Q.pdf,13,14,keyword_candidates_require_tutor_review
115-1-0602-65,放射線器材學（包括磁振學與超音波學）,輻射量與劑量學;放療設備與品保,sources/115_1/0602_Q.pdf,14,14,keyword_candidates_require_tutor_review
115-1-0602-66,放射線器材學（包括磁振學與超音波學）,CT原理與技術;放療設備與品保;神經系統,sources/115_1/0602_Q.pdf,14,14,keyword_candidates_require_tutor_review
115-1-0602-67,放射線器材學（包括磁振學與超音波學）,,sources/115_1/0602_Q.pdf,14,14,keyword_candidates_require_tutor_review
115-1-0602-68,放射線器材學（包括磁振學與超音波學）,,sources/115_1/0602_Q.pdf,14,14,keyword_candidates_require_tutor_review
115-1-0602-69,放射線器材學（包括磁振學與超音波學）,,sources/115_1/0602_Q.pdf,14,14,keyword_candidates_require_tutor_review
115-1-0602-70,放射線器材學（包括磁振學與超音波學）,輻射量與劑量學,sources/115_1/0602_Q.pdf,14,15,keyword_candidates_require_tutor_review
115-1-0602-71,放射線器材學（包括磁振學與超音波學）,衰減與屏蔽;核醫PET;核醫SPECT與加馬攝影機;放射藥物與核種製備;放療設備與品保,sources/115_1/0602_Q.pdf,15,15,keyword_candidates_require_tutor_review
115-1-0602-72,放射線器材學（包括磁振學與超音波學）,半衰期與活度;偵檢器與計數統計;核醫SPECT與加馬攝影機;放射藥物與核種製備;放療設備與品保;泌尿與生殖系統,sources/115_1/0602_Q.pdf,15,15,keyword_candidates_require_tutor_review
115-1-0602-73,放射線器材學（包括磁振學與超音波學）,輻射量與劑量學,sources/115_1/0602_Q.pdf,15,16,keyword_candidates_require_tutor_review
115-1-0602-74,放射線器材學（包括磁振學與超音波學）,核衰變與核種平衡;衰減與屏蔽;CT原理與技術;放療設備與品保;神經系統,sources/115_1/0602_Q.pdf,16,16,keyword_candidates_require_tutor_review
115-1-0602-75,放射線器材學（包括磁振學與超音波學）,輻射量與劑量學;偵檢器與計數統計;放療設備與品保,sources/115_1/0602_Q.pdf,16,16,keyword_candidates_require_tutor_review
115-1-0602-76,放射線器材學（包括磁振學與超音波學）,影像品質與數位影像;核醫PET,sources/115_1/0602_Q.pdf,16,16,keyword_candidates_require_tutor_review
115-1-0602-77,放射線器材學（包括磁振學與超音波學）,偵檢器與計數統計;核醫PET,sources/115_1/0602_Q.pdf,16,16,keyword_candidates_require_tutor_review
115-1-0602-78,放射線器材學（包括磁振學與超音波學）,核衰變與核種平衡;衰減與屏蔽;核醫PET;放療設備與品保,sources/115_1/0602_Q.pdf,16,16,keyword_candidates_require_tutor_review
115-1-0602-79,放射線器材學（包括磁振學與超音波學）,,sources/115_1/0602_Q.pdf,16,17,keyword_candidates_require_tutor_review
115-1-0602-80,放射線器材學（包括磁振學與超音波學）,核衰變與核種平衡;影像品質與數位影像;核醫PET,sources/115_1/0602_Q.pdf,17,17,keyword_candidates_require_tutor_review
115-1-0603-01,放射線診斷原理與技術學,攝影擺位與投照,sources/115_1/0603_Q.pdf,1,1,keyword_candidates_require_tutor_review
115-1-0603-02,放射線診斷原理與技術學,輻射量與劑量學,sources/115_1/0603_Q.pdf,1,1,keyword_candidates_require_tutor_review
115-1-0603-03,放射線診斷原理與技術學,,sources/115_1/0603_Q.pdf,1,1,keyword_candidates_require_tutor_review
115-1-0603-04,放射線診斷原理與技術學,骨骼肌肉解剖與病理,sources/115_1/0603_Q.pdf,1,1,keyword_candidates_require_tutor_review
115-1-0603-05,放射線診斷原理與技術學,攝影擺位與投照,sources/115_1/0603_Q.pdf,1,2,keyword_candidates_require_tutor_review
115-1-0603-06,放射線診斷原理與技術學,,sources/115_1/0603_Q.pdf,2,2,keyword_candidates_require_tutor_review
115-1-0603-07,放射線診斷原理與技術學,X光產生與能譜,sources/115_1/0603_Q.pdf,2,2,keyword_candidates_require_tutor_review
115-1-0603-08,放射線診斷原理與技術學,攝影擺位與投照;骨骼肌肉解剖與病理,sources/115_1/0603_Q.pdf,2,2,keyword_candidates_require_tutor_review
115-1-0603-09,放射線診斷原理與技術學,攝影擺位與投照,sources/115_1/0603_Q.pdf,2,2,keyword_candidates_require_tutor_review
115-1-0603-10,放射線診斷原理與技術學,X光產生與能譜;影像品質與數位影像,sources/115_1/0603_Q.pdf,2,2,keyword_candidates_require_tutor_review
115-1-0603-11,放射線診斷原理與技術學,,sources/115_1/0603_Q.pdf,2,3,keyword_candidates_require_tutor_review
115-1-0603-12,放射線診斷原理與技術學,光子與物質交互作用;骨骼肌肉解剖與病理,sources/115_1/0603_Q.pdf,3,3,keyword_candidates_require_tutor_review
115-1-0603-13,放射線診斷原理與技術學,光子與物質交互作用;對比劑與特殊攝影,sources/115_1/0603_Q.pdf,3,3,keyword_candidates_require_tutor_review
115-1-0603-14,放射線診斷原理與技術學,對比劑與特殊攝影;心血管系統;泌尿與生殖系統,sources/115_1/0603_Q.pdf,3,4,keyword_candidates_require_tutor_review
115-1-0603-15,放射線診斷原理與技術學,對比劑與特殊攝影;消化系統,sources/115_1/0603_Q.pdf,4,4,keyword_candidates_require_tutor_review
115-1-0603-16,放射線診斷原理與技術學,影像品質與數位影像;對比劑與特殊攝影,sources/115_1/0603_Q.pdf,4,4,keyword_candidates_require_tutor_review
115-1-0603-17,放射線診斷原理與技術學,對比劑與特殊攝影;骨骼肌肉解剖與病理,sources/115_1/0603_Q.pdf,4,4,keyword_candidates_require_tutor_review
115-1-0603-18,放射線診斷原理與技術學,對比劑與特殊攝影;消化系統,sources/115_1/0603_Q.pdf,4,4,keyword_candidates_require_tutor_review
115-1-0603-19,放射線診斷原理與技術學,對比劑與特殊攝影;心血管系統;呼吸系統;消化系統,sources/115_1/0603_Q.pdf,4,4,keyword_candidates_require_tutor_review
115-1-0603-20,放射線診斷原理與技術學,對比劑與特殊攝影,sources/115_1/0603_Q.pdf,4,5,keyword_candidates_require_tutor_review
115-1-0603-21,放射線診斷原理與技術學,底片與影像接受器;對比劑與特殊攝影;血液免疫與一般病理,sources/115_1/0603_Q.pdf,5,5,keyword_candidates_require_tutor_review
115-1-0603-22,放射線診斷原理與技術學,底片與影像接受器,sources/115_1/0603_Q.pdf,5,5,keyword_candidates_require_tutor_review
115-1-0603-23,放射線診斷原理與技術學,MRI原理與技術,sources/115_1/0603_Q.pdf,5,5,keyword_candidates_require_tutor_review
115-1-0603-24,放射線診斷原理與技術學,影像品質與數位影像;骨骼肌肉解剖與病理,sources/115_1/0603_Q.pdf,5,5,keyword_candidates_require_tutor_review
115-1-0603-25,放射線診斷原理與技術學,底片與影像接受器,sources/115_1/0603_Q.pdf,5,6,keyword_candidates_require_tutor_review
115-1-0603-26,放射線診斷原理與技術學,輻射量與劑量學;對比劑與特殊攝影,sources/115_1/0603_Q.pdf,6,6,keyword_candidates_require_tutor_review
115-1-0603-27,放射線診斷原理與技術學,,sources/115_1/0603_Q.pdf,6,6,keyword_candidates_require_tutor_review
115-1-0603-28,放射線診斷原理與技術學,CT原理與技術;神經系統,sources/115_1/0603_Q.pdf,6,6,keyword_candidates_require_tutor_review
115-1-0603-29,放射線診斷原理與技術學,CT原理與技術;影像品質與數位影像;放射治療計畫與劑量;放療設備與品保;神經系統,sources/115_1/0603_Q.pdf,6,6,keyword_candidates_require_tutor_review
115-1-0603-30,放射線診斷原理與技術學,輻射量與劑量學;偵檢器與計數統計;CT原理與技術,sources/115_1/0603_Q.pdf,6,7,keyword_candidates_require_tutor_review
115-1-0603-31,放射線診斷原理與技術學,CT原理與技術;影像品質與數位影像;底片與影像接受器;對比劑與特殊攝影;心血管系統,sources/115_1/0603_Q.pdf,7,7,keyword_candidates_require_tutor_review
115-1-0603-32,放射線診斷原理與技術學,CT原理與技術;對比劑與特殊攝影;心血管系統;呼吸系統;血液免疫與一般病理,sources/115_1/0603_Q.pdf,7,7,keyword_candidates_require_tutor_review
115-1-0603-33,放射線診斷原理與技術學,CT原理與技術;骨骼肌肉解剖與病理;神經系統,sources/115_1/0603_Q.pdf,7,7,keyword_candidates_require_tutor_review
115-1-0603-34,放射線診斷原理與技術學,衰減與屏蔽;CT原理與技術,sources/115_1/0603_Q.pdf,7,7,keyword_candidates_require_tutor_review
115-1-0603-35,放射線診斷原理與技術學,,sources/115_1/0603_Q.pdf,7,8,keyword_candidates_require_tutor_review
115-1-0603-36,放射線診斷原理與技術學,,sources/115_1/0603_Q.pdf,8,8,keyword_candidates_require_tutor_review
115-1-0603-37,放射線診斷原理與技術學,衰減與屏蔽;CT原理與技術;神經系統,sources/115_1/0603_Q.pdf,8,9,keyword_candidates_require_tutor_review
115-1-0603-38,放射線診斷原理與技術學,CT原理與技術;底片與影像接受器;對比劑與特殊攝影;神經系統;呼吸系統,sources/115_1/0603_Q.pdf,9,9,keyword_candidates_require_tutor_review
115-1-0603-39,放射線診斷原理與技術學,衰減與屏蔽;MRI原理與技術;神經系統,sources/115_1/0603_Q.pdf,9,9,keyword_candidates_require_tutor_review
115-1-0603-40,放射線診斷原理與技術學,MRI原理與技術,sources/115_1/0603_Q.pdf,9,10,keyword_candidates_require_tutor_review
115-1-0603-41,放射線診斷原理與技術學,超音波原理與技術,sources/115_1/0603_Q.pdf,10,10,keyword_candidates_require_tutor_review
115-1-0603-42,放射線診斷原理與技術學,CT原理與技術;神經系統,sources/115_1/0603_Q.pdf,10,11,keyword_candidates_require_tutor_review
115-1-0603-43,放射線診斷原理與技術學,CT原理與技術;神經系統,sources/115_1/0603_Q.pdf,11,11,keyword_candidates_require_tutor_review
115-1-0603-44,放射線診斷原理與技術學,CT原理與技術;骨骼肌肉解剖與病理;神經系統,sources/115_1/0603_Q.pdf,11,11,keyword_candidates_require_tutor_review
115-1-0603-45,放射線診斷原理與技術學,神經系統,sources/115_1/0603_Q.pdf,11,11,keyword_candidates_require_tutor_review
115-1-0603-46,放射線診斷原理與技術學,CT原理與技術;MRI原理與技術,sources/115_1/0603_Q.pdf,11,12,keyword_candidates_require_tutor_review
115-1-0603-47,放射線診斷原理與技術學,神經系統,sources/115_1/0603_Q.pdf,12,12,keyword_candidates_require_tutor_review
115-1-0603-48,放射線診斷原理與技術學,核衰變與核種平衡;輻射量與劑量學;MRI原理與技術,sources/115_1/0603_Q.pdf,12,12,keyword_candidates_require_tutor_review
115-1-0603-49,放射線診斷原理與技術學,輻射量與劑量學,sources/115_1/0603_Q.pdf,12,12,keyword_candidates_require_tutor_review
115-1-0603-50,放射線診斷原理與技術學,MRI原理與技術;影像品質與數位影像,sources/115_1/0603_Q.pdf,12,12,keyword_candidates_require_tutor_review
115-1-0603-51,放射線診斷原理與技術學,MRI原理與技術;影像品質與數位影像,sources/115_1/0603_Q.pdf,12,12,keyword_candidates_require_tutor_review
115-1-0603-52,放射線診斷原理與技術學,MRI原理與技術;影像品質與數位影像,sources/115_1/0603_Q.pdf,12,13,keyword_candidates_require_tutor_review
115-1-0603-53,放射線診斷原理與技術學,MRI原理與技術;影像品質與數位影像,sources/115_1/0603_Q.pdf,13,13,keyword_candidates_require_tutor_review
115-1-0603-54,放射線診斷原理與技術學,MRI原理與技術;神經系統,sources/115_1/0603_Q.pdf,13,13,keyword_candidates_require_tutor_review
115-1-0603-55,放射線診斷原理與技術學,MRI原理與技術,sources/115_1/0603_Q.pdf,13,13,keyword_candidates_require_tutor_review
115-1-0603-56,放射線診斷原理與技術學,MRI原理與技術;對比劑與特殊攝影,sources/115_1/0603_Q.pdf,13,13,keyword_candidates_require_tutor_review
115-1-0603-57,放射線診斷原理與技術學,對比劑與特殊攝影,sources/115_1/0603_Q.pdf,13,13,keyword_candidates_require_tutor_review
115-1-0603-58,放射線診斷原理與技術學,神經系統;血液免疫與一般病理,sources/115_1/0603_Q.pdf,13,14,keyword_candidates_require_tutor_review
115-1-0603-59,放射線診斷原理與技術學,MRI原理與技術;影像品質與數位影像;神經系統,sources/115_1/0603_Q.pdf,14,15,keyword_candidates_require_tutor_review
115-1-0603-60,放射線診斷原理與技術學,MRI原理與技術,sources/115_1/0603_Q.pdf,15,15,keyword_candidates_require_tutor_review
115-1-0603-61,放射線診斷原理與技術學,MRI原理與技術;核醫SPECT與加馬攝影機,sources/115_1/0603_Q.pdf,15,15,keyword_candidates_require_tutor_review
115-1-0603-62,放射線診斷原理與技術學,MRI原理與技術;神經系統,sources/115_1/0603_Q.pdf,15,15,keyword_candidates_require_tutor_review
115-1-0603-63,放射線診斷原理與技術學,超音波原理與技術;癌症與臨床放療;消化系統;泌尿與生殖系統,sources/115_1/0603_Q.pdf,15,16,keyword_candidates_require_tutor_review
115-1-0603-64,放射線診斷原理與技術學,超音波原理與技術;影像品質與數位影像;心血管系統,sources/115_1/0603_Q.pdf,16,16,keyword_candidates_require_tutor_review
115-1-0603-65,放射線診斷原理與技術學,超音波原理與技術;對比劑與特殊攝影,sources/115_1/0603_Q.pdf,16,16,keyword_candidates_require_tutor_review
115-1-0603-66,放射線診斷原理與技術學,超音波原理與技術;消化系統,sources/115_1/0603_Q.pdf,16,16,keyword_candidates_require_tutor_review
115-1-0603-67,放射線診斷原理與技術學,超音波原理與技術;癌症與臨床放療,sources/115_1/0603_Q.pdf,16,17,keyword_candidates_require_tutor_review
115-1-0603-68,放射線診斷原理與技術學,超音波原理與技術;對比劑與特殊攝影;消化系統,sources/115_1/0603_Q.pdf,17,17,keyword_candidates_require_tutor_review
115-1-0603-69,放射線診斷原理與技術學,放射生物學;超音波原理與技術;影像品質與數位影像;消化系統,sources/115_1/0603_Q.pdf,17,18,keyword_candidates_require_tutor_review
115-1-0603-70,放射線診斷原理與技術學,超音波原理與技術;對比劑與特殊攝影,sources/115_1/0603_Q.pdf,18,18,keyword_candidates_require_tutor_review
115-1-0603-71,放射線診斷原理與技術學,超音波原理與技術,sources/115_1/0603_Q.pdf,18,19,keyword_candidates_require_tutor_review
115-1-0603-72,放射線診斷原理與技術學,輻射量與劑量學;輻射防護與法規,sources/115_1/0603_Q.pdf,19,19,keyword_candidates_require_tutor_review
115-1-0603-73,放射線診斷原理與技術學,底片與影像接受器;對比劑與特殊攝影,sources/115_1/0603_Q.pdf,19,19,keyword_candidates_require_tutor_review
115-1-0603-74,放射線診斷原理與技術學,輻射量與劑量學;輻射防護與法規;放療設備與品保;對比劑與特殊攝影,sources/115_1/0603_Q.pdf,19,19,keyword_candidates_require_tutor_review
115-1-0603-75,放射線診斷原理與技術學,,sources/115_1/0603_Q.pdf,19,19,keyword_candidates_require_tutor_review
115-1-0603-76,放射線診斷原理與技術學,CT原理與技術;影像品質與數位影像;神經系統,sources/115_1/0603_Q.pdf,19,20,keyword_candidates_require_tutor_review
115-1-0603-77,放射線診斷原理與技術學,X光產生與能譜,sources/115_1/0603_Q.pdf,20,20,keyword_candidates_require_tutor_review
115-1-0603-78,放射線診斷原理與技術學,輻射量與劑量學;對比劑與特殊攝影,sources/115_1/0603_Q.pdf,20,20,keyword_candidates_require_tutor_review
115-1-0603-79,放射線診斷原理與技術學,影像品質與數位影像,sources/115_1/0603_Q.pdf,20,20,keyword_candidates_require_tutor_review
115-1-0603-80,放射線診斷原理與技術學,影像品質與數位影像,sources/115_1/0603_Q.pdf,20,21,keyword_candidates_require_tutor_review
115-1-0604-01,放射線治療原理與技術學,癌症與臨床放療;呼吸系統;泌尿與生殖系統,sources/115_1/0604_Q.pdf,1,1,keyword_candidates_require_tutor_review
115-1-0604-02,放射線治療原理與技術學,輻射量與劑量學;神經系統;消化系統,sources/115_1/0604_Q.pdf,1,1,keyword_candidates_require_tutor_review
115-1-0604-03,放射線治療原理與技術學,放射生物學;血液免疫與一般病理,sources/115_1/0604_Q.pdf,1,1,keyword_candidates_require_tutor_review
115-1-0604-04,放射線治療原理與技術學,放射生物學;癌症與臨床放療,sources/115_1/0604_Q.pdf,1,1,keyword_candidates_require_tutor_review
115-1-0604-05,放射線治療原理與技術學,輻射防護與法規;放射生物學,sources/115_1/0604_Q.pdf,1,2,keyword_candidates_require_tutor_review
115-1-0604-06,放射線治療原理與技術學,輻射量與劑量學;放射治療計畫與劑量,sources/115_1/0604_Q.pdf,2,2,keyword_candidates_require_tutor_review
115-1-0604-07,放射線治療原理與技術學,,sources/115_1/0604_Q.pdf,2,2,keyword_candidates_require_tutor_review
115-1-0604-08,放射線治療原理與技術學,放療設備與品保;近接與特殊放療,sources/115_1/0604_Q.pdf,2,2,keyword_candidates_require_tutor_review
115-1-0604-09,放射線治療原理與技術學,放射治療計畫與劑量,sources/115_1/0604_Q.pdf,2,2,keyword_candidates_require_tutor_review
115-1-0604-10,放射線治療原理與技術學,,sources/115_1/0604_Q.pdf,2,2,keyword_candidates_require_tutor_review
115-1-0604-11,放射線治療原理與技術學,MRI原理與技術;癌症與臨床放療,sources/115_1/0604_Q.pdf,2,3,keyword_candidates_require_tutor_review
115-1-0604-12,放射線治療原理與技術學,CT原理與技術,sources/115_1/0604_Q.pdf,3,3,keyword_candidates_require_tutor_review
115-1-0604-13,放射線治療原理與技術學,輻射量與劑量學;核醫PET;放射治療計畫與劑量;放療設備與品保,sources/115_1/0604_Q.pdf,3,3,keyword_candidates_require_tutor_review
115-1-0604-14,放射線治療原理與技術學,放療設備與品保,sources/115_1/0604_Q.pdf,3,3,keyword_candidates_require_tutor_review
115-1-0604-15,放射線治療原理與技術學,放射生物學;放射藥物與核種製備,sources/115_1/0604_Q.pdf,3,3,keyword_candidates_require_tutor_review
115-1-0604-16,放射線治療原理與技術學,輻射量與劑量學;癌症與臨床放療,sources/115_1/0604_Q.pdf,3,4,keyword_candidates_require_tutor_review
115-1-0604-17,放射線治療原理與技術學,放射生物學,sources/115_1/0604_Q.pdf,4,4,keyword_candidates_require_tutor_review
115-1-0604-18,放射線治療原理與技術學,癌症與臨床放療;血液免疫與一般病理,sources/115_1/0604_Q.pdf,4,4,keyword_candidates_require_tutor_review
115-1-0604-19,放射線治療原理與技術學,癌症與臨床放療,sources/115_1/0604_Q.pdf,4,4,keyword_candidates_require_tutor_review
115-1-0604-20,放射線治療原理與技術學,癌症與臨床放療;內分泌與代謝,sources/115_1/0604_Q.pdf,4,4,keyword_candidates_require_tutor_review
115-1-0604-21,放射線治療原理與技術學,輻射量與劑量學,sources/115_1/0604_Q.pdf,4,4,keyword_candidates_require_tutor_review
115-1-0604-22,放射線治療原理與技術學,輻射量與劑量學;放射治療計畫與劑量,sources/115_1/0604_Q.pdf,4,5,keyword_candidates_require_tutor_review
115-1-0604-23,放射線治療原理與技術學,放射治療計畫與劑量,sources/115_1/0604_Q.pdf,5,5,keyword_candidates_require_tutor_review
115-1-0604-24,放射線治療原理與技術學,,sources/115_1/0604_Q.pdf,5,5,keyword_candidates_require_tutor_review
115-1-0604-25,放射線治療原理與技術學,放射治療計畫與劑量;放療設備與品保,sources/115_1/0604_Q.pdf,5,5,keyword_candidates_require_tutor_review
115-1-0604-26,放射線治療原理與技術學,放射治療計畫與劑量,sources/115_1/0604_Q.pdf,5,5,keyword_candidates_require_tutor_review
115-1-0604-27,放射線治療原理與技術學,放射治療計畫與劑量,sources/115_1/0604_Q.pdf,5,5,keyword_candidates_require_tutor_review
115-1-0604-28,放射線治療原理與技術學,放射治療計畫與劑量,sources/115_1/0604_Q.pdf,5,6,keyword_candidates_require_tutor_review
115-1-0604-29,放射線治療原理與技術學,輻射量與劑量學,sources/115_1/0604_Q.pdf,6,6,keyword_candidates_require_tutor_review
115-1-0604-30,放射線治療原理與技術學,癌症與臨床放療,sources/115_1/0604_Q.pdf,6,6,keyword_candidates_require_tutor_review
115-1-0604-31,放射線治療原理與技術學,輻射量與劑量學;偵檢器與計數統計;影像品質與數位影像,sources/115_1/0604_Q.pdf,6,6,keyword_candidates_require_tutor_review
115-1-0604-32,放射線治療原理與技術學,癌症與臨床放療,sources/115_1/0604_Q.pdf,6,6,keyword_candidates_require_tutor_review
115-1-0604-33,放射線治療原理與技術學,X光產生與能譜;放射治療計畫與劑量,sources/115_1/0604_Q.pdf,6,7,keyword_candidates_require_tutor_review
115-1-0604-34,放射線治療原理與技術學,放射治療計畫與劑量;癌症與臨床放療,sources/115_1/0604_Q.pdf,7,7,keyword_candidates_require_tutor_review
115-1-0604-35,放射線治療原理與技術學,超音波原理與技術;核醫SPECT與加馬攝影機;放射治療計畫與劑量,sources/115_1/0604_Q.pdf,7,7,keyword_candidates_require_tutor_review
115-1-0604-36,放射線治療原理與技術學,輻射量與劑量學;放射生物學;放射治療計畫與劑量;癌症與臨床放療;骨骼肌肉解剖與病理,sources/115_1/0604_Q.pdf,7,7,keyword_candidates_require_tutor_review
115-1-0604-37,放射線治療原理與技術學,輻射量與劑量學,sources/115_1/0604_Q.pdf,7,7,keyword_candidates_require_tutor_review
115-1-0604-38,放射線治療原理與技術學,放射治療計畫與劑量;癌症與臨床放療;呼吸系統,sources/115_1/0604_Q.pdf,7,7,keyword_candidates_require_tutor_review
115-1-0604-39,放射線治療原理與技術學,CT原理與技術;放射治療計畫與劑量;神經系統,sources/115_1/0604_Q.pdf,7,8,keyword_candidates_require_tutor_review
115-1-0604-40,放射線治療原理與技術學,輻射量與劑量學;放射治療計畫與劑量,sources/115_1/0604_Q.pdf,8,8,keyword_candidates_require_tutor_review
115-1-0604-41,放射線治療原理與技術學,放射治療計畫與劑量,sources/115_1/0604_Q.pdf,8,8,keyword_candidates_require_tutor_review
115-1-0604-42,放射線治療原理與技術學,輻射量與劑量學;放射治療計畫與劑量;近接與特殊放療,sources/115_1/0604_Q.pdf,8,8,keyword_candidates_require_tutor_review
115-1-0604-43,放射線治療原理與技術學,影像品質與數位影像;放射治療計畫與劑量;近接與特殊放療,sources/115_1/0604_Q.pdf,8,8,keyword_candidates_require_tutor_review
115-1-0604-44,放射線治療原理與技術學,半衰期與活度;放射治療計畫與劑量;近接與特殊放療;泌尿與生殖系統,sources/115_1/0604_Q.pdf,8,8,keyword_candidates_require_tutor_review
115-1-0604-45,放射線治療原理與技術學,核衰變與核種平衡;半衰期與活度,sources/115_1/0604_Q.pdf,8,9,keyword_candidates_require_tutor_review
115-1-0604-46,放射線治療原理與技術學,衰減與屏蔽;放療設備與品保;近接與特殊放療,sources/115_1/0604_Q.pdf,9,9,keyword_candidates_require_tutor_review
115-1-0604-47,放射線治療原理與技術學,衰減與屏蔽;放療設備與品保,sources/115_1/0604_Q.pdf,9,9,keyword_candidates_require_tutor_review
115-1-0604-48,放射線治療原理與技術學,,sources/115_1/0604_Q.pdf,9,9,keyword_candidates_require_tutor_review
115-1-0604-49,放射線治療原理與技術學,放射治療計畫與劑量;近接與特殊放療,sources/115_1/0604_Q.pdf,9,9,keyword_candidates_require_tutor_review
115-1-0604-50,放射線治療原理與技術學,衰減與屏蔽;X光產生與能譜,sources/115_1/0604_Q.pdf,9,9,keyword_candidates_require_tutor_review
115-1-0604-51,放射線治療原理與技術學,X光產生與能譜;放射治療計畫與劑量;近接與特殊放療,sources/115_1/0604_Q.pdf,9,10,keyword_candidates_require_tutor_review
115-1-0604-52,放射線治療原理與技術學,輻射量與劑量學;癌症與臨床放療;骨骼肌肉解剖與病理;神經系統,sources/115_1/0604_Q.pdf,10,10,keyword_candidates_require_tutor_review
115-1-0604-53,放射線治療原理與技術學,放射治療計畫與劑量;癌症與臨床放療,sources/115_1/0604_Q.pdf,10,10,keyword_candidates_require_tutor_review
115-1-0604-54,放射線治療原理與技術學,放射治療計畫與劑量;放療設備與品保;神經系統,sources/115_1/0604_Q.pdf,10,10,keyword_candidates_require_tutor_review
115-1-0604-55,放射線治療原理與技術學,輻射量與劑量學;近接與特殊放療,sources/115_1/0604_Q.pdf,10,10,keyword_candidates_require_tutor_review
115-1-0604-56,放射線治療原理與技術學,輻射量與劑量學;放射生物學;MRI原理與技術;放射治療計畫與劑量;癌症與臨床放療,sources/115_1/0604_Q.pdf,10,11,keyword_candidates_require_tutor_review
115-1-0604-57,放射線治療原理與技術學,放療設備與品保;呼吸系統,sources/115_1/0604_Q.pdf,11,11,keyword_candidates_require_tutor_review
115-1-0604-58,放射線治療原理與技術學,癌症與臨床放療;呼吸系統,sources/115_1/0604_Q.pdf,11,11,keyword_candidates_require_tutor_review
115-1-0604-59,放射線治療原理與技術學,癌症與臨床放療;心血管系統;呼吸系統,sources/115_1/0604_Q.pdf,11,11,keyword_candidates_require_tutor_review
115-1-0604-60,放射線治療原理與技術學,放射藥物與核種製備,sources/115_1/0604_Q.pdf,11,11,keyword_candidates_require_tutor_review
115-1-0604-61,放射線治療原理與技術學,骨骼肌肉解剖與病理;消化系統;泌尿與生殖系統,sources/115_1/0604_Q.pdf,11,11,keyword_candidates_require_tutor_review
115-1-0604-62,放射線治療原理與技術學,放射治療計畫與劑量,sources/115_1/0604_Q.pdf,11,12,keyword_candidates_require_tutor_review
115-1-0604-63,放射線治療原理與技術學,核衰變與核種平衡;CT原理與技術;MRI原理與技術;超音波原理與技術;近接與特殊放療;癌症與臨床放療;神經系統;泌尿與生殖系統,sources/115_1/0604_Q.pdf,12,12,keyword_candidates_require_tutor_review
115-1-0604-64,放射線治療原理與技術學,放射治療計畫與劑量;近接與特殊放療;心血管系統;呼吸系統;消化系統;泌尿與生殖系統,sources/115_1/0604_Q.pdf,12,12,keyword_candidates_require_tutor_review
115-1-0604-65,放射線治療原理與技術學,CT原理與技術;放射藥物與核種製備;放射治療計畫與劑量;神經系統,sources/115_1/0604_Q.pdf,12,12,keyword_candidates_require_tutor_review
115-1-0604-66,放射線治療原理與技術學,,sources/115_1/0604_Q.pdf,12,13,keyword_candidates_require_tutor_review
115-1-0604-67,放射線治療原理與技術學,CT原理與技術;癌症與臨床放療;神經系統,sources/115_1/0604_Q.pdf,13,13,keyword_candidates_require_tutor_review
115-1-0604-68,放射線治療原理與技術學,放射治療計畫與劑量;放療設備與品保,sources/115_1/0604_Q.pdf,13,13,keyword_candidates_require_tutor_review
115-1-0604-69,放射線治療原理與技術學,影像品質與數位影像;放射治療計畫與劑量,sources/115_1/0604_Q.pdf,13,13,keyword_candidates_require_tutor_review
115-1-0604-70,放射線治療原理與技術學,,sources/115_1/0604_Q.pdf,13,13,keyword_candidates_require_tutor_review
115-1-0604-71,放射線治療原理與技術學,輻射量與劑量學;輻射防護與法規;核醫SPECT與加馬攝影機;放療設備與品保;神經系統,sources/115_1/0604_Q.pdf,13,13,keyword_candidates_require_tutor_review
115-1-0604-72,放射線治療原理與技術學,輻射防護與法規,sources/115_1/0604_Q.pdf,13,14,keyword_candidates_require_tutor_review
115-1-0604-73,放射線治療原理與技術學,輻射量與劑量學;放療設備與品保;近接與特殊放療,sources/115_1/0604_Q.pdf,14,14,keyword_candidates_require_tutor_review
115-1-0604-74,放射線治療原理與技術學,輻射量與劑量學;輻射防護與法規;CT原理與技術;放療設備與品保,sources/115_1/0604_Q.pdf,14,14,keyword_candidates_require_tutor_review
115-1-0604-75,放射線治療原理與技術學,輻射量與劑量學;輻射防護與法規;影像品質與數位影像;放療設備與品保;近接與特殊放療,sources/115_1/0604_Q.pdf,14,14,keyword_candidates_require_tutor_review
115-1-0604-76,放射線治療原理與技術學,輻射量與劑量學;CT原理與技術;放療設備與品保;神經系統,sources/115_1/0604_Q.pdf,14,14,keyword_candidates_require_tutor_review
115-1-0604-77,放射線治療原理與技術學,輻射量與劑量學;CT原理與技術;放療設備與品保;神經系統,sources/115_1/0604_Q.pdf,14,14,keyword_candidates_require_tutor_review
115-1-0604-78,放射線治療原理與技術學,輻射量與劑量學;放療設備與品保,sources/115_1/0604_Q.pdf,14,15,keyword_candidates_require_tutor_review
115-1-0604-79,放射線治療原理與技術學,,sources/115_1/0604_Q.pdf,15,15,keyword_candidates_require_tutor_review
115-1-0604-80,放射線治療原理與技術學,輻射防護與法規;放射治療計畫與劑量;放療設備與品保,sources/115_1/0604_Q.pdf,15,15,keyword_candidates_require_tutor_review
115-1-0605-01,核子醫學診療原理與技術學,半衰期與活度,sources/115_1/0605_Q.pdf,1,1,keyword_candidates_require_tutor_review
115-1-0605-02,核子醫學診療原理與技術學,,sources/115_1/0605_Q.pdf,1,1,keyword_candidates_require_tutor_review
115-1-0605-03,核子醫學診療原理與技術學,放射藥物與核種製備,sources/115_1/0605_Q.pdf,1,1,keyword_candidates_require_tutor_review
115-1-0605-04,核子醫學診療原理與技術學,核醫SPECT與加馬攝影機;放射藥物與核種製備;神經系統,sources/115_1/0605_Q.pdf,1,1,keyword_candidates_require_tutor_review
115-1-0605-05,核子醫學診療原理與技術學,核醫器官檢查;泌尿與生殖系統,sources/115_1/0605_Q.pdf,1,2,keyword_candidates_require_tutor_review
115-1-0605-06,核子醫學診療原理與技術學,內分泌與代謝,sources/115_1/0605_Q.pdf,2,2,keyword_candidates_require_tutor_review
115-1-0605-07,核子醫學診療原理與技術學,偵檢器與計數統計;癌症與臨床放療;內分泌與代謝,sources/115_1/0605_Q.pdf,2,2,keyword_candidates_require_tutor_review
115-1-0605-08,核子醫學診療原理與技術學,影像品質與數位影像,sources/115_1/0605_Q.pdf,2,2,keyword_candidates_require_tutor_review
115-1-0605-09,核子醫學診療原理與技術學,CT原理與技術;核醫PET;核醫SPECT與加馬攝影機,sources/115_1/0605_Q.pdf,2,2,keyword_candidates_require_tutor_review
115-1-0605-10,核子醫學診療原理與技術學,核衰變與核種平衡;半衰期與活度;偵檢器與計數統計,sources/115_1/0605_Q.pdf,2,3,keyword_candidates_require_tutor_review
115-1-0605-11,核子醫學診療原理與技術學,核衰變與核種平衡,sources/115_1/0605_Q.pdf,3,3,keyword_candidates_require_tutor_review
115-1-0605-12,核子醫學診療原理與技術學,放射藥物與核種製備;血液免疫與一般病理,sources/115_1/0605_Q.pdf,3,3,keyword_candidates_require_tutor_review
115-1-0605-13,核子醫學診療原理與技術學,MRI原理與技術;影像品質與數位影像;癌症與臨床放療;泌尿與生殖系統,sources/115_1/0605_Q.pdf,3,3,keyword_candidates_require_tutor_review
115-1-0605-14,核子醫學診療原理與技術學,核衰變與核種平衡;衰減與屏蔽;放療設備與品保;癌症與臨床放療;攝影擺位與投照;神經系統,sources/115_1/0605_Q.pdf,3,3,keyword_candidates_require_tutor_review
115-1-0605-15,核子醫學診療原理與技術學,核醫PET;放射藥物與核種製備,sources/115_1/0605_Q.pdf,3,3,keyword_candidates_require_tutor_review
115-1-0605-16,核子醫學診療原理與技術學,放射藥物與核種製備;核醫器官檢查;骨骼肌肉解剖與病理;神經系統;心血管系統,sources/115_1/0605_Q.pdf,3,4,keyword_candidates_require_tutor_review
115-1-0605-17,核子醫學診療原理與技術學,核衰變與核種平衡,sources/115_1/0605_Q.pdf,4,4,keyword_candidates_require_tutor_review
115-1-0605-18,核子醫學診療原理與技術學,半衰期與活度;偵檢器與計數統計;放療設備與品保,sources/115_1/0605_Q.pdf,4,4,keyword_candidates_require_tutor_review
115-1-0605-19,核子醫學診療原理與技術學,癌症與臨床放療,sources/115_1/0605_Q.pdf,4,4,keyword_candidates_require_tutor_review
115-1-0605-20,核子醫學診療原理與技術學,MRI原理與技術;放射藥物與核種製備;攝影擺位與投照;血液免疫與一般病理,sources/115_1/0605_Q.pdf,4,4,keyword_candidates_require_tutor_review
115-1-0605-21,核子醫學診療原理與技術學,核醫器官檢查;癌症與臨床放療;心血管系統;呼吸系統,sources/115_1/0605_Q.pdf,4,5,keyword_candidates_require_tutor_review
115-1-0605-22,核子醫學診療原理與技術學,半衰期與活度;CT原理與技術;MRI原理與技術;核醫SPECT與加馬攝影機;放射藥物與核種製備;骨骼肌肉解剖與病理;心血管系統,sources/115_1/0605_Q.pdf,5,5,keyword_candidates_require_tutor_review
115-1-0605-23,核子醫學診療原理與技術學,半衰期與活度;放射藥物與核種製備;心血管系統,sources/115_1/0605_Q.pdf,5,5,keyword_candidates_require_tutor_review
115-1-0605-24,核子醫學診療原理與技術學,心血管系統,sources/115_1/0605_Q.pdf,5,5,keyword_candidates_require_tutor_review
115-1-0605-25,核子醫學診療原理與技術學,偵檢器與計數統計;核醫SPECT與加馬攝影機;心血管系統,sources/115_1/0605_Q.pdf,5,5,keyword_candidates_require_tutor_review
115-1-0605-26,核子醫學診療原理與技術學,核醫PET;放射藥物與核種製備;神經系統,sources/115_1/0605_Q.pdf,5,6,keyword_candidates_require_tutor_review
115-1-0605-27,核子醫學診療原理與技術學,核醫SPECT與加馬攝影機;放射藥物與核種製備;神經系統;內分泌與代謝,sources/115_1/0605_Q.pdf,6,6,keyword_candidates_require_tutor_review
115-1-0605-28,核子醫學診療原理與技術學,心血管系統,sources/115_1/0605_Q.pdf,6,6,keyword_candidates_require_tutor_review
115-1-0605-29,核子醫學診療原理與技術學,核醫PET;核醫SPECT與加馬攝影機;放射藥物與核種製備;神經系統,sources/115_1/0605_Q.pdf,6,6,keyword_candidates_require_tutor_review
115-1-0605-30,核子醫學診療原理與技術學,核醫PET;放射藥物與核種製備;癌症與臨床放療;攝影擺位與投照;神經系統,sources/115_1/0605_Q.pdf,6,6,keyword_candidates_require_tutor_review
115-1-0605-31,核子醫學診療原理與技術學,偵檢器與計數統計;核醫SPECT與加馬攝影機;癌症與臨床放療;內分泌與代謝,sources/115_1/0605_Q.pdf,6,7,keyword_candidates_require_tutor_review
115-1-0605-32,核子醫學診療原理與技術學,放射藥物與核種製備;癌症與臨床放療,sources/115_1/0605_Q.pdf,7,7,keyword_candidates_require_tutor_review
115-1-0605-33,核子醫學診療原理與技術學,癌症與臨床放療;骨骼肌肉解剖與病理,sources/115_1/0605_Q.pdf,7,7,keyword_candidates_require_tutor_review
115-1-0605-34,核子醫學診療原理與技術學,癌症與臨床放療;骨骼肌肉解剖與病理;內分泌與代謝,sources/115_1/0605_Q.pdf,7,7,keyword_candidates_require_tutor_review
115-1-0605-35,核子醫學診療原理與技術學,癌症與臨床放療;骨骼肌肉解剖與病理;呼吸系統,sources/115_1/0605_Q.pdf,7,8,keyword_candidates_require_tutor_review
115-1-0605-36,核子醫學診療原理與技術學,MRI原理與技術;骨骼肌肉解剖與病理,sources/115_1/0605_Q.pdf,8,8,keyword_candidates_require_tutor_review
115-1-0605-37,核子醫學診療原理與技術學,半衰期與活度;核醫SPECT與加馬攝影機;癌症與臨床放療;內分泌與代謝,sources/115_1/0605_Q.pdf,8,9,keyword_candidates_require_tutor_review
115-1-0605-38,核子醫學診療原理與技術學,核醫PET;癌症與臨床放療;呼吸系統,sources/115_1/0605_Q.pdf,9,9,keyword_candidates_require_tutor_review
115-1-0605-39,核子醫學診療原理與技術學,核醫PET;癌症與臨床放療;消化系統;泌尿與生殖系統,sources/115_1/0605_Q.pdf,9,9,keyword_candidates_require_tutor_review
115-1-0605-40,核子醫學診療原理與技術學,MRI原理與技術;放射藥物與核種製備;骨骼肌肉解剖與病理,sources/115_1/0605_Q.pdf,9,9,keyword_candidates_require_tutor_review
115-1-0605-41,核子醫學診療原理與技術學,衰減與屏蔽;核醫器官檢查;內分泌與代謝,sources/115_1/0605_Q.pdf,9,9,keyword_candidates_require_tutor_review
115-1-0605-42,核子醫學診療原理與技術學,超音波原理與技術;放射藥物與核種製備;泌尿與生殖系統,sources/115_1/0605_Q.pdf,9,9,keyword_candidates_require_tutor_review
115-1-0605-43,核子醫學診療原理與技術學,偵檢器與計數統計;癌症與臨床放療;內分泌與代謝,sources/115_1/0605_Q.pdf,9,10,keyword_candidates_require_tutor_review
115-1-0605-44,核子醫學診療原理與技術學,半衰期與活度;放射藥物與核種製備;核醫器官檢查;泌尿與生殖系統,sources/115_1/0605_Q.pdf,10,10,keyword_candidates_require_tutor_review
115-1-0605-45,核子醫學診療原理與技術學,放射藥物與核種製備,sources/115_1/0605_Q.pdf,10,10,keyword_candidates_require_tutor_review
115-1-0605-46,核子醫學診療原理與技術學,MRI原理與技術;放射藥物與核種製備;攝影擺位與投照;泌尿與生殖系統,sources/115_1/0605_Q.pdf,10,10,keyword_candidates_require_tutor_review
115-1-0605-47,核子醫學診療原理與技術學,放射藥物與核種製備;泌尿與生殖系統,sources/115_1/0605_Q.pdf,10,10,keyword_candidates_require_tutor_review
115-1-0605-48,核子醫學診療原理與技術學,內分泌與代謝,sources/115_1/0605_Q.pdf,10,11,keyword_candidates_require_tutor_review
115-1-0605-49,核子醫學診療原理與技術學,放射藥物與核種製備;泌尿與生殖系統,sources/115_1/0605_Q.pdf,11,11,keyword_candidates_require_tutor_review
115-1-0605-50,核子醫學診療原理與技術學,癌症與臨床放療;內分泌與代謝,sources/115_1/0605_Q.pdf,11,12,keyword_candidates_require_tutor_review
115-1-0605-51,核子醫學診療原理與技術學,影像品質與數位影像;放射藥物與核種製備;血液免疫與一般病理,sources/115_1/0605_Q.pdf,12,12,keyword_candidates_require_tutor_review
115-1-0605-52,核子醫學診療原理與技術學,放射藥物與核種製備,sources/115_1/0605_Q.pdf,12,12,keyword_candidates_require_tutor_review
115-1-0605-53,核子醫學診療原理與技術學,,sources/115_1/0605_Q.pdf,12,12,keyword_candidates_require_tutor_review
115-1-0605-54,核子醫學診療原理與技術學,,sources/115_1/0605_Q.pdf,12,12,keyword_candidates_require_tutor_review
115-1-0605-55,核子醫學診療原理與技術學,放射藥物與核種製備;癌症與臨床放療,sources/115_1/0605_Q.pdf,12,12,keyword_candidates_require_tutor_review
115-1-0605-56,核子醫學診療原理與技術學,放射藥物與核種製備;攝影擺位與投照;呼吸系統;消化系統,sources/115_1/0605_Q.pdf,12,13,keyword_candidates_require_tutor_review
115-1-0605-57,核子醫學診療原理與技術學,,sources/115_1/0605_Q.pdf,13,13,keyword_candidates_require_tutor_review
115-1-0605-58,核子醫學診療原理與技術學,癌症與臨床放療,sources/115_1/0605_Q.pdf,13,13,keyword_candidates_require_tutor_review
115-1-0605-59,核子醫學診療原理與技術學,,sources/115_1/0605_Q.pdf,13,13,keyword_candidates_require_tutor_review
115-1-0605-60,核子醫學診療原理與技術學,血液免疫與一般病理,sources/115_1/0605_Q.pdf,13,13,keyword_candidates_require_tutor_review
115-1-0605-61,核子醫學診療原理與技術學,血液免疫與一般病理,sources/115_1/0605_Q.pdf,13,13,keyword_candidates_require_tutor_review
115-1-0605-62,核子醫學診療原理與技術學,血液免疫與一般病理,sources/115_1/0605_Q.pdf,13,14,keyword_candidates_require_tutor_review
115-1-0605-63,核子醫學診療原理與技術學,內分泌與代謝,sources/115_1/0605_Q.pdf,14,14,keyword_candidates_require_tutor_review
115-1-0605-64,核子醫學診療原理與技術學,輻射量與劑量學,sources/115_1/0605_Q.pdf,14,14,keyword_candidates_require_tutor_review
115-1-0605-65,核子醫學診療原理與技術學,,sources/115_1/0605_Q.pdf,14,14,keyword_candidates_require_tutor_review
115-1-0605-66,核子醫學診療原理與技術學,輻射量與劑量學;偵檢器與計數統計;癌症與臨床放療;內分泌與代謝,sources/115_1/0605_Q.pdf,14,15,keyword_candidates_require_tutor_review
115-1-0605-67,核子醫學診療原理與技術學,輻射防護與法規,sources/115_1/0605_Q.pdf,15,15,keyword_candidates_require_tutor_review
115-1-0605-68,核子醫學診療原理與技術學,骨骼肌肉解剖與病理;神經系統;血液免疫與一般病理,sources/115_1/0605_Q.pdf,15,15,keyword_candidates_require_tutor_review
115-1-0605-69,核子醫學診療原理與技術學,偵檢器與計數統計;影像品質與數位影像,sources/115_1/0605_Q.pdf,15,15,keyword_candidates_require_tutor_review
115-1-0605-70,核子醫學診療原理與技術學,,sources/115_1/0605_Q.pdf,15,15,keyword_candidates_require_tutor_review
115-1-0605-71,核子醫學診療原理與技術學,影像品質與數位影像;核醫SPECT與加馬攝影機,sources/115_1/0605_Q.pdf,15,16,keyword_candidates_require_tutor_review
115-1-0605-72,核子醫學診療原理與技術學,衰減與屏蔽;輻射量與劑量學;核醫SPECT與加馬攝影機;放療設備與品保,sources/115_1/0605_Q.pdf,16,16,keyword_candidates_require_tutor_review
115-1-0605-73,核子醫學診療原理與技術學,核衰變與核種平衡,sources/115_1/0605_Q.pdf,16,16,keyword_candidates_require_tutor_review
115-1-0605-74,核子醫學診療原理與技術學,,sources/115_1/0605_Q.pdf,16,16,keyword_candidates_require_tutor_review
115-1-0605-75,核子醫學診療原理與技術學,輻射量與劑量學;偵檢器與計數統計;MRI原理與技術;核醫SPECT與加馬攝影機,sources/115_1/0605_Q.pdf,16,17,keyword_candidates_require_tutor_review
115-1-0605-76,核子醫學診療原理與技術學,輻射防護與法規;放射藥物與核種製備,sources/115_1/0605_Q.pdf,17,17,keyword_candidates_require_tutor_review
115-1-0605-77,核子醫學診療原理與技術學,核衰變與核種平衡;偵檢器與計數統計;核醫PET;放療設備與品保,sources/115_1/0605_Q.pdf,17,17,keyword_candidates_require_tutor_review
115-1-0605-78,核子醫學診療原理與技術學,,sources/115_1/0605_Q.pdf,17,17,keyword_candidates_require_tutor_review
115-1-0605-79,核子醫學診療原理與技術學,,sources/115_1/0605_Q.pdf,17,17,keyword_candidates_require_tutor_review
115-1-0605-80,核子醫學診療原理與技術學,,sources/115_1/0605_Q.pdf,17,17,keyword_candidates_require_tutor_review
115-2-0104-01,基礎醫學（包括解剖學、生理學與病理學）,攝影擺位與投照,sources/115_2/0104_Q.pdf,1,1,keyword_candidates_require_tutor_review
115-2-0104-02,基礎醫學（包括解剖學、生理學與病理學）,偵檢器與計數統計,sources/115_2/0104_Q.pdf,1,1,keyword_candidates_require_tutor_review
115-2-0104-03,基礎醫學（包括解剖學、生理學與病理學）,,sources/115_2/0104_Q.pdf,1,1,keyword_candidates_require_tutor_review
115-2-0104-04,基礎醫學（包括解剖學、生理學與病理學）,骨骼肌肉解剖與病理,sources/115_2/0104_Q.pdf,1,1,keyword_candidates_require_tutor_review
115-2-0104-05,基礎醫學（包括解剖學、生理學與病理學）,骨骼肌肉解剖與病理,sources/115_2/0104_Q.pdf,1,2,keyword_candidates_require_tutor_review
115-2-0104-06,基礎醫學（包括解剖學、生理學與病理學）,骨骼肌肉解剖與病理,sources/115_2/0104_Q.pdf,2,2,keyword_candidates_require_tutor_review
115-2-0104-07,基礎醫學（包括解剖學、生理學與病理學）,骨骼肌肉解剖與病理,sources/115_2/0104_Q.pdf,2,2,keyword_candidates_require_tutor_review
115-2-0104-08,基礎醫學（包括解剖學、生理學與病理學）,骨骼肌肉解剖與病理,sources/115_2/0104_Q.pdf,2,2,keyword_candidates_require_tutor_review
115-2-0104-09,基礎醫學（包括解剖學、生理學與病理學）,神經系統,sources/115_2/0104_Q.pdf,2,2,keyword_candidates_require_tutor_review
115-2-0104-10,基礎醫學（包括解剖學、生理學與病理學）,神經系統,sources/115_2/0104_Q.pdf,2,2,keyword_candidates_require_tutor_review
115-2-0104-11,基礎醫學（包括解剖學、生理學與病理學）,神經系統;內分泌與代謝,sources/115_2/0104_Q.pdf,2,3,keyword_candidates_require_tutor_review
115-2-0104-12,基礎醫學（包括解剖學、生理學與病理學）,MRI原理與技術;心血管系統;消化系統;內分泌與代謝,sources/115_2/0104_Q.pdf,3,3,keyword_candidates_require_tutor_review
115-2-0104-13,基礎醫學（包括解剖學、生理學與病理學）,消化系統,sources/115_2/0104_Q.pdf,3,3,keyword_candidates_require_tutor_review
115-2-0104-14,基礎醫學（包括解剖學、生理學與病理學）,,sources/115_2/0104_Q.pdf,3,3,keyword_candidates_require_tutor_review
115-2-0104-15,基礎醫學（包括解剖學、生理學與病理學）,骨骼肌肉解剖與病理,sources/115_2/0104_Q.pdf,3,3,keyword_candidates_require_tutor_review
115-2-0104-16,基礎醫學（包括解剖學、生理學與病理學）,心血管系統;呼吸系統,sources/115_2/0104_Q.pdf,3,3,keyword_candidates_require_tutor_review
115-2-0104-17,基礎醫學（包括解剖學、生理學與病理學）,MRI原理與技術;心血管系統,sources/115_2/0104_Q.pdf,3,4,keyword_candidates_require_tutor_review
115-2-0104-18,基礎醫學（包括解剖學、生理學與病理學）,消化系統,sources/115_2/0104_Q.pdf,4,4,keyword_candidates_require_tutor_review
115-2-0104-19,基礎醫學（包括解剖學、生理學與病理學）,骨骼肌肉解剖與病理;泌尿與生殖系統,sources/115_2/0104_Q.pdf,4,4,keyword_candidates_require_tutor_review
115-2-0104-20,基礎醫學（包括解剖學、生理學與病理學）,MRI原理與技術,sources/115_2/0104_Q.pdf,4,4,keyword_candidates_require_tutor_review
115-2-0104-21,基礎醫學（包括解剖學、生理學與病理學）,骨骼肌肉解剖與病理;泌尿與生殖系統,sources/115_2/0104_Q.pdf,4,4,keyword_candidates_require_tutor_review
115-2-0104-22,基礎醫學（包括解剖學、生理學與病理學）,骨骼肌肉解剖與病理,sources/115_2/0104_Q.pdf,4,4,keyword_candidates_require_tutor_review
115-2-0104-23,基礎醫學（包括解剖學、生理學與病理學）,骨骼肌肉解剖與病理,sources/115_2/0104_Q.pdf,4,5,keyword_candidates_require_tutor_review
115-2-0104-24,基礎醫學（包括解剖學、生理學與病理學）,骨骼肌肉解剖與病理,sources/115_2/0104_Q.pdf,5,5,keyword_candidates_require_tutor_review
115-2-0104-25,基礎醫學（包括解剖學、生理學與病理學）,骨骼肌肉解剖與病理,sources/115_2/0104_Q.pdf,5,5,keyword_candidates_require_tutor_review
115-2-0104-26,基礎醫學（包括解剖學、生理學與病理學）,神經系統,sources/115_2/0104_Q.pdf,5,5,keyword_candidates_require_tutor_review
115-2-0104-27,基礎醫學（包括解剖學、生理學與病理學）,骨骼肌肉解剖與病理;神經系統;內分泌與代謝,sources/115_2/0104_Q.pdf,5,5,keyword_candidates_require_tutor_review
115-2-0104-28,基礎醫學（包括解剖學、生理學與病理學）,MRI原理與技術;神經系統,sources/115_2/0104_Q.pdf,5,5,keyword_candidates_require_tutor_review
115-2-0104-29,基礎醫學（包括解剖學、生理學與病理學）,神經系統,sources/115_2/0104_Q.pdf,5,6,keyword_candidates_require_tutor_review
115-2-0104-30,基礎醫學（包括解剖學、生理學與病理學）,神經系統,sources/115_2/0104_Q.pdf,6,6,keyword_candidates_require_tutor_review
115-2-0104-31,基礎醫學（包括解剖學、生理學與病理學）,神經系統,sources/115_2/0104_Q.pdf,6,6,keyword_candidates_require_tutor_review
115-2-0104-32,基礎醫學（包括解剖學、生理學與病理學）,心血管系統,sources/115_2/0104_Q.pdf,6,6,keyword_candidates_require_tutor_review
115-2-0104-33,基礎醫學（包括解剖學、生理學與病理學）,骨骼肌肉解剖與病理;神經系統;泌尿與生殖系統,sources/115_2/0104_Q.pdf,6,6,keyword_candidates_require_tutor_review
115-2-0104-34,基礎醫學（包括解剖學、生理學與病理學）,,sources/115_2/0104_Q.pdf,6,6,keyword_candidates_require_tutor_review
115-2-0104-35,基礎醫學（包括解剖學、生理學與病理學）,,sources/115_2/0104_Q.pdf,6,7,keyword_candidates_require_tutor_review
115-2-0104-36,基礎醫學（包括解剖學、生理學與病理學）,放射生物學;消化系統,sources/115_2/0104_Q.pdf,7,7,keyword_candidates_require_tutor_review
115-2-0104-37,基礎醫學（包括解剖學、生理學與病理學）,,sources/115_2/0104_Q.pdf,7,7,keyword_candidates_require_tutor_review
115-2-0104-38,基礎醫學（包括解剖學、生理學與病理學）,骨骼肌肉解剖與病理;神經系統;心血管系統,sources/115_2/0104_Q.pdf,7,7,keyword_candidates_require_tutor_review
115-2-0104-39,基礎醫學（包括解剖學、生理學與病理學）,骨骼肌肉解剖與病理,sources/115_2/0104_Q.pdf,7,7,keyword_candidates_require_tutor_review
115-2-0104-40,基礎醫學（包括解剖學、生理學與病理學）,,sources/115_2/0104_Q.pdf,7,8,keyword_candidates_require_tutor_review
115-2-0104-41,基礎醫學（包括解剖學、生理學與病理學）,MRI原理與技術;神經系統;消化系統;內分泌與代謝,sources/115_2/0104_Q.pdf,8,8,keyword_candidates_require_tutor_review
115-2-0104-42,基礎醫學（包括解剖學、生理學與病理學）,骨骼肌肉解剖與病理;呼吸系統,sources/115_2/0104_Q.pdf,8,8,keyword_candidates_require_tutor_review
115-2-0104-43,基礎醫學（包括解剖學、生理學與病理學）,MRI原理與技術;心血管系統,sources/115_2/0104_Q.pdf,8,8,keyword_candidates_require_tutor_review
115-2-0104-44,基礎醫學（包括解剖學、生理學與病理學）,呼吸系統,sources/115_2/0104_Q.pdf,8,8,keyword_candidates_require_tutor_review
115-2-0104-45,基礎醫學（包括解剖學、生理學與病理學）,MRI原理與技術;呼吸系統,sources/115_2/0104_Q.pdf,8,8,keyword_candidates_require_tutor_review
115-2-0104-46,基礎醫學（包括解剖學、生理學與病理學）,泌尿與生殖系統,sources/115_2/0104_Q.pdf,8,9,keyword_candidates_require_tutor_review
115-2-0104-47,基礎醫學（包括解剖學、生理學與病理學）,,sources/115_2/0104_Q.pdf,9,9,keyword_candidates_require_tutor_review
115-2-0104-48,基礎醫學（包括解剖學、生理學與病理學）,血液免疫與一般病理,sources/115_2/0104_Q.pdf,9,9,keyword_candidates_require_tutor_review
115-2-0104-49,基礎醫學（包括解剖學、生理學與病理學）,消化系統,sources/115_2/0104_Q.pdf,9,9,keyword_candidates_require_tutor_review
115-2-0104-50,基礎醫學（包括解剖學、生理學與病理學）,心血管系統,sources/115_2/0104_Q.pdf,9,9,keyword_candidates_require_tutor_review
115-2-0104-51,基礎醫學（包括解剖學、生理學與病理學）,心血管系統;呼吸系統,sources/115_2/0104_Q.pdf,9,9,keyword_candidates_require_tutor_review
115-2-0104-52,基礎醫學（包括解剖學、生理學與病理學）,呼吸系統;內分泌與代謝,sources/115_2/0104_Q.pdf,9,10,keyword_candidates_require_tutor_review
115-2-0104-53,基礎醫學（包括解剖學、生理學與病理學）,心血管系統;泌尿與生殖系統;內分泌與代謝,sources/115_2/0104_Q.pdf,10,10,keyword_candidates_require_tutor_review
115-2-0104-54,基礎醫學（包括解剖學、生理學與病理學）,,sources/115_2/0104_Q.pdf,10,10,keyword_candidates_require_tutor_review
115-2-0104-55,基礎醫學（包括解剖學、生理學與病理學）,消化系統,sources/115_2/0104_Q.pdf,10,10,keyword_candidates_require_tutor_review
115-2-0104-56,基礎醫學（包括解剖學、生理學與病理學）,骨骼肌肉解剖與病理;血液免疫與一般病理,sources/115_2/0104_Q.pdf,10,10,keyword_candidates_require_tutor_review
115-2-0104-57,基礎醫學（包括解剖學、生理學與病理學）,內分泌與代謝,sources/115_2/0104_Q.pdf,10,10,keyword_candidates_require_tutor_review
115-2-0104-58,基礎醫學（包括解剖學、生理學與病理學）,泌尿與生殖系統;內分泌與代謝,sources/115_2/0104_Q.pdf,10,11,keyword_candidates_require_tutor_review
115-2-0104-59,基礎醫學（包括解剖學、生理學與病理學）,心血管系統;消化系統,sources/115_2/0104_Q.pdf,11,11,keyword_candidates_require_tutor_review
115-2-0104-60,基礎醫學（包括解剖學、生理學與病理學）,泌尿與生殖系統;血液免疫與一般病理,sources/115_2/0104_Q.pdf,11,11,keyword_candidates_require_tutor_review
115-2-0104-61,基礎醫學（包括解剖學、生理學與病理學）,,sources/115_2/0104_Q.pdf,11,11,keyword_candidates_require_tutor_review
115-2-0104-62,基礎醫學（包括解剖學、生理學與病理學）,輻射量與劑量學,sources/115_2/0104_Q.pdf,11,11,keyword_candidates_require_tutor_review
115-2-0104-63,基礎醫學（包括解剖學、生理學與病理學）,放射生物學,sources/115_2/0104_Q.pdf,11,11,keyword_candidates_require_tutor_review
115-2-0104-64,基礎醫學（包括解剖學、生理學與病理學）,癌症與臨床放療,sources/115_2/0104_Q.pdf,11,12,keyword_candidates_require_tutor_review
115-2-0104-65,基礎醫學（包括解剖學、生理學與病理學）,心血管系統,sources/115_2/0104_Q.pdf,12,12,keyword_candidates_require_tutor_review
115-2-0104-66,基礎醫學（包括解剖學、生理學與病理學）,呼吸系統,sources/115_2/0104_Q.pdf,12,12,keyword_candidates_require_tutor_review
115-2-0104-67,基礎醫學（包括解剖學、生理學與病理學）,,sources/115_2/0104_Q.pdf,12,12,keyword_candidates_require_tutor_review
115-2-0104-68,基礎醫學（包括解剖學、生理學與病理學）,神經系統;內分泌與代謝,sources/115_2/0104_Q.pdf,12,12,keyword_candidates_require_tutor_review
115-2-0104-69,基礎醫學（包括解剖學、生理學與病理學）,放射生物學;癌症與臨床放療;血液免疫與一般病理,sources/115_2/0104_Q.pdf,12,13,keyword_candidates_require_tutor_review
115-2-0104-70,基礎醫學（包括解剖學、生理學與病理學）,,sources/115_2/0104_Q.pdf,13,13,keyword_candidates_require_tutor_review
115-2-0104-71,基礎醫學（包括解剖學、生理學與病理學）,CT原理與技術;MRI原理與技術;神經系統;心血管系統;呼吸系統,sources/115_2/0104_Q.pdf,13,13,keyword_candidates_require_tutor_review
115-2-0104-72,基礎醫學（包括解剖學、生理學與病理學）,MRI原理與技術;消化系統;血液免疫與一般病理,sources/115_2/0104_Q.pdf,13,13,keyword_candidates_require_tutor_review
115-2-0104-73,基礎醫學（包括解剖學、生理學與病理學）,癌症與臨床放療;消化系統,sources/115_2/0104_Q.pdf,13,13,keyword_candidates_require_tutor_review
115-2-0104-74,基礎醫學（包括解剖學、生理學與病理學）,MRI原理與技術,sources/115_2/0104_Q.pdf,13,13,keyword_candidates_require_tutor_review
115-2-0104-75,基礎醫學（包括解剖學、生理學與病理學）,MRI原理與技術;血液免疫與一般病理,sources/115_2/0104_Q.pdf,13,14,keyword_candidates_require_tutor_review
115-2-0104-76,基礎醫學（包括解剖學、生理學與病理學）,,sources/115_2/0104_Q.pdf,14,14,keyword_candidates_require_tutor_review
115-2-0104-77,基礎醫學（包括解剖學、生理學與病理學）,泌尿與生殖系統,sources/115_2/0104_Q.pdf,14,14,keyword_candidates_require_tutor_review
115-2-0104-78,基礎醫學（包括解剖學、生理學與病理學）,MRI原理與技術;泌尿與生殖系統;血液免疫與一般病理,sources/115_2/0104_Q.pdf,14,14,keyword_candidates_require_tutor_review
115-2-0104-79,基礎醫學（包括解剖學、生理學與病理學）,癌症與臨床放療;內分泌與代謝,sources/115_2/0104_Q.pdf,14,14,keyword_candidates_require_tutor_review
115-2-0104-80,基礎醫學（包括解剖學、生理學與病理學）,放射生物學;MRI原理與技術,sources/115_2/0104_Q.pdf,14,14,keyword_candidates_require_tutor_review
115-2-0601-01,醫學物理學與輻射安全,核衰變與核種平衡;半衰期與活度;偵檢器與計數統計,sources/115_2/0601_Q.pdf,1,1,keyword_candidates_require_tutor_review
115-2-0601-02,醫學物理學與輻射安全,核衰變與核種平衡;半衰期與活度,sources/115_2/0601_Q.pdf,1,1,keyword_candidates_require_tutor_review
115-2-0601-03,醫學物理學與輻射安全,核衰變與核種平衡,sources/115_2/0601_Q.pdf,1,1,keyword_candidates_require_tutor_review
115-2-0601-04,醫學物理學與輻射安全,核衰變與核種平衡;放射藥物與核種製備,sources/115_2/0601_Q.pdf,1,1,keyword_candidates_require_tutor_review
115-2-0601-05,醫學物理學與輻射安全,半衰期與活度,sources/115_2/0601_Q.pdf,1,2,keyword_candidates_require_tutor_review
115-2-0601-06,醫學物理學與輻射安全,核衰變與核種平衡;光子與物質交互作用,sources/115_2/0601_Q.pdf,2,2,keyword_candidates_require_tutor_review
115-2-0601-07,醫學物理學與輻射安全,光子與物質交互作用,sources/115_2/0601_Q.pdf,2,2,keyword_candidates_require_tutor_review
115-2-0601-08,醫學物理學與輻射安全,光子與物質交互作用,sources/115_2/0601_Q.pdf,2,2,keyword_candidates_require_tutor_review
115-2-0601-09,醫學物理學與輻射安全,半衰期與活度;泌尿與生殖系統,sources/115_2/0601_Q.pdf,2,2,keyword_candidates_require_tutor_review
115-2-0601-10,醫學物理學與輻射安全,輻射量與劑量學,sources/115_2/0601_Q.pdf,2,3,keyword_candidates_require_tutor_review
115-2-0601-11,醫學物理學與輻射安全,MRI原理與技術,sources/115_2/0601_Q.pdf,3,3,keyword_candidates_require_tutor_review
115-2-0601-12,醫學物理學與輻射安全,X光產生與能譜,sources/115_2/0601_Q.pdf,3,3,keyword_candidates_require_tutor_review
115-2-0601-13,醫學物理學與輻射安全,,sources/115_2/0601_Q.pdf,3,3,keyword_candidates_require_tutor_review
115-2-0601-14,醫學物理學與輻射安全,放射治療計畫與劑量,sources/115_2/0601_Q.pdf,3,3,keyword_candidates_require_tutor_review
115-2-0601-15,醫學物理學與輻射安全,輻射量與劑量學,sources/115_2/0601_Q.pdf,3,3,keyword_candidates_require_tutor_review
115-2-0601-16,醫學物理學與輻射安全,,sources/115_2/0601_Q.pdf,3,4,keyword_candidates_require_tutor_review
115-2-0601-17,醫學物理學與輻射安全,底片與影像接受器,sources/115_2/0601_Q.pdf,4,4,keyword_candidates_require_tutor_review
115-2-0601-18,醫學物理學與輻射安全,X光產生與能譜;CT原理與技術;放射藥物與核種製備,sources/115_2/0601_Q.pdf,4,4,keyword_candidates_require_tutor_review
115-2-0601-19,醫學物理學與輻射安全,底片與影像接受器,sources/115_2/0601_Q.pdf,4,4,keyword_candidates_require_tutor_review
115-2-0601-20,醫學物理學與輻射安全,,sources/115_2/0601_Q.pdf,4,4,keyword_candidates_require_tutor_review
115-2-0601-21,醫學物理學與輻射安全,影像品質與數位影像,sources/115_2/0601_Q.pdf,4,4,keyword_candidates_require_tutor_review
115-2-0601-22,醫學物理學與輻射安全,X光產生與能譜;放射治療計畫與劑量,sources/115_2/0601_Q.pdf,4,5,keyword_candidates_require_tutor_review
115-2-0601-23,醫學物理學與輻射安全,半衰期與活度;衰減與屏蔽,sources/115_2/0601_Q.pdf,5,5,keyword_candidates_require_tutor_review
115-2-0601-24,醫學物理學與輻射安全,輻射量與劑量學;放療設備與品保,sources/115_2/0601_Q.pdf,5,5,keyword_candidates_require_tutor_review
115-2-0601-25,醫學物理學與輻射安全,衰減與屏蔽;核醫SPECT與加馬攝影機;放射治療計畫與劑量,sources/115_2/0601_Q.pdf,5,5,keyword_candidates_require_tutor_review
115-2-0601-26,醫學物理學與輻射安全,CT原理與技術;MRI原理與技術,sources/115_2/0601_Q.pdf,5,5,keyword_candidates_require_tutor_review
115-2-0601-27,醫學物理學與輻射安全,偵檢器與計數統計;影像品質與數位影像,sources/115_2/0601_Q.pdf,5,5,keyword_candidates_require_tutor_review
115-2-0601-28,醫學物理學與輻射安全,偵檢器與計數統計;核醫SPECT與加馬攝影機;放療設備與品保,sources/115_2/0601_Q.pdf,5,6,keyword_candidates_require_tutor_review
115-2-0601-29,醫學物理學與輻射安全,核衰變與核種平衡,sources/115_2/0601_Q.pdf,6,6,keyword_candidates_require_tutor_review
115-2-0601-30,醫學物理學與輻射安全,偵檢器與計數統計,sources/115_2/0601_Q.pdf,6,6,keyword_candidates_require_tutor_review
115-2-0601-31,醫學物理學與輻射安全,衰減與屏蔽;核醫SPECT與加馬攝影機;放射治療計畫與劑量;放療設備與品保;攝影擺位與投照,sources/115_2/0601_Q.pdf,6,6,keyword_candidates_require_tutor_review
115-2-0601-32,醫學物理學與輻射安全,超音波原理與技術,sources/115_2/0601_Q.pdf,6,7,keyword_candidates_require_tutor_review
115-2-0601-33,醫學物理學與輻射安全,超音波原理與技術,sources/115_2/0601_Q.pdf,7,7,keyword_candidates_require_tutor_review
115-2-0601-34,醫學物理學與輻射安全,超音波原理與技術,sources/115_2/0601_Q.pdf,7,7,keyword_candidates_require_tutor_review
115-2-0601-35,醫學物理學與輻射安全,超音波原理與技術,sources/115_2/0601_Q.pdf,7,7,keyword_candidates_require_tutor_review
115-2-0601-36,醫學物理學與輻射安全,MRI原理與技術;超音波原理與技術;影像品質與數位影像,sources/115_2/0601_Q.pdf,7,7,keyword_candidates_require_tutor_review
115-2-0601-37,醫學物理學與輻射安全,MRI原理與技術;影像品質與數位影像,sources/115_2/0601_Q.pdf,7,7,keyword_candidates_require_tutor_review
115-2-0601-38,醫學物理學與輻射安全,MRI原理與技術,sources/115_2/0601_Q.pdf,7,8,keyword_candidates_require_tutor_review
115-2-0601-39,醫學物理學與輻射安全,MRI原理與技術;影像品質與數位影像,sources/115_2/0601_Q.pdf,8,8,keyword_candidates_require_tutor_review
115-2-0601-40,醫學物理學與輻射安全,輻射量與劑量學;MRI原理與技術,sources/115_2/0601_Q.pdf,8,8,keyword_candidates_require_tutor_review
115-2-0601-41,醫學物理學與輻射安全,半衰期與活度;輻射量與劑量學,sources/115_2/0601_Q.pdf,8,8,keyword_candidates_require_tutor_review
115-2-0601-42,醫學物理學與輻射安全,輻射量與劑量學;輻射防護與法規,sources/115_2/0601_Q.pdf,8,8,keyword_candidates_require_tutor_review
115-2-0601-43,醫學物理學與輻射安全,輻射量與劑量學,sources/115_2/0601_Q.pdf,8,9,keyword_candidates_require_tutor_review
115-2-0601-44,醫學物理學與輻射安全,放射治療計畫與劑量,sources/115_2/0601_Q.pdf,9,9,keyword_candidates_require_tutor_review
115-2-0601-45,醫學物理學與輻射安全,核醫PET;呼吸系統,sources/115_2/0601_Q.pdf,9,9,keyword_candidates_require_tutor_review
115-2-0601-46,醫學物理學與輻射安全,輻射量與劑量學;輻射防護與法規,sources/115_2/0601_Q.pdf,9,9,keyword_candidates_require_tutor_review
115-2-0601-47,醫學物理學與輻射安全,輻射量與劑量學;輻射防護與法規,sources/115_2/0601_Q.pdf,9,9,keyword_candidates_require_tutor_review
115-2-0601-48,醫學物理學與輻射安全,半衰期與活度,sources/115_2/0601_Q.pdf,9,10,keyword_candidates_require_tutor_review
115-2-0601-49,醫學物理學與輻射安全,輻射量與劑量學;輻射防護與法規,sources/115_2/0601_Q.pdf,10,10,keyword_candidates_require_tutor_review
115-2-0601-50,醫學物理學與輻射安全,偵檢器與計數統計;放射藥物與核種製備,sources/115_2/0601_Q.pdf,10,10,keyword_candidates_require_tutor_review
115-2-0601-51,醫學物理學與輻射安全,輻射量與劑量學;放療設備與品保,sources/115_2/0601_Q.pdf,10,10,keyword_candidates_require_tutor_review
115-2-0601-52,醫學物理學與輻射安全,偵檢器與計數統計,sources/115_2/0601_Q.pdf,10,10,keyword_candidates_require_tutor_review
115-2-0601-53,醫學物理學與輻射安全,輻射防護與法規;放射生物學,sources/115_2/0601_Q.pdf,10,10,keyword_candidates_require_tutor_review
115-2-0601-54,醫學物理學與輻射安全,輻射量與劑量學,sources/115_2/0601_Q.pdf,10,11,keyword_candidates_require_tutor_review
115-2-0601-55,醫學物理學與輻射安全,影像品質與數位影像,sources/115_2/0601_Q.pdf,11,11,keyword_candidates_require_tutor_review
115-2-0601-56,醫學物理學與輻射安全,偵檢器與計數統計,sources/115_2/0601_Q.pdf,11,11,keyword_candidates_require_tutor_review
115-2-0601-57,醫學物理學與輻射安全,,sources/115_2/0601_Q.pdf,11,11,keyword_candidates_require_tutor_review
115-2-0601-58,醫學物理學與輻射安全,衰減與屏蔽,sources/115_2/0601_Q.pdf,11,11,keyword_candidates_require_tutor_review
115-2-0601-59,醫學物理學與輻射安全,衰減與屏蔽;X光產生與能譜;近接與特殊放療,sources/115_2/0601_Q.pdf,11,11,keyword_candidates_require_tutor_review
115-2-0601-60,醫學物理學與輻射安全,衰減與屏蔽;輻射量與劑量學,sources/115_2/0601_Q.pdf,11,12,keyword_candidates_require_tutor_review
115-2-0601-61,醫學物理學與輻射安全,衰減與屏蔽;放射治療計畫與劑量,sources/115_2/0601_Q.pdf,12,12,keyword_candidates_require_tutor_review
115-2-0601-62,醫學物理學與輻射安全,衰減與屏蔽;輻射防護與法規,sources/115_2/0601_Q.pdf,12,12,keyword_candidates_require_tutor_review
115-2-0601-63,醫學物理學與輻射安全,放射生物學;放療設備與品保;癌症與臨床放療;骨骼肌肉解剖與病理;消化系統;血液免疫與一般病理,sources/115_2/0601_Q.pdf,12,12,keyword_candidates_require_tutor_review
115-2-0601-64,醫學物理學與輻射安全,放射生物學,sources/115_2/0601_Q.pdf,12,12,keyword_candidates_require_tutor_review
115-2-0601-65,醫學物理學與輻射安全,神經系統;呼吸系統;血液免疫與一般病理,sources/115_2/0601_Q.pdf,12,13,keyword_candidates_require_tutor_review
115-2-0601-66,醫學物理學與輻射安全,放射生物學,sources/115_2/0601_Q.pdf,13,13,keyword_candidates_require_tutor_review
115-2-0601-67,醫學物理學與輻射安全,,sources/115_2/0601_Q.pdf,13,13,keyword_candidates_require_tutor_review
115-2-0601-68,醫學物理學與輻射安全,放射生物學,sources/115_2/0601_Q.pdf,13,13,keyword_candidates_require_tutor_review
115-2-0601-69,醫學物理學與輻射安全,,sources/115_2/0601_Q.pdf,13,13,keyword_candidates_require_tutor_review
115-2-0601-70,醫學物理學與輻射安全,輻射量與劑量學,sources/115_2/0601_Q.pdf,13,13,keyword_candidates_require_tutor_review
115-2-0601-71,醫學物理學與輻射安全,半衰期與活度;衰減與屏蔽;輻射防護與法規,sources/115_2/0601_Q.pdf,13,14,keyword_candidates_require_tutor_review
115-2-0601-72,醫學物理學與輻射安全,輻射量與劑量學;輻射防護與法規;核醫PET,sources/115_2/0601_Q.pdf,14,14,keyword_candidates_require_tutor_review
115-2-0601-73,醫學物理學與輻射安全,輻射防護與法規,sources/115_2/0601_Q.pdf,14,14,keyword_candidates_require_tutor_review
115-2-0601-74,醫學物理學與輻射安全,半衰期與活度;輻射量與劑量學,sources/115_2/0601_Q.pdf,14,14,keyword_candidates_require_tutor_review
115-2-0601-75,醫學物理學與輻射安全,,sources/115_2/0601_Q.pdf,14,14,keyword_candidates_require_tutor_review
115-2-0601-76,醫學物理學與輻射安全,輻射量與劑量學,sources/115_2/0601_Q.pdf,14,15,keyword_candidates_require_tutor_review
115-2-0601-77,醫學物理學與輻射安全,輻射量與劑量學;輻射防護與法規,sources/115_2/0601_Q.pdf,15,15,keyword_candidates_require_tutor_review
115-2-0601-78,醫學物理學與輻射安全,輻射量與劑量學;輻射防護與法規,sources/115_2/0601_Q.pdf,15,15,keyword_candidates_require_tutor_review
115-2-0601-79,醫學物理學與輻射安全,輻射量與劑量學;輻射防護與法規;放療設備與品保,sources/115_2/0601_Q.pdf,15,15,keyword_candidates_require_tutor_review
115-2-0601-80,醫學物理學與輻射安全,半衰期與活度;輻射量與劑量學,sources/115_2/0601_Q.pdf,15,15,keyword_candidates_require_tutor_review
115-2-0602-01,放射線器材學（包括磁振學與超音波學）,X光產生與能譜,sources/115_2/0602_Q.pdf,1,1,keyword_candidates_require_tutor_review
115-2-0602-02,放射線器材學（包括磁振學與超音波學）,X光產生與能譜,sources/115_2/0602_Q.pdf,1,1,keyword_candidates_require_tutor_review
115-2-0602-03,放射線器材學（包括磁振學與超音波學）,X光產生與能譜,sources/115_2/0602_Q.pdf,1,1,keyword_candidates_require_tutor_review
115-2-0602-04,放射線器材學（包括磁振學與超音波學）,偵檢器與計數統計;MRI原理與技術;神經系統,sources/115_2/0602_Q.pdf,1,1,keyword_candidates_require_tutor_review
115-2-0602-05,放射線器材學（包括磁振學與超音波學）,影像品質與數位影像;對比劑與特殊攝影,sources/115_2/0602_Q.pdf,1,2,keyword_candidates_require_tutor_review
115-2-0602-06,放射線器材學（包括磁振學與超音波學）,底片與影像接受器;神經系統,sources/115_2/0602_Q.pdf,2,2,keyword_candidates_require_tutor_review
115-2-0602-07,放射線器材學（包括磁振學與超音波學）,MRI原理與技術;超音波原理與技術,sources/115_2/0602_Q.pdf,2,2,keyword_candidates_require_tutor_review
115-2-0602-08,放射線器材學（包括磁振學與超音波學）,,sources/115_2/0602_Q.pdf,2,2,keyword_candidates_require_tutor_review
115-2-0602-09,放射線器材學（包括磁振學與超音波學）,MRI原理與技術,sources/115_2/0602_Q.pdf,2,2,keyword_candidates_require_tutor_review
115-2-0602-10,放射線器材學（包括磁振學與超音波學）,MRI原理與技術,sources/115_2/0602_Q.pdf,2,2,keyword_candidates_require_tutor_review
115-2-0602-11,放射線器材學（包括磁振學與超音波學）,MRI原理與技術,sources/115_2/0602_Q.pdf,2,3,keyword_candidates_require_tutor_review
115-2-0602-12,放射線器材學（包括磁振學與超音波學）,MRI原理與技術,sources/115_2/0602_Q.pdf,3,3,keyword_candidates_require_tutor_review
115-2-0602-13,放射線器材學（包括磁振學與超音波學）,超音波原理與技術;近接與特殊放療;癌症與臨床放療;泌尿與生殖系統,sources/115_2/0602_Q.pdf,3,3,keyword_candidates_require_tutor_review
115-2-0602-14,放射線器材學（包括磁振學與超音波學）,放射藥物與核種製備;近接與特殊放療;泌尿與生殖系統,sources/115_2/0602_Q.pdf,3,3,keyword_candidates_require_tutor_review
115-2-0602-15,放射線器材學（包括磁振學與超音波學）,輻射量與劑量學;骨骼肌肉解剖與病理;呼吸系統,sources/115_2/0602_Q.pdf,3,3,keyword_candidates_require_tutor_review
115-2-0602-16,放射線器材學（包括磁振學與超音波學）,偵檢器與計數統計;影像品質與數位影像;核醫SPECT與加馬攝影機,sources/115_2/0602_Q.pdf,3,3,keyword_candidates_require_tutor_review
115-2-0602-17,放射線器材學（包括磁振學與超音波學）,核醫SPECT與加馬攝影機,sources/115_2/0602_Q.pdf,3,4,keyword_candidates_require_tutor_review
115-2-0602-18,放射線器材學（包括磁振學與超音波學）,放射治療計畫與劑量,sources/115_2/0602_Q.pdf,4,4,keyword_candidates_require_tutor_review
115-2-0602-19,放射線器材學（包括磁振學與超音波學）,核衰變與核種平衡;核醫PET,sources/115_2/0602_Q.pdf,4,4,keyword_candidates_require_tutor_review
115-2-0602-20,放射線器材學（包括磁振學與超音波學）,半衰期與活度;影像品質與數位影像;核醫SPECT與加馬攝影機,sources/115_2/0602_Q.pdf,4,5,keyword_candidates_require_tutor_review
115-2-0602-21,放射線器材學（包括磁振學與超音波學）,輻射量與劑量學,sources/115_2/0602_Q.pdf,5,5,keyword_candidates_require_tutor_review
115-2-0602-22,放射線器材學（包括磁振學與超音波學）,底片與影像接受器;神經系統,sources/115_2/0602_Q.pdf,5,5,keyword_candidates_require_tutor_review
115-2-0602-23,放射線器材學（包括磁振學與超音波學）,X光產生與能譜,sources/115_2/0602_Q.pdf,5,5,keyword_candidates_require_tutor_review
115-2-0602-24,放射線器材學（包括磁振學與超音波學）,輻射量與劑量學,sources/115_2/0602_Q.pdf,5,5,keyword_candidates_require_tutor_review
115-2-0602-25,放射線器材學（包括磁振學與超音波學）,X光產生與能譜,sources/115_2/0602_Q.pdf,5,6,keyword_candidates_require_tutor_review
115-2-0602-26,放射線器材學（包括磁振學與超音波學）,CT原理與技術;放療設備與品保;對比劑與特殊攝影,sources/115_2/0602_Q.pdf,6,6,keyword_candidates_require_tutor_review
115-2-0602-27,放射線器材學（包括磁振學與超音波學）,底片與影像接受器;神經系統,sources/115_2/0602_Q.pdf,6,6,keyword_candidates_require_tutor_review
115-2-0602-28,放射線器材學（包括磁振學與超音波學）,偵檢器與計數統計;影像品質與數位影像;底片與影像接受器;神經系統,sources/115_2/0602_Q.pdf,6,6,keyword_candidates_require_tutor_review
115-2-0602-29,放射線器材學（包括磁振學與超音波學）,底片與影像接受器,sources/115_2/0602_Q.pdf,6,6,keyword_candidates_require_tutor_review
115-2-0602-30,放射線器材學（包括磁振學與超音波學）,,sources/115_2/0602_Q.pdf,6,6,keyword_candidates_require_tutor_review
115-2-0602-31,放射線器材學（包括磁振學與超音波學）,對比劑與特殊攝影,sources/115_2/0602_Q.pdf,6,7,keyword_candidates_require_tutor_review
115-2-0602-32,放射線器材學（包括磁振學與超音波學）,X光產生與能譜;對比劑與特殊攝影,sources/115_2/0602_Q.pdf,7,7,keyword_candidates_require_tutor_review
115-2-0602-33,放射線器材學（包括磁振學與超音波學）,影像品質與數位影像,sources/115_2/0602_Q.pdf,7,8,keyword_candidates_require_tutor_review
115-2-0602-34,放射線器材學（包括磁振學與超音波學）,CT原理與技術;放射藥物與核種製備;神經系統,sources/115_2/0602_Q.pdf,8,8,keyword_candidates_require_tutor_review
115-2-0602-35,放射線器材學（包括磁振學與超音波學）,偵檢器與計數統計;CT原理與技術;放射藥物與核種製備;神經系統,sources/115_2/0602_Q.pdf,8,8,keyword_candidates_require_tutor_review
115-2-0602-36,放射線器材學（包括磁振學與超音波學）,輻射量與劑量學;CT原理與技術;放射治療計畫與劑量;神經系統,sources/115_2/0602_Q.pdf,8,8,keyword_candidates_require_tutor_review
115-2-0602-37,放射線器材學（包括磁振學與超音波學）,輻射量與劑量學,sources/115_2/0602_Q.pdf,8,9,keyword_candidates_require_tutor_review
115-2-0602-38,放射線器材學（包括磁振學與超音波學）,CT原理與技術;影像品質與數位影像;放療設備與品保,sources/115_2/0602_Q.pdf,9,9,keyword_candidates_require_tutor_review
115-2-0602-39,放射線器材學（包括磁振學與超音波學）,X光產生與能譜;影像品質與數位影像;放射治療計畫與劑量,sources/115_2/0602_Q.pdf,9,9,keyword_candidates_require_tutor_review
115-2-0602-40,放射線器材學（包括磁振學與超音波學）,超音波原理與技術,sources/115_2/0602_Q.pdf,9,9,keyword_candidates_require_tutor_review
115-2-0602-41,放射線器材學（包括磁振學與超音波學）,超音波原理與技術,sources/115_2/0602_Q.pdf,9,10,keyword_candidates_require_tutor_review
115-2-0602-42,放射線器材學（包括磁振學與超音波學）,超音波原理與技術,sources/115_2/0602_Q.pdf,10,10,keyword_candidates_require_tutor_review
115-2-0602-43,放射線器材學（包括磁振學與超音波學）,衰減與屏蔽;超音波原理與技術,sources/115_2/0602_Q.pdf,10,10,keyword_candidates_require_tutor_review
115-2-0602-44,放射線器材學（包括磁振學與超音波學）,超音波原理與技術;影像品質與數位影像;放射治療計畫與劑量,sources/115_2/0602_Q.pdf,10,10,keyword_candidates_require_tutor_review
115-2-0602-45,放射線器材學（包括磁振學與超音波學）,超音波原理與技術,sources/115_2/0602_Q.pdf,10,10,keyword_candidates_require_tutor_review
115-2-0602-46,放射線器材學（包括磁振學與超音波學）,超音波原理與技術,sources/115_2/0602_Q.pdf,10,10,keyword_candidates_require_tutor_review
115-2-0602-47,放射線器材學（包括磁振學與超音波學）,MRI原理與技術;超音波原理與技術,sources/115_2/0602_Q.pdf,10,11,keyword_candidates_require_tutor_review
115-2-0602-48,放射線器材學（包括磁振學與超音波學）,衰減與屏蔽;MRI原理與技術,sources/115_2/0602_Q.pdf,11,11,keyword_candidates_require_tutor_review
115-2-0602-49,放射線器材學（包括磁振學與超音波學）,MRI原理與技術,sources/115_2/0602_Q.pdf,11,11,keyword_candidates_require_tutor_review
115-2-0602-50,放射線器材學（包括磁振學與超音波學）,MRI原理與技術;影像品質與數位影像,sources/115_2/0602_Q.pdf,11,11,keyword_candidates_require_tutor_review
115-2-0602-51,放射線器材學（包括磁振學與超音波學）,MRI原理與技術;底片與影像接受器;放療設備與品保,sources/115_2/0602_Q.pdf,11,11,keyword_candidates_require_tutor_review
115-2-0602-52,放射線器材學（包括磁振學與超音波學）,,sources/115_2/0602_Q.pdf,11,11,keyword_candidates_require_tutor_review
115-2-0602-53,放射線器材學（包括磁振學與超音波學）,MRI原理與技術,sources/115_2/0602_Q.pdf,11,12,keyword_candidates_require_tutor_review
115-2-0602-54,放射線器材學（包括磁振學與超音波學）,MRI原理與技術,sources/115_2/0602_Q.pdf,12,12,keyword_candidates_require_tutor_review
115-2-0602-55,放射線器材學（包括磁振學與超音波學）,MRI原理與技術,sources/115_2/0602_Q.pdf,12,12,keyword_candidates_require_tutor_review
115-2-0602-56,放射線器材學（包括磁振學與超音波學）,,sources/115_2/0602_Q.pdf,12,12,keyword_candidates_require_tutor_review
115-2-0602-57,放射線器材學（包括磁振學與超音波學）,放射治療計畫與劑量,sources/115_2/0602_Q.pdf,12,12,keyword_candidates_require_tutor_review
115-2-0602-58,放射線器材學（包括磁振學與超音波學）,放療設備與品保,sources/115_2/0602_Q.pdf,12,12,keyword_candidates_require_tutor_review
115-2-0602-59,放射線器材學（包括磁振學與超音波學）,CT原理與技術;放射藥物與核種製備;放射治療計畫與劑量,sources/115_2/0602_Q.pdf,12,13,keyword_candidates_require_tutor_review
115-2-0602-60,放射線器材學（包括磁振學與超音波學）,,sources/115_2/0602_Q.pdf,13,13,keyword_candidates_require_tutor_review
115-2-0602-61,放射線器材學（包括磁振學與超音波學）,放射治療計畫與劑量,sources/115_2/0602_Q.pdf,13,13,keyword_candidates_require_tutor_review
115-2-0602-62,放射線器材學（包括磁振學與超音波學）,半衰期與活度;近接與特殊放療,sources/115_2/0602_Q.pdf,13,14,keyword_candidates_require_tutor_review
115-2-0602-63,放射線器材學（包括磁振學與超音波學）,輻射量與劑量學,sources/115_2/0602_Q.pdf,14,14,keyword_candidates_require_tutor_review
115-2-0602-64,放射線器材學（包括磁振學與超音波學）,,sources/115_2/0602_Q.pdf,14,14,keyword_candidates_require_tutor_review
115-2-0602-65,放射線器材學（包括磁振學與超音波學）,輻射量與劑量學;CT原理與技術;神經系統;呼吸系統,sources/115_2/0602_Q.pdf,14,14,keyword_candidates_require_tutor_review
115-2-0602-66,放射線器材學（包括磁振學與超音波學）,放射治療計畫與劑量;放療設備與品保,sources/115_2/0602_Q.pdf,14,14,keyword_candidates_require_tutor_review
115-2-0602-67,放射線器材學（包括磁振學與超音波學）,輻射量與劑量學,sources/115_2/0602_Q.pdf,14,14,keyword_candidates_require_tutor_review
115-2-0602-68,放射線器材學（包括磁振學與超音波學）,CT原理與技術;神經系統,sources/115_2/0602_Q.pdf,14,15,keyword_candidates_require_tutor_review
115-2-0602-69,放射線器材學（包括磁振學與超音波學）,衰減與屏蔽;MRI原理與技術,sources/115_2/0602_Q.pdf,15,15,keyword_candidates_require_tutor_review
115-2-0602-70,放射線器材學（包括磁振學與超音波學）,放射治療計畫與劑量;癌症與臨床放療;神經系統;泌尿與生殖系統,sources/115_2/0602_Q.pdf,15,15,keyword_candidates_require_tutor_review
115-2-0602-71,放射線器材學（包括磁振學與超音波學）,CT原理與技術;影像品質與數位影像;神經系統,sources/115_2/0602_Q.pdf,15,15,keyword_candidates_require_tutor_review
115-2-0602-72,放射線器材學（包括磁振學與超音波學）,偵檢器與計數統計,sources/115_2/0602_Q.pdf,15,16,keyword_candidates_require_tutor_review
115-2-0602-73,放射線器材學（包括磁振學與超音波學）,偵檢器與計數統計;影像品質與數位影像;核醫SPECT與加馬攝影機,sources/115_2/0602_Q.pdf,16,16,keyword_candidates_require_tutor_review
115-2-0602-74,放射線器材學（包括磁振學與超音波學）,核醫SPECT與加馬攝影機;骨骼肌肉解剖與病理,sources/115_2/0602_Q.pdf,16,16,keyword_candidates_require_tutor_review
115-2-0602-75,放射線器材學（包括磁振學與超音波學）,衰減與屏蔽;輻射量與劑量學;核醫SPECT與加馬攝影機;放射藥物與核種製備;放療設備與品保,sources/115_2/0602_Q.pdf,16,17,keyword_candidates_require_tutor_review
115-2-0602-76,放射線器材學（包括磁振學與超音波學）,MRI原理與技術;核醫SPECT與加馬攝影機;放射藥物與核種製備;放療設備與品保;神經系統,sources/115_2/0602_Q.pdf,17,17,keyword_candidates_require_tutor_review
115-2-0602-77,放射線器材學（包括磁振學與超音波學）,核衰變與核種平衡;衰減與屏蔽;偵檢器與計數統計,sources/115_2/0602_Q.pdf,17,17,keyword_candidates_require_tutor_review
115-2-0602-78,放射線器材學（包括磁振學與超音波學）,影像品質與數位影像;核醫SPECT與加馬攝影機;心血管系統,sources/115_2/0602_Q.pdf,17,17,keyword_candidates_require_tutor_review
115-2-0602-79,放射線器材學（包括磁振學與超音波學）,偵檢器與計數統計;MRI原理與技術,sources/115_2/0602_Q.pdf,17,17,keyword_candidates_require_tutor_review
115-2-0602-80,放射線器材學（包括磁振學與超音波學）,偵檢器與計數統計,sources/115_2/0602_Q.pdf,17,18,keyword_candidates_require_tutor_review
115-2-0603-01,放射線診斷原理與技術學,攝影擺位與投照;骨骼肌肉解剖與病理,sources/115_2/0603_Q.pdf,1,1,keyword_candidates_require_tutor_review
115-2-0603-02,放射線診斷原理與技術學,輻射防護與法規;攝影擺位與投照,sources/115_2/0603_Q.pdf,1,1,keyword_candidates_require_tutor_review
115-2-0603-03,放射線診斷原理與技術學,攝影擺位與投照;心血管系統;泌尿與生殖系統,sources/115_2/0603_Q.pdf,1,1,keyword_candidates_require_tutor_review
115-2-0603-04,放射線診斷原理與技術學,攝影擺位與投照,sources/115_2/0603_Q.pdf,1,1,keyword_candidates_require_tutor_review
115-2-0603-05,放射線診斷原理與技術學,,sources/115_2/0603_Q.pdf,1,2,keyword_candidates_require_tutor_review
115-2-0603-06,放射線診斷原理與技術學,衰減與屏蔽,sources/115_2/0603_Q.pdf,2,2,keyword_candidates_require_tutor_review
115-2-0603-07,放射線診斷原理與技術學,X光產生與能譜;核醫SPECT與加馬攝影機,sources/115_2/0603_Q.pdf,2,2,keyword_candidates_require_tutor_review
115-2-0603-08,放射線診斷原理與技術學,放射治療計畫與劑量,sources/115_2/0603_Q.pdf,2,2,keyword_candidates_require_tutor_review
115-2-0603-09,放射線診斷原理與技術學,X光產生與能譜;骨骼肌肉解剖與病理,sources/115_2/0603_Q.pdf,2,2,keyword_candidates_require_tutor_review
115-2-0603-10,放射線診斷原理與技術學,,sources/115_2/0603_Q.pdf,2,2,keyword_candidates_require_tutor_review
115-2-0603-11,放射線診斷原理與技術學,光子與物質交互作用,sources/115_2/0603_Q.pdf,2,3,keyword_candidates_require_tutor_review
115-2-0603-12,放射線診斷原理與技術學,X光產生與能譜;骨骼肌肉解剖與病理,sources/115_2/0603_Q.pdf,3,3,keyword_candidates_require_tutor_review
115-2-0603-13,放射線診斷原理與技術學,影像品質與數位影像;底片與影像接受器,sources/115_2/0603_Q.pdf,3,3,keyword_candidates_require_tutor_review
115-2-0603-14,放射線診斷原理與技術學,對比劑與特殊攝影;心血管系統,sources/115_2/0603_Q.pdf,3,3,keyword_candidates_require_tutor_review
115-2-0603-15,放射線診斷原理與技術學,底片與影像接受器;對比劑與特殊攝影;消化系統,sources/115_2/0603_Q.pdf,3,4,keyword_candidates_require_tutor_review
115-2-0603-16,放射線診斷原理與技術學,癌症與臨床放療;對比劑與特殊攝影;泌尿與生殖系統,sources/115_2/0603_Q.pdf,4,4,keyword_candidates_require_tutor_review
115-2-0603-17,放射線診斷原理與技術學,,sources/115_2/0603_Q.pdf,4,4,keyword_candidates_require_tutor_review
115-2-0603-18,放射線診斷原理與技術學,底片與影像接受器;對比劑與特殊攝影;血液免疫與一般病理,sources/115_2/0603_Q.pdf,4,4,keyword_candidates_require_tutor_review
115-2-0603-19,放射線診斷原理與技術學,血液免疫與一般病理,sources/115_2/0603_Q.pdf,4,4,keyword_candidates_require_tutor_review
115-2-0603-20,放射線診斷原理與技術學,輻射量與劑量學;對比劑與特殊攝影;骨骼肌肉解剖與病理,sources/115_2/0603_Q.pdf,4,4,keyword_candidates_require_tutor_review
115-2-0603-21,放射線診斷原理與技術學,對比劑與特殊攝影,sources/115_2/0603_Q.pdf,4,5,keyword_candidates_require_tutor_review
115-2-0603-22,放射線診斷原理與技術學,對比劑與特殊攝影,sources/115_2/0603_Q.pdf,5,5,keyword_candidates_require_tutor_review
115-2-0603-23,放射線診斷原理與技術學,CT原理與技術;對比劑與特殊攝影;神經系統;消化系統,sources/115_2/0603_Q.pdf,5,5,keyword_candidates_require_tutor_review
115-2-0603-24,放射線診斷原理與技術學,神經系統;泌尿與生殖系統,sources/115_2/0603_Q.pdf,5,6,keyword_candidates_require_tutor_review
115-2-0603-25,放射線診斷原理與技術學,MRI原理與技術;對比劑與特殊攝影;神經系統,sources/115_2/0603_Q.pdf,6,6,keyword_candidates_require_tutor_review
115-2-0603-26,放射線診斷原理與技術學,,sources/115_2/0603_Q.pdf,6,6,keyword_candidates_require_tutor_review
115-2-0603-27,放射線診斷原理與技術學,底片與影像接受器;對比劑與特殊攝影;泌尿與生殖系統,sources/115_2/0603_Q.pdf,6,6,keyword_candidates_require_tutor_review
115-2-0603-28,放射線診斷原理與技術學,衰減與屏蔽,sources/115_2/0603_Q.pdf,6,6,keyword_candidates_require_tutor_review
115-2-0603-29,放射線診斷原理與技術學,CT原理與技術;神經系統;呼吸系統,sources/115_2/0603_Q.pdf,6,7,keyword_candidates_require_tutor_review
115-2-0603-30,放射線診斷原理與技術學,CT原理與技術;癌症與臨床放療;神經系統;呼吸系統,sources/115_2/0603_Q.pdf,7,7,keyword_candidates_require_tutor_review
115-2-0603-31,放射線診斷原理與技術學,衰減與屏蔽;CT原理與技術;對比劑與特殊攝影;神經系統,sources/115_2/0603_Q.pdf,7,7,keyword_candidates_require_tutor_review
115-2-0603-32,放射線診斷原理與技術學,輻射量與劑量學;CT原理與技術;神經系統,sources/115_2/0603_Q.pdf,7,7,keyword_candidates_require_tutor_review
115-2-0603-33,放射線診斷原理與技術學,CT原理與技術;底片與影像接受器;對比劑與特殊攝影;神經系統,sources/115_2/0603_Q.pdf,7,7,keyword_candidates_require_tutor_review
115-2-0603-34,放射線診斷原理與技術學,CT原理與技術;影像品質與數位影像,sources/115_2/0603_Q.pdf,7,7,keyword_candidates_require_tutor_review
115-2-0603-35,放射線診斷原理與技術學,CT原理與技術;底片與影像接受器;對比劑與特殊攝影;骨骼肌肉解剖與病理;神經系統,sources/115_2/0603_Q.pdf,7,8,keyword_candidates_require_tutor_review
115-2-0603-36,放射線診斷原理與技術學,CT原理與技術;神經系統,sources/115_2/0603_Q.pdf,8,8,keyword_candidates_require_tutor_review
115-2-0603-37,放射線診斷原理與技術學,衰減與屏蔽;CT原理與技術,sources/115_2/0603_Q.pdf,8,8,keyword_candidates_require_tutor_review
115-2-0603-38,放射線診斷原理與技術學,放射治療計畫與劑量,sources/115_2/0603_Q.pdf,8,9,keyword_candidates_require_tutor_review
115-2-0603-39,放射線診斷原理與技術學,CT原理與技術;影像品質與數位影像;神經系統,sources/115_2/0603_Q.pdf,9,9,keyword_candidates_require_tutor_review
115-2-0603-40,放射線診斷原理與技術學,對比劑與特殊攝影;神經系統,sources/115_2/0603_Q.pdf,9,9,keyword_candidates_require_tutor_review
115-2-0603-41,放射線診斷原理與技術學,骨骼肌肉解剖與病理,sources/115_2/0603_Q.pdf,9,10,keyword_candidates_require_tutor_review
115-2-0603-42,放射線診斷原理與技術學,骨骼肌肉解剖與病理,sources/115_2/0603_Q.pdf,10,10,keyword_candidates_require_tutor_review
115-2-0603-43,放射線診斷原理與技術學,MRI原理與技術;影像品質與數位影像,sources/115_2/0603_Q.pdf,10,10,keyword_candidates_require_tutor_review
115-2-0603-44,放射線診斷原理與技術學,,sources/115_2/0603_Q.pdf,10,10,keyword_candidates_require_tutor_review
115-2-0603-45,放射線診斷原理與技術學,MRI原理與技術,sources/115_2/0603_Q.pdf,10,11,keyword_candidates_require_tutor_review
115-2-0603-46,放射線診斷原理與技術學,超音波原理與技術;癌症與臨床放療;消化系統,sources/115_2/0603_Q.pdf,11,11,keyword_candidates_require_tutor_review
115-2-0603-47,放射線診斷原理與技術學,輻射量與劑量學;CT原理與技術;MRI原理與技術;神經系統,sources/115_2/0603_Q.pdf,11,11,keyword_candidates_require_tutor_review
115-2-0603-48,放射線診斷原理與技術學,MRI原理與技術,sources/115_2/0603_Q.pdf,11,11,keyword_candidates_require_tutor_review
115-2-0603-49,放射線診斷原理與技術學,MRI原理與技術,sources/115_2/0603_Q.pdf,11,12,keyword_candidates_require_tutor_review
115-2-0603-50,放射線診斷原理與技術學,攝影擺位與投照,sources/115_2/0603_Q.pdf,12,12,keyword_candidates_require_tutor_review
115-2-0603-51,放射線診斷原理與技術學,影像品質與數位影像,sources/115_2/0603_Q.pdf,12,12,keyword_candidates_require_tutor_review
115-2-0603-52,放射線診斷原理與技術學,MRI原理與技術;影像品質與數位影像,sources/115_2/0603_Q.pdf,12,12,keyword_candidates_require_tutor_review
115-2-0603-53,放射線診斷原理與技術學,MRI原理與技術;影像品質與數位影像,sources/115_2/0603_Q.pdf,12,12,keyword_candidates_require_tutor_review
115-2-0603-54,放射線診斷原理與技術學,MRI原理與技術;影像品質與數位影像,sources/115_2/0603_Q.pdf,12,12,keyword_candidates_require_tutor_review
115-2-0603-55,放射線診斷原理與技術學,MRI原理與技術,sources/115_2/0603_Q.pdf,12,13,keyword_candidates_require_tutor_review
115-2-0603-56,放射線診斷原理與技術學,MRI原理與技術;影像品質與數位影像;呼吸系統,sources/115_2/0603_Q.pdf,13,13,keyword_candidates_require_tutor_review
115-2-0603-57,放射線診斷原理與技術學,MRI原理與技術,sources/115_2/0603_Q.pdf,13,13,keyword_candidates_require_tutor_review
115-2-0603-58,放射線診斷原理與技術學,骨骼肌肉解剖與病理;神經系統,sources/115_2/0603_Q.pdf,13,13,keyword_candidates_require_tutor_review
115-2-0603-59,放射線診斷原理與技術學,MRI原理與技術;影像品質與數位影像,sources/115_2/0603_Q.pdf,13,13,keyword_candidates_require_tutor_review
115-2-0603-60,放射線診斷原理與技術學,MRI原理與技術;影像品質與數位影像;神經系統,sources/115_2/0603_Q.pdf,13,15,keyword_candidates_require_tutor_review
115-2-0603-61,放射線診斷原理與技術學,攝影擺位與投照;神經系統,sources/115_2/0603_Q.pdf,15,15,keyword_candidates_require_tutor_review
115-2-0603-62,放射線診斷原理與技術學,MRI原理與技術,sources/115_2/0603_Q.pdf,15,15,keyword_candidates_require_tutor_review
115-2-0603-63,放射線診斷原理與技術學,超音波原理與技術;泌尿與生殖系統,sources/115_2/0603_Q.pdf,15,15,keyword_candidates_require_tutor_review
115-2-0603-64,放射線診斷原理與技術學,衰減與屏蔽;超音波原理與技術;骨骼肌肉解剖與病理;內分泌與代謝,sources/115_2/0603_Q.pdf,15,16,keyword_candidates_require_tutor_review
115-2-0603-65,放射線診斷原理與技術學,超音波原理與技術;影像品質與數位影像;消化系統,sources/115_2/0603_Q.pdf,16,16,keyword_candidates_require_tutor_review
115-2-0603-66,放射線診斷原理與技術學,超音波原理與技術,sources/115_2/0603_Q.pdf,16,16,keyword_candidates_require_tutor_review
115-2-0603-67,放射線診斷原理與技術學,超音波原理與技術,sources/115_2/0603_Q.pdf,16,17,keyword_candidates_require_tutor_review
115-2-0603-68,放射線診斷原理與技術學,超音波原理與技術;癌症與臨床放療;骨骼肌肉解剖與病理,sources/115_2/0603_Q.pdf,17,17,keyword_candidates_require_tutor_review
115-2-0603-69,放射線診斷原理與技術學,超音波原理與技術;癌症與臨床放療;消化系統;內分泌與代謝,sources/115_2/0603_Q.pdf,17,18,keyword_candidates_require_tutor_review
115-2-0603-70,放射線診斷原理與技術學,泌尿與生殖系統,sources/115_2/0603_Q.pdf,18,18,keyword_candidates_require_tutor_review
115-2-0603-71,放射線診斷原理與技術學,超音波原理與技術;泌尿與生殖系統;內分泌與代謝,sources/115_2/0603_Q.pdf,18,19,keyword_candidates_require_tutor_review
115-2-0603-72,放射線診斷原理與技術學,超音波原理與技術;心血管系統,sources/115_2/0603_Q.pdf,19,19,keyword_candidates_require_tutor_review
115-2-0603-73,放射線診斷原理與技術學,放射藥物與核種製備;對比劑與特殊攝影,sources/115_2/0603_Q.pdf,19,20,keyword_candidates_require_tutor_review
115-2-0603-74,放射線診斷原理與技術學,放療設備與品保,sources/115_2/0603_Q.pdf,20,20,keyword_candidates_require_tutor_review
115-2-0603-75,放射線診斷原理與技術學,,sources/115_2/0603_Q.pdf,20,20,keyword_candidates_require_tutor_review
115-2-0603-76,放射線診斷原理與技術學,輻射量與劑量學;影像品質與數位影像;底片與影像接受器,sources/115_2/0603_Q.pdf,20,20,keyword_candidates_require_tutor_review
115-2-0603-77,放射線診斷原理與技術學,影像品質與數位影像,sources/115_2/0603_Q.pdf,20,20,keyword_candidates_require_tutor_review
115-2-0603-78,放射線診斷原理與技術學,影像品質與數位影像,sources/115_2/0603_Q.pdf,20,20,keyword_candidates_require_tutor_review
115-2-0603-79,放射線診斷原理與技術學,,sources/115_2/0603_Q.pdf,20,21,keyword_candidates_require_tutor_review
115-2-0603-80,放射線診斷原理與技術學,放射治療計畫與劑量,sources/115_2/0603_Q.pdf,21,21,keyword_candidates_require_tutor_review
115-2-0604-01,放射線治療原理與技術學,,sources/115_2/0604_Q.pdf,1,1,keyword_candidates_require_tutor_review
115-2-0604-02,放射線治療原理與技術學,放射生物學,sources/115_2/0604_Q.pdf,1,1,keyword_candidates_require_tutor_review
115-2-0604-03,放射線治療原理與技術學,輻射量與劑量學;骨骼肌肉解剖與病理,sources/115_2/0604_Q.pdf,1,1,keyword_candidates_require_tutor_review
115-2-0604-04,放射線治療原理與技術學,放射生物學,sources/115_2/0604_Q.pdf,1,1,keyword_candidates_require_tutor_review
115-2-0604-05,放射線治療原理與技術學,癌症與臨床放療,sources/115_2/0604_Q.pdf,1,2,keyword_candidates_require_tutor_review
115-2-0604-06,放射線治療原理與技術學,,sources/115_2/0604_Q.pdf,2,2,keyword_candidates_require_tutor_review
115-2-0604-07,放射線治療原理與技術學,放射生物學;癌症與臨床放療,sources/115_2/0604_Q.pdf,2,2,keyword_candidates_require_tutor_review
115-2-0604-08,放射線治療原理與技術學,癌症與臨床放療;骨骼肌肉解剖與病理;血液免疫與一般病理,sources/115_2/0604_Q.pdf,2,2,keyword_candidates_require_tutor_review
115-2-0604-09,放射線治療原理與技術學,癌症與臨床放療;神經系統;泌尿與生殖系統,sources/115_2/0604_Q.pdf,2,2,keyword_candidates_require_tutor_review
115-2-0604-10,放射線治療原理與技術學,放射治療計畫與劑量,sources/115_2/0604_Q.pdf,2,2,keyword_candidates_require_tutor_review
115-2-0604-11,放射線治療原理與技術學,放射治療計畫與劑量,sources/115_2/0604_Q.pdf,2,3,keyword_candidates_require_tutor_review
115-2-0604-12,放射線治療原理與技術學,放射治療計畫與劑量;放療設備與品保,sources/115_2/0604_Q.pdf,3,3,keyword_candidates_require_tutor_review
115-2-0604-13,放射線治療原理與技術學,癌症與臨床放療;神經系統;呼吸系統;消化系統;泌尿與生殖系統;血液免疫與一般病理,sources/115_2/0604_Q.pdf,3,3,keyword_candidates_require_tutor_review
115-2-0604-14,放射線治療原理與技術學,放射治療計畫與劑量;癌症與臨床放療;泌尿與生殖系統,sources/115_2/0604_Q.pdf,3,3,keyword_candidates_require_tutor_review
115-2-0604-15,放射線治療原理與技術學,超音波原理與技術;癌症與臨床放療;神經系統;泌尿與生殖系統,sources/115_2/0604_Q.pdf,3,3,keyword_candidates_require_tutor_review
115-2-0604-16,放射線治療原理與技術學,輻射防護與法規;CT原理與技術;放療設備與品保;神經系統,sources/115_2/0604_Q.pdf,3,4,keyword_candidates_require_tutor_review
115-2-0604-17,放射線治療原理與技術學,,sources/115_2/0604_Q.pdf,4,4,keyword_candidates_require_tutor_review
115-2-0604-18,放射線治療原理與技術學,,sources/115_2/0604_Q.pdf,4,4,keyword_candidates_require_tutor_review
115-2-0604-19,放射線治療原理與技術學,放射生物學;血液免疫與一般病理,sources/115_2/0604_Q.pdf,4,4,keyword_candidates_require_tutor_review
115-2-0604-20,放射線治療原理與技術學,放射生物學;MRI原理與技術,sources/115_2/0604_Q.pdf,4,4,keyword_candidates_require_tutor_review
115-2-0604-21,放射線治療原理與技術學,放射生物學,sources/115_2/0604_Q.pdf,4,4,keyword_candidates_require_tutor_review
115-2-0604-22,放射線治療原理與技術學,放射治療計畫與劑量,sources/115_2/0604_Q.pdf,4,5,keyword_candidates_require_tutor_review
115-2-0604-23,放射線治療原理與技術學,放射治療計畫與劑量,sources/115_2/0604_Q.pdf,5,5,keyword_candidates_require_tutor_review
115-2-0604-24,放射線治療原理與技術學,放射治療計畫與劑量,sources/115_2/0604_Q.pdf,5,5,keyword_candidates_require_tutor_review
115-2-0604-25,放射線治療原理與技術學,放射治療計畫與劑量;放療設備與品保,sources/115_2/0604_Q.pdf,5,5,keyword_candidates_require_tutor_review
115-2-0604-26,放射線治療原理與技術學,放射治療計畫與劑量,sources/115_2/0604_Q.pdf,5,5,keyword_candidates_require_tutor_review
115-2-0604-27,放射線治療原理與技術學,放射治療計畫與劑量,sources/115_2/0604_Q.pdf,5,5,keyword_candidates_require_tutor_review
115-2-0604-28,放射線治療原理與技術學,放射治療計畫與劑量,sources/115_2/0604_Q.pdf,6,6,keyword_candidates_require_tutor_review
115-2-0604-29,放射線治療原理與技術學,X光產生與能譜;放射治療計畫與劑量,sources/115_2/0604_Q.pdf,6,6,keyword_candidates_require_tutor_review
115-2-0604-30,放射線治療原理與技術學,放射治療計畫與劑量,sources/115_2/0604_Q.pdf,6,6,keyword_candidates_require_tutor_review
115-2-0604-31,放射線治療原理與技術學,,sources/115_2/0604_Q.pdf,6,6,keyword_candidates_require_tutor_review
115-2-0604-32,放射線治療原理與技術學,核醫PET;癌症與臨床放療;攝影擺位與投照;骨骼肌肉解剖與病理,sources/115_2/0604_Q.pdf,6,6,keyword_candidates_require_tutor_review
115-2-0604-33,放射線治療原理與技術學,放射治療計畫與劑量;癌症與臨床放療,sources/115_2/0604_Q.pdf,6,7,keyword_candidates_require_tutor_review
115-2-0604-34,放射線治療原理與技術學,衰減與屏蔽;放射治療計畫與劑量;攝影擺位與投照;神經系統;呼吸系統,sources/115_2/0604_Q.pdf,7,7,keyword_candidates_require_tutor_review
115-2-0604-35,放射線治療原理與技術學,放射治療計畫與劑量,sources/115_2/0604_Q.pdf,7,7,keyword_candidates_require_tutor_review
115-2-0604-36,放射線治療原理與技術學,放射治療計畫與劑量;近接與特殊放療,sources/115_2/0604_Q.pdf,7,8,keyword_candidates_require_tutor_review
115-2-0604-37,放射線治療原理與技術學,攝影擺位與投照,sources/115_2/0604_Q.pdf,8,8,keyword_candidates_require_tutor_review
115-2-0604-38,放射線治療原理與技術學,衰減與屏蔽;放射治療計畫與劑量,sources/115_2/0604_Q.pdf,8,8,keyword_candidates_require_tutor_review
115-2-0604-39,放射線治療原理與技術學,超音波原理與技術;癌症與臨床放療;呼吸系統;泌尿與生殖系統,sources/115_2/0604_Q.pdf,8,8,keyword_candidates_require_tutor_review
115-2-0604-40,放射線治療原理與技術學,輻射量與劑量學;放射治療計畫與劑量;癌症與臨床放療,sources/115_2/0604_Q.pdf,8,8,keyword_candidates_require_tutor_review
115-2-0604-41,放射線治療原理與技術學,半衰期與活度;近接與特殊放療,sources/115_2/0604_Q.pdf,8,9,keyword_candidates_require_tutor_review
115-2-0604-42,放射線治療原理與技術學,輻射量與劑量學;放射治療計畫與劑量;近接與特殊放療,sources/115_2/0604_Q.pdf,9,9,keyword_candidates_require_tutor_review
115-2-0604-43,放射線治療原理與技術學,半衰期與活度;衰減與屏蔽;近接與特殊放療,sources/115_2/0604_Q.pdf,9,9,keyword_candidates_require_tutor_review
115-2-0604-44,放射線治療原理與技術學,影像品質與數位影像;放射治療計畫與劑量;近接與特殊放療,sources/115_2/0604_Q.pdf,9,9,keyword_candidates_require_tutor_review
115-2-0604-45,放射線治療原理與技術學,半衰期與活度,sources/115_2/0604_Q.pdf,9,9,keyword_candidates_require_tutor_review
115-2-0604-46,放射線治療原理與技術學,核衰變與核種平衡;半衰期與活度;輻射量與劑量學;泌尿與生殖系統,sources/115_2/0604_Q.pdf,9,9,keyword_candidates_require_tutor_review
115-2-0604-47,放射線治療原理與技術學,核衰變與核種平衡;輻射量與劑量學;超音波原理與技術;近接與特殊放療;癌症與臨床放療;泌尿與生殖系統,sources/115_2/0604_Q.pdf,9,10,keyword_candidates_require_tutor_review
115-2-0604-48,放射線治療原理與技術學,放射治療計畫與劑量;近接與特殊放療,sources/115_2/0604_Q.pdf,10,10,keyword_candidates_require_tutor_review
115-2-0604-49,放射線治療原理與技術學,癌症與臨床放療;神經系統;內分泌與代謝,sources/115_2/0604_Q.pdf,10,10,keyword_candidates_require_tutor_review
115-2-0604-50,放射線治療原理與技術學,輻射量與劑量學;底片與影像接受器,sources/115_2/0604_Q.pdf,10,10,keyword_candidates_require_tutor_review
115-2-0604-51,放射線治療原理與技術學,輻射量與劑量學;呼吸系統,sources/115_2/0604_Q.pdf,10,10,keyword_candidates_require_tutor_review
115-2-0604-52,放射線治療原理與技術學,CT原理與技術;MRI原理與技術;核醫PET;放射治療計畫與劑量;近接與特殊放療;癌症與臨床放療;泌尿與生殖系統,sources/115_2/0604_Q.pdf,10,11,keyword_candidates_require_tutor_review
115-2-0604-53,放射線治療原理與技術學,放射生物學;癌症與臨床放療,sources/115_2/0604_Q.pdf,11,11,keyword_candidates_require_tutor_review
115-2-0604-54,放射線治療原理與技術學,消化系統,sources/115_2/0604_Q.pdf,11,11,keyword_candidates_require_tutor_review
115-2-0604-55,放射線治療原理與技術學,呼吸系統;消化系統,sources/115_2/0604_Q.pdf,11,11,keyword_candidates_require_tutor_review
115-2-0604-56,放射線治療原理與技術學,輻射量與劑量學;放射治療計畫與劑量;癌症與臨床放療;攝影擺位與投照;心血管系統;呼吸系統,sources/115_2/0604_Q.pdf,11,11,keyword_candidates_require_tutor_review
115-2-0604-57,放射線治療原理與技術學,CT原理與技術;放射治療計畫與劑量;神經系統,sources/115_2/0604_Q.pdf,11,11,keyword_candidates_require_tutor_review
115-2-0604-58,放射線治療原理與技術學,放射治療計畫與劑量,sources/115_2/0604_Q.pdf,11,12,keyword_candidates_require_tutor_review
115-2-0604-59,放射線治療原理與技術學,超音波原理與技術,sources/115_2/0604_Q.pdf,12,12,keyword_candidates_require_tutor_review
115-2-0604-60,放射線治療原理與技術學,輻射量與劑量學;偵檢器與計數統計;放射治療計畫與劑量,sources/115_2/0604_Q.pdf,12,12,keyword_candidates_require_tutor_review
115-2-0604-61,放射線治療原理與技術學,近接與特殊放療;癌症與臨床放療,sources/115_2/0604_Q.pdf,12,12,keyword_candidates_require_tutor_review
115-2-0604-62,放射線治療原理與技術學,MRI原理與技術;癌症與臨床放療,sources/115_2/0604_Q.pdf,12,12,keyword_candidates_require_tutor_review
115-2-0604-63,放射線治療原理與技術學,,sources/115_2/0604_Q.pdf,12,12,keyword_candidates_require_tutor_review
115-2-0604-64,放射線治療原理與技術學,CT原理與技術;神經系統,sources/115_2/0604_Q.pdf,12,13,keyword_candidates_require_tutor_review
115-2-0604-65,放射線治療原理與技術學,輻射量與劑量學;癌症與臨床放療,sources/115_2/0604_Q.pdf,13,13,keyword_candidates_require_tutor_review
115-2-0604-66,放射線治療原理與技術學,放射治療計畫與劑量,sources/115_2/0604_Q.pdf,13,13,keyword_candidates_require_tutor_review
115-2-0604-67,放射線治療原理與技術學,輻射量與劑量學;CT原理與技術;放射治療計畫與劑量;神經系統,sources/115_2/0604_Q.pdf,13,13,keyword_candidates_require_tutor_review
115-2-0604-68,放射線治療原理與技術學,CT原理與技術;底片與影像接受器;骨骼肌肉解剖與病理;神經系統,sources/115_2/0604_Q.pdf,13,13,keyword_candidates_require_tutor_review
115-2-0604-69,放射線治療原理與技術學,CT原理與技術;神經系統,sources/115_2/0604_Q.pdf,13,13,keyword_candidates_require_tutor_review
115-2-0604-70,放射線治療原理與技術學,輻射量與劑量學;放療設備與品保,sources/115_2/0604_Q.pdf,13,14,keyword_candidates_require_tutor_review
115-2-0604-71,放射線治療原理與技術學,輻射防護與法規,sources/115_2/0604_Q.pdf,14,14,keyword_candidates_require_tutor_review
115-2-0604-72,放射線治療原理與技術學,輻射量與劑量學;放療設備與品保;近接與特殊放療,sources/115_2/0604_Q.pdf,14,14,keyword_candidates_require_tutor_review
115-2-0604-73,放射線治療原理與技術學,輻射量與劑量學;放療設備與品保;近接與特殊放療,sources/115_2/0604_Q.pdf,14,14,keyword_candidates_require_tutor_review
115-2-0604-74,放射線治療原理與技術學,半衰期與活度;近接與特殊放療,sources/115_2/0604_Q.pdf,14,14,keyword_candidates_require_tutor_review
115-2-0604-75,放射線治療原理與技術學,輻射量與劑量學;核醫SPECT與加馬攝影機;放療設備與品保,sources/115_2/0604_Q.pdf,14,15,keyword_candidates_require_tutor_review
115-2-0604-76,放射線治療原理與技術學,輻射量與劑量學;輻射防護與法規;CT原理與技術;放療設備與品保;神經系統,sources/115_2/0604_Q.pdf,15,15,keyword_candidates_require_tutor_review
115-2-0604-77,放射線治療原理與技術學,輻射量與劑量學;輻射防護與法規;核醫SPECT與加馬攝影機;放療設備與品保,sources/115_2/0604_Q.pdf,15,15,keyword_candidates_require_tutor_review
115-2-0604-78,放射線治療原理與技術學,輻射量與劑量學;放射治療計畫與劑量;放療設備與品保;攝影擺位與投照,sources/115_2/0604_Q.pdf,15,15,keyword_candidates_require_tutor_review
115-2-0604-79,放射線治療原理與技術學,輻射量與劑量學;放療設備與品保,sources/115_2/0604_Q.pdf,15,15,keyword_candidates_require_tutor_review
115-2-0604-80,放射線治療原理與技術學,輻射量與劑量學;CT原理與技術;放射治療計畫與劑量;放療設備與品保;神經系統,sources/115_2/0604_Q.pdf,15,15,keyword_candidates_require_tutor_review
115-2-0605-01,核子醫學診療原理與技術學,核醫PET;神經系統;心血管系統,sources/115_2/0605_Q.pdf,1,1,keyword_candidates_require_tutor_review
115-2-0605-02,核子醫學診療原理與技術學,半衰期與活度;MRI原理與技術,sources/115_2/0605_Q.pdf,1,1,keyword_candidates_require_tutor_review
115-2-0605-03,核子醫學診療原理與技術學,,sources/115_2/0605_Q.pdf,1,1,keyword_candidates_require_tutor_review
115-2-0605-04,核子醫學診療原理與技術學,核衰變與核種平衡,sources/115_2/0605_Q.pdf,1,1,keyword_candidates_require_tutor_review
115-2-0605-05,核子醫學診療原理與技術學,MRI原理與技術;癌症與臨床放療;泌尿與生殖系統,sources/115_2/0605_Q.pdf,1,2,keyword_candidates_require_tutor_review
115-2-0605-06,核子醫學診療原理與技術學,MRI原理與技術;核醫PET;癌症與臨床放療;攝影擺位與投照,sources/115_2/0605_Q.pdf,2,2,keyword_candidates_require_tutor_review
115-2-0605-07,核子醫學診療原理與技術學,攝影擺位與投照,sources/115_2/0605_Q.pdf,2,2,keyword_candidates_require_tutor_review
115-2-0605-08,核子醫學診療原理與技術學,MRI原理與技術;放射藥物與核種製備;核醫器官檢查;癌症與臨床放療;心血管系統;內分泌與代謝,sources/115_2/0605_Q.pdf,2,2,keyword_candidates_require_tutor_review
115-2-0605-09,核子醫學診療原理與技術學,半衰期與活度;偵檢器與計數統計;放射藥物與核種製備;骨骼肌肉解剖與病理,sources/115_2/0605_Q.pdf,2,2,keyword_candidates_require_tutor_review
115-2-0605-10,核子醫學診療原理與技術學,核醫PET;癌症與臨床放療;神經系統;血液免疫與一般病理,sources/115_2/0605_Q.pdf,2,2,keyword_candidates_require_tutor_review
115-2-0605-11,核子醫學診療原理與技術學,放射藥物與核種製備;泌尿與生殖系統;內分泌與代謝;血液免疫與一般病理,sources/115_2/0605_Q.pdf,2,3,keyword_candidates_require_tutor_review
115-2-0605-12,核子醫學診療原理與技術學,影像品質與數位影像;放射藥物與核種製備;呼吸系統;血液免疫與一般病理,sources/115_2/0605_Q.pdf,3,3,keyword_candidates_require_tutor_review
115-2-0605-13,核子醫學診療原理與技術學,半衰期與活度;癌症與臨床放療,sources/115_2/0605_Q.pdf,3,3,keyword_candidates_require_tutor_review
115-2-0605-14,核子醫學診療原理與技術學,神經系統,sources/115_2/0605_Q.pdf,3,3,keyword_candidates_require_tutor_review
115-2-0605-15,核子醫學診療原理與技術學,MRI原理與技術;放射藥物與核種製備;呼吸系統,sources/115_2/0605_Q.pdf,3,3,keyword_candidates_require_tutor_review
115-2-0605-16,核子醫學診療原理與技術學,偵檢器與計數統計;MRI原理與技術;放射藥物與核種製備;癌症與臨床放療,sources/115_2/0605_Q.pdf,3,4,keyword_candidates_require_tutor_review
115-2-0605-17,核子醫學診療原理與技術學,核醫PET;神經系統,sources/115_2/0605_Q.pdf,4,4,keyword_candidates_require_tutor_review
115-2-0605-18,核子醫學診療原理與技術學,核衰變與核種平衡;半衰期與活度;核醫PET;放射藥物與核種製備;核醫器官檢查;心血管系統,sources/115_2/0605_Q.pdf,4,4,keyword_candidates_require_tutor_review
115-2-0605-19,核子醫學診療原理與技術學,MRI原理與技術;影像品質與數位影像;核醫PET,sources/115_2/0605_Q.pdf,4,4,keyword_candidates_require_tutor_review
115-2-0605-20,核子醫學診療原理與技術學,影像品質與數位影像;核醫SPECT與加馬攝影機;放射藥物與核種製備;放射治療計畫與劑量;神經系統,sources/115_2/0605_Q.pdf,4,4,keyword_candidates_require_tutor_review
115-2-0605-21,核子醫學診療原理與技術學,放射藥物與核種製備;神經系統,sources/115_2/0605_Q.pdf,4,4,keyword_candidates_require_tutor_review
115-2-0605-22,核子醫學診療原理與技術學,偵檢器與計數統計;MRI原理與技術;放射藥物與核種製備;神經系統,sources/115_2/0605_Q.pdf,4,5,keyword_candidates_require_tutor_review
115-2-0605-23,核子醫學診療原理與技術學,攝影擺位與投照;神經系統,sources/115_2/0605_Q.pdf,5,5,keyword_candidates_require_tutor_review
115-2-0605-24,核子醫學診療原理與技術學,核醫PET;癌症與臨床放療;神經系統,sources/115_2/0605_Q.pdf,5,5,keyword_candidates_require_tutor_review
115-2-0605-25,核子醫學診療原理與技術學,核醫器官檢查;心血管系統;呼吸系統,sources/115_2/0605_Q.pdf,5,5,keyword_candidates_require_tutor_review
115-2-0605-26,核子醫學診療原理與技術學,核醫SPECT與加馬攝影機;放射藥物與核種製備;神經系統,sources/115_2/0605_Q.pdf,5,5,keyword_candidates_require_tutor_review
115-2-0605-27,核子醫學診療原理與技術學,核衰變與核種平衡;MRI原理與技術;核醫PET;癌症與臨床放療,sources/115_2/0605_Q.pdf,5,5,keyword_candidates_require_tutor_review
115-2-0605-28,核子醫學診療原理與技術學,偵檢器與計數統計;癌症與臨床放療;內分泌與代謝,sources/115_2/0605_Q.pdf,5,6,keyword_candidates_require_tutor_review
115-2-0605-29,核子醫學診療原理與技術學,癌症與臨床放療;骨骼肌肉解剖與病理,sources/115_2/0605_Q.pdf,6,6,keyword_candidates_require_tutor_review
115-2-0605-30,核子醫學診療原理與技術學,骨骼肌肉解剖與病理,sources/115_2/0605_Q.pdf,6,6,keyword_candidates_require_tutor_review
115-2-0605-31,核子醫學診療原理與技術學,CT原理與技術;核醫PET;癌症與臨床放療;骨骼肌肉解剖與病理;神經系統,sources/115_2/0605_Q.pdf,6,6,keyword_candidates_require_tutor_review
115-2-0605-32,核子醫學診療原理與技術學,核醫PET;癌症與臨床放療;內分泌與代謝,sources/115_2/0605_Q.pdf,6,6,keyword_candidates_require_tutor_review
115-2-0605-33,核子醫學診療原理與技術學,MRI原理與技術;核醫PET;癌症與臨床放療;血液免疫與一般病理,sources/115_2/0605_Q.pdf,6,7,keyword_candidates_require_tutor_review
115-2-0605-34,核子醫學診療原理與技術學,放射藥物與核種製備;攝影擺位與投照;骨骼肌肉解剖與病理,sources/115_2/0605_Q.pdf,7,7,keyword_candidates_require_tutor_review
115-2-0605-35,核子醫學診療原理與技術學,骨骼肌肉解剖與病理,sources/115_2/0605_Q.pdf,7,7,keyword_candidates_require_tutor_review
115-2-0605-36,核子醫學診療原理與技術學,放射藥物與核種製備;癌症與臨床放療;骨骼肌肉解剖與病理;泌尿與生殖系統,sources/115_2/0605_Q.pdf,7,7,keyword_candidates_require_tutor_review
115-2-0605-37,核子醫學診療原理與技術學,核醫器官檢查;內分泌與代謝,sources/115_2/0605_Q.pdf,7,7,keyword_candidates_require_tutor_review
115-2-0605-38,核子醫學診療原理與技術學,放射藥物與核種製備;內分泌與代謝,sources/115_2/0605_Q.pdf,7,8,keyword_candidates_require_tutor_review
115-2-0605-39,核子醫學診療原理與技術學,放射藥物與核種製備;核醫器官檢查;內分泌與代謝,sources/115_2/0605_Q.pdf,8,8,keyword_candidates_require_tutor_review
115-2-0605-40,核子醫學診療原理與技術學,半衰期與活度;放射藥物與核種製備;核醫器官檢查;對比劑與特殊攝影;消化系統;泌尿與生殖系統,sources/115_2/0605_Q.pdf,8,8,keyword_candidates_require_tutor_review
115-2-0605-41,核子醫學診療原理與技術學,偵檢器與計數統計;MRI原理與技術;核醫PET;放射藥物與核種製備;攝影擺位與投照;內分泌與代謝,sources/115_2/0605_Q.pdf,8,8,keyword_candidates_require_tutor_review
115-2-0605-42,核子醫學診療原理與技術學,偵檢器與計數統計;放射藥物與核種製備;內分泌與代謝,sources/115_2/0605_Q.pdf,8,8,keyword_candidates_require_tutor_review
115-2-0605-43,核子醫學診療原理與技術學,半衰期與活度;MRI原理與技術;超音波原理與技術;放射藥物與核種製備;攝影擺位與投照;泌尿與生殖系統,sources/115_2/0605_Q.pdf,8,8,keyword_candidates_require_tutor_review
115-2-0605-44,核子醫學診療原理與技術學,放射藥物與核種製備;泌尿與生殖系統,sources/115_2/0605_Q.pdf,8,9,keyword_candidates_require_tutor_review
115-2-0605-45,核子醫學診療原理與技術學,放射藥物與核種製備;泌尿與生殖系統,sources/115_2/0605_Q.pdf,9,9,keyword_candidates_require_tutor_review
115-2-0605-46,核子醫學診療原理與技術學,核醫器官檢查;內分泌與代謝,sources/115_2/0605_Q.pdf,9,9,keyword_candidates_require_tutor_review
115-2-0605-47,核子醫學診療原理與技術學,MRI原理與技術;放射藥物與核種製備;骨骼肌肉解剖與病理;泌尿與生殖系統;血液免疫與一般病理,sources/115_2/0605_Q.pdf,9,9,keyword_candidates_require_tutor_review
115-2-0605-48,核子醫學診療原理與技術學,放射藥物與核種製備,sources/115_2/0605_Q.pdf,9,10,keyword_candidates_require_tutor_review
115-2-0605-49,核子醫學診療原理與技術學,核醫器官檢查;呼吸系統,sources/115_2/0605_Q.pdf,10,10,keyword_candidates_require_tutor_review
115-2-0605-50,核子醫學診療原理與技術學,,sources/115_2/0605_Q.pdf,10,10,keyword_candidates_require_tutor_review
115-2-0605-51,核子醫學診療原理與技術學,,sources/115_2/0605_Q.pdf,10,10,keyword_candidates_require_tutor_review
115-2-0605-52,核子醫學診療原理與技術學,偵檢器與計數統計;癌症與臨床放療;對比劑與特殊攝影,sources/115_2/0605_Q.pdf,10,10,keyword_candidates_require_tutor_review
115-2-0605-53,核子醫學診療原理與技術學,放射藥物與核種製備;癌症與臨床放療;神經系統;泌尿與生殖系統;內分泌與代謝,sources/115_2/0605_Q.pdf,10,10,keyword_candidates_require_tutor_review
115-2-0605-54,核子醫學診療原理與技術學,放射藥物與核種製備;消化系統;泌尿與生殖系統;血液免疫與一般病理,sources/115_2/0605_Q.pdf,10,11,keyword_candidates_require_tutor_review
115-2-0605-55,核子醫學診療原理與技術學,偵檢器與計數統計;放療設備與品保;血液免疫與一般病理,sources/115_2/0605_Q.pdf,11,11,keyword_candidates_require_tutor_review
115-2-0605-56,核子醫學診療原理與技術學,血液免疫與一般病理,sources/115_2/0605_Q.pdf,11,11,keyword_candidates_require_tutor_review
115-2-0605-57,核子醫學診療原理與技術學,MRI原理與技術;血液免疫與一般病理,sources/115_2/0605_Q.pdf,11,11,keyword_candidates_require_tutor_review
115-2-0605-58,核子醫學診療原理與技術學,攝影擺位與投照,sources/115_2/0605_Q.pdf,11,11,keyword_candidates_require_tutor_review
115-2-0605-59,核子醫學診療原理與技術學,消化系統;內分泌與代謝,sources/115_2/0605_Q.pdf,11,11,keyword_candidates_require_tutor_review
115-2-0605-60,核子醫學診療原理與技術學,偵檢器與計數統計;放射藥物與核種製備;癌症與臨床放療;內分泌與代謝,sources/115_2/0605_Q.pdf,11,12,keyword_candidates_require_tutor_review
115-2-0605-61,核子醫學診療原理與技術學,癌症與臨床放療;神經系統;呼吸系統;內分泌與代謝,sources/115_2/0605_Q.pdf,12,12,keyword_candidates_require_tutor_review
115-2-0605-62,核子醫學診療原理與技術學,輻射防護與法規;核醫PET,sources/115_2/0605_Q.pdf,12,12,keyword_candidates_require_tutor_review
115-2-0605-63,核子醫學診療原理與技術學,半衰期與活度;MRI原理與技術,sources/115_2/0605_Q.pdf,12,12,keyword_candidates_require_tutor_review
115-2-0605-64,核子醫學診療原理與技術學,半衰期與活度;偵檢器與計數統計;MRI原理與技術,sources/115_2/0605_Q.pdf,12,12,keyword_candidates_require_tutor_review
115-2-0605-65,核子醫學診療原理與技術學,癌症與臨床放療;骨骼肌肉解剖與病理,sources/115_2/0605_Q.pdf,12,12,keyword_candidates_require_tutor_review
115-2-0605-66,核子醫學診療原理與技術學,MRI原理與技術;癌症與臨床放療;骨骼肌肉解剖與病理,sources/115_2/0605_Q.pdf,12,13,keyword_candidates_require_tutor_review
115-2-0605-67,核子醫學診療原理與技術學,放射生物學;癌症與臨床放療,sources/115_2/0605_Q.pdf,13,13,keyword_candidates_require_tutor_review
115-2-0605-68,核子醫學診療原理與技術學,核衰變與核種平衡;偵檢器與計數統計,sources/115_2/0605_Q.pdf,13,13,keyword_candidates_require_tutor_review
115-2-0605-69,核子醫學診療原理與技術學,輻射量與劑量學;偵檢器與計數統計;影像品質與數位影像;核醫SPECT與加馬攝影機,sources/115_2/0605_Q.pdf,13,13,keyword_candidates_require_tutor_review
115-2-0605-70,核子醫學診療原理與技術學,影像品質與數位影像,sources/115_2/0605_Q.pdf,13,14,keyword_candidates_require_tutor_review
115-2-0605-71,核子醫學診療原理與技術學,影像品質與數位影像;核醫SPECT與加馬攝影機,sources/115_2/0605_Q.pdf,14,14,keyword_candidates_require_tutor_review
115-2-0605-72,核子醫學診療原理與技術學,核衰變與核種平衡;癌症與臨床放療,sources/115_2/0605_Q.pdf,14,14,keyword_candidates_require_tutor_review
115-2-0605-73,核子醫學診療原理與技術學,核衰變與核種平衡;半衰期與活度,sources/115_2/0605_Q.pdf,14,14,keyword_candidates_require_tutor_review
115-2-0605-74,核子醫學診療原理與技術學,,sources/115_2/0605_Q.pdf,14,15,keyword_candidates_require_tutor_review
115-2-0605-75,核子醫學診療原理與技術學,核衰變與核種平衡;光子與物質交互作用;輻射量與劑量學;核醫PET,sources/115_2/0605_Q.pdf,15,15,keyword_candidates_require_tutor_review
115-2-0605-76,核子醫學診療原理與技術學,心血管系統;消化系統;泌尿與生殖系統,sources/115_2/0605_Q.pdf,15,15,keyword_candidates_require_tutor_review
115-2-0605-77,核子醫學診療原理與技術學,X光產生與能譜;偵檢器與計數統計;放射藥物與核種製備,sources/115_2/0605_Q.pdf,15,15,keyword_candidates_require_tutor_review
115-2-0605-78,核子醫學診療原理與技術學,輻射量與劑量學;呼吸系統,sources/115_2/0605_Q.pdf,15,15,keyword_candidates_require_tutor_review
115-2-0605-79,核子醫學診療原理與技術學,半衰期與活度;偵檢器與計數統計,sources/115_2/0605_Q.pdf,15,15,keyword_candidates_require_tutor_review
115-2-0605-80,核子醫學診療原理與技術學,輻射量與劑量學,sources/115_2/0605_Q.pdf,15,16,keyword_candidates_require_tutor_review
